# run: drift5a_A2_ours_16k_align_2
# firmware: role=drifttest git=throwaway version=sketch board=damp (source: drifttest-sketch/)
# started: 2026-10-09T18:07:58+02:00
RAW_BEGIN id=10 sr=16000 rate=16000 align=1 dmacount=3 dmalen=128 label=A2_ours_16k_align_2
ms,pcm
0,62457
0,61750
0,62158
0,62796
0,62760
0,62080
0,62468
0,63523
0,62621
0,62601
0,63461
0,63266
0,63171
0,63463
0,63684
0,63536
1,63168
1,63423
1,62606
1,63406
1,63249
1,63306
1,62954
1,63219
1,62578
1,62772
1,62587
1,63028
1,62228
1,63547
1,62715
1,62930
2,62998
2,63186
2,63343
2,63185
2,62387
2,63579
2,62698
2,63191
2,63875
2,62937
2,63032
2,62844
2,63528
2,63375
2,64076
2,63833
3,64064
3,64190
3,63787
3,64180
3,63512
3,64303
3,64318
3,64734
3,64586
3,64679
3,64517
3,64915
3,64547
3,64487
3,65506
3,64975
4,64777
4,64639
4,65402
4,65466
4,65338
4,65494
4,65807
4,65518
4,66204
4,65772
4,66057
4,65632
4,65908
4,66659
4,66119
4,66076
5,65971
5,65930
5,65389
5,65517
5,65676
5,66301
5,65398
5,66597
5,66384
5,65856
5,66189
5,65270
5,66212
5,66708
5,66966
5,66514
6,65969
6,66894
6,66411
6,67065
6,66265
6,66631
6,66817
6,66211
6,66375
6,66838
6,66394
6,67101
6,66457
6,66766
6,67522
6,67210
7,67424
7,67230
7,67834
7,67246
7,67473
7,67183
7,68601
7,67800
7,68164
7,68268
7,67452
7,68257
7,67566
7,68073
7,68006
7,67440
8,68001
8,67823
8,68032
8,68131
8,68208
8,68948
8,69530
8,69118
8,68618
8,68559
8,68361
8,68561
8,69230
8,69258
8,68435
8,69183
9,69768
9,69186
9,69629
9,69536
9,69452
9,69690
9,70227
9,71310
9,71186
9,70055
9,70202
9,71599
9,70859
9,70811
9,71527
9,71762
10,71317
10,71170
10,70782
10,71099
10,70778
10,70928
10,70739
10,71408
10,71236
10,71354
10,71396
10,71691
10,71600
10,71146
10,72237
10,71128
11,71071
11,71575
11,71835
11,71394
11,71767
11,71589
11,71602
11,71319
11,71113
11,71081
11,71015
11,71044
11,70709
11,71311
11,71595
11,71543
12,71597
12,71143
12,71806
12,71848
12,71886
12,71681
12,71997
12,71609
12,71656
12,72025
12,72261
12,71593
12,72363
12,72966
12,72878
12,73373
13,72931
13,72598
13,72677
13,72501
13,73347
13,72196
13,72307
13,72908
13,72799
13,72910
13,73216
13,73215
13,73246
13,72540
13,72502
13,72563
14,72121
14,72284
14,72578
14,72950
14,72961
14,72163
14,72090
14,72500
14,72527
14,72677
14,72772
14,72393
14,72486
14,72259
14,72023
14,72555
15,72320
15,72782
15,71883
15,72304
15,72006
15,72370
15,72409
15,71808
15,72486
15,72477
15,72252
15,71978
15,72034
15,72815
15,72836
15,72670
16,72707
16,72685
16,71963
16,72289
16,72487
16,72518
16,72723
16,72041
16,72931
16,72676
16,72920
16,72856
16,72414
16,73955
16,73287
16,73537
17,73668
17,73900
17,72884
17,73882
17,73682
17,74041
17,73907
17,73747
17,73627
17,74342
17,74741
17,73978
17,74070
17,74190
17,74079
17,74370
18,74931
18,74892
18,75555
18,74751
18,74990
18,75370
18,74348
18,75367
18,75021
18,75133
18,75817
18,76324
18,75601
18,76043
18,76360
18,75663
19,75548
19,75671
19,76216
19,76171
19,76187
19,76593
19,75966
19,76319
19,76155
19,75773
19,75797
19,75892
19,75928
19,76026
19,76389
19,76754
20,76909
20,76953
20,76830
20,77374
20,76867
20,76426
20,77234
20,77491
20,77861
20,77543
20,78004
20,78228
20,78174
20,78147
20,78327
20,77585
21,78364
21,78839
21,77438
21,78447
21,78233
21,78562
21,79216
21,78430
21,78680
21,78975
21,78500
21,78755
21,78291
21,78285
21,79295
21,78552
22,78831
22,78126
22,78269
22,79410
22,78966
22,78466
22,78667
22,78396
22,79490
22,79172
22,78601
22,79271
22,79054
22,78287
22,78963
22,79900
23,79255
23,80056
23,79833
23,79742
23,79901
23,80896
23,79653
23,80459
23,80604
23,80346
23,80561
23,80744
23,80850
23,80284
23,80807
23,80047
24,80667
24,80923
24,80662
24,80626
24,81055
24,81483
24,81253
24,81432
24,82518
24,81756
24,81603
24,81593
24,82128
24,82567
24,82423
24,82022
25,82905
25,82237
25,81907
25,82652
25,83410
25,83306
25,82945
25,83208
25,83231
25,83289
25,83228
25,84441
25,84163
25,83810
25,84473
25,84193
26,83729
26,83954
26,85122
26,85535
26,85471
26,85918
26,86151
26,85239
26,86021
26,85384
26,85978
26,86616
26,85883
26,86680
26,86524
26,86388
27,86343
27,86961
27,86856
27,86898
27,87955
27,87756
27,88055
27,88700
27,88652
27,89736
27,88699
27,88298
27,89068
27,88439
27,89388
27,89572
28,90225
28,89998
28,89046
28,89313
28,89604
28,90146
28,90559
28,90020
28,89533
28,89997
28,90509
28,90186
28,90369
28,91617
28,91002
28,90512
29,90569
29,90906
29,90568
29,90633
29,91455
29,90172
29,91579
29,92087
29,91725
29,92258
29,92290
29,92260
29,91690
29,92856
29,93062
29,92874
30,92435
30,92371
30,93117
30,92419
30,93439
30,94072
30,93355
30,93582
30,93657
30,94149
30,93658
30,94826
30,93682
30,94897
30,95492
30,94387
31,94525
31,94465
31,95483
31,94890
31,95412
31,95381
31,95307
31,95703
31,95539
31,95704
31,95632
31,95752
31,96059
31,96184
31,95761
31,95303
32,95617
32,95530
32,95881
32,95838
32,95816
32,95600
32,96045
32,95589
32,95773
32,95976
32,95550
32,95072
32,95046
32,95934
32,96756
32,96079
33,96074
33,96345
33,96142
33,96937
33,96998
33,96159
33,96398
33,96690
33,96241
33,97197
33,96569
33,96311
33,96939
33,98042
33,97609
33,97503
34,97830
34,97468
34,97305
34,97783
34,97557
34,98273
34,98617
34,98148
34,97972
34,98887
34,99082
34,98911
34,98713
34,99226
34,99417
34,98899
35,98575
35,98649
35,98955
35,99064
35,99106
35,99359
35,98883
35,100036
35,99364
35,100420
35,99119
35,99382
35,99092
35,99691
35,99546
35,99265
36,99554
36,98981
36,98999
36,99461
36,99890
36,99391
36,99526
36,99964
36,99011
36,99774
36,99804
36,100555
36,100042
36,100141
36,100137
36,100332
37,100272
37,100117
37,101255
37,100453
37,100575
37,101154
37,100143
37,101575
37,101535
37,101615
37,102138
37,101646
37,102815
37,102308
37,102348
37,103544
38,103726
38,103592
38,103841
38,103485
38,103314
38,103419
38,103746
38,104556
38,104126
38,104557
38,104353
38,105517
38,105596
38,105029
38,105703
38,105962
39,105891
39,105275
39,104495
39,105712
39,105710
39,105397
39,105686
39,105986
39,105682
39,105126
39,106217
39,106764
39,106409
39,106591
39,107390
39,106884
40,106772
40,107375
40,106618
40,106754
40,106778
40,106943
40,107028
40,106833
40,106278
40,106498
40,106280
40,106849
40,107497
40,107019
40,107453
40,106798
41,107243
41,107895
41,106884
41,107219
41,108234
41,108057
41,107638
41,107472
41,107621
41,107482
41,107571
41,107282
41,107418
41,107663
41,108006
41,107661
42,107771
42,107206
42,107155
42,107492
42,107335
42,107099
42,106696
42,107100
42,107020
42,106958
42,107744
42,106785
42,107457
42,107356
42,107379
42,106905
43,107478
43,107289
43,106912
43,107502
43,108153
43,107738
43,107394
43,107905
43,107542
43,107692
43,108025
43,107625
43,107934
43,107524
43,107820
43,107626
44,108108
44,107941
44,108131
44,108211
44,108470
44,108039
44,108604
44,108283
44,107675
44,108084
44,108826
44,108567
44,108448
44,108697
44,108417
44,108277
45,107878
45,108177
45,109039
45,108897
45,108223
45,108180
45,108247
45,108337
45,107885
45,107191
45,107489
45,107570
45,107841
45,107421
45,108476
45,108089
46,107825
46,107496
46,108393
46,108083
46,108226
46,107771
46,107349
46,108131
46,107705
46,107267
46,108074
46,108518
46,107638
46,108383
46,108113
46,107916
47,107951
47,108251
47,108703
47,108438
47,107973
47,108536
47,107926
47,108278
47,108822
47,109039
47,108211
47,108783
47,108230
47,108196
47,108460
47,108214
48,108205
48,109029
48,109152
48,108137
48,109050
48,108858
48,108577
48,108147
48,107894
48,108139
48,107723
48,107627
48,107026
48,107291
48,106960
48,106987
49,106415
49,106804
49,106406
49,106659
49,105661
49,105811
49,105990
49,105425
49,105588
49,105313
49,104431
49,104736
49,105437
49,104514
49,104825
49,105069
50,104776
50,105115
50,105071
50,105100
50,105431
50,104946
50,104971
50,104709
50,104293
50,104526
50,103993
50,104132
50,104127
50,104134
50,104578
50,103642
51,104010
51,103980
51,104178
51,104449
51,105438
51,105149
51,103545
51,104307
51,103963
51,103560
51,103602
51,103544
51,103856
51,104058
51,103843
51,102986
52,102694
52,103740
52,103257
52,102258
52,103412
52,102815
52,102532
52,102814
52,102284
52,101853
52,101000
52,100836
52,100427
52,101160
52,100455
52,100271
53,100097
53,100548
53,100023
53,99891
53,100315
53,99627
53,99871
53,100532
53,99865
53,99969
53,99961
53,99970
53,99810
53,99759
53,99609
53,99432
54,98706
54,98627
54,98521
54,98901
54,98920
54,99195
54,98854
54,99371
54,99183
54,98522
54,98377
54,98343
54,98116
54,97565
54,97436
54,97997
55,97874
55,98032
55,98637
55,97744
55,97343
55,98607
55,97810
55,96413
55,97199
55,97101
55,97155
55,96852
55,97394
55,97037
55,96815
55,96707
56,96816
56,97090
56,96556
56,96472
56,96679
56,96568
56,96463
56,95872
56,95871
56,96195
56,96131
56,95719
56,95956
56,96626
56,96001
56,95011
57,95468
57,95730
57,95229
57,94794
57,95399
57,93986
57,94188
57,95196
57,94332
57,94792
57,94854
57,94421
57,94326
57,94128
57,93478
57,94391
58,93723
58,92899
58,92786
58,93361
58,93221
58,93340
58,93654
58,93287
58,93101
58,92905
58,93059
58,92772
58,92808
58,93098
58,92447
58,92617
59,92168
59,91724
59,91747
59,91899
59,91828
59,91712
59,91898
59,91791
59,91283
59,91748
59,92146
59,91401
59,91412
59,91410
59,92158
59,91411
60,90910
60,90714
60,91365
60,91279
60,90939
60,90679
60,90501
60,90975
60,91394
60,91603
60,90943
60,90668
60,90484
60,90788
60,90832
60,89872
61,90474
61,89508
61,90451
61,89707
61,90039
61,90404
61,90386
61,89564
61,89540
61,90512
61,90080
61,89404
61,89946
61,89440
61,89213
61,89085
62,88786
62,88590
62,89495
62,88464
62,88932
62,88628
62,88653
62,88846
62,88675
62,88589
62,87715
62,87738
62,87892
62,88254
62,87823
62,88530
63,87420
63,87042
63,87380
63,86900
63,87121
63,87239
63,86668
63,86573
63,86032
63,86489
63,86042
63,85973
63,85846
63,85844
63,86341
63,85192
64,85366
64,85809
64,85285
64,85202
64,84990
64,84877
64,84472
64,84707
64,84696
64,84823
64,84541
64,84954
64,84203
64,84922
64,83944
64,84256
65,84232
65,84740
65,83809
65,83655
65,83818
65,83376
65,84145
65,83190
65,83268
65,82791
65,82786
65,83111
65,82323
65,82854
65,83163
65,82139
66,81687
66,82006
66,82503
66,81925
66,82286
66,81833
66,80789
66,80879
66,80595
66,79856
66,80055
66,80542
66,79554
66,80531
66,79711
66,79902
67,80264
67,80109
67,79584
67,79821
67,79422
67,78970
67,79419
67,79917
67,79444
67,79741
67,79538
67,78795
67,78966
67,78575
67,78985
67,79365
68,79136
68,78898
68,78706
68,78720
68,78617
68,78405
68,78511
68,78401
68,77836
68,78161
68,77910
68,78004
68,78458
68,78095
68,77206
68,77149
69,77001
69,76407
69,77075
69,76470
69,76772
69,76616
69,76546
69,76682
69,76759
69,76096
69,75519
69,75422
69,75216
69,75865
69,75178
69,75585
70,75955
70,75837
70,75432
70,75313
70,75161
70,74548
70,74746
70,74599
70,74650
70,74210
70,74320
70,74676
70,74774
70,74980
70,74282
70,74436
71,74754
71,75067
71,74499
71,74504
71,74729
71,74472
71,74789
71,74444
71,74286
71,74041
71,74018
71,73531
71,73998
71,74447
71,74273
71,74382
72,73985
72,73752
72,74253
72,73873
72,74188
72,73527
72,73292
72,73646
72,74286
72,74047
72,73917
72,73953
72,73601
72,73551
72,73891
72,73598
73,73828
73,74019
73,74191
73,73969
73,74279
73,74804
73,74233
73,74241
73,74656
73,74155
73,74043
73,73765
73,74777
73,74212
73,74040
73,74736
74,74397
74,74587
74,75028
74,75307
74,75325
74,75543
74,75607
74,75168
74,75481
74,75433
74,75318
74,75774
74,75141
74,75747
74,75531
74,76900
75,76488
75,75940
75,75787
75,75416
75,75856
75,75259
75,75881
75,75847
75,75446
75,75983
75,76328
75,75903
75,76304
75,76876
75,76115
75,76325
76,75671
76,75839
76,75288
76,75828
76,76044
76,77110
76,76489
76,76401
76,76155
76,76510
76,75006
76,76169
76,77004
76,76153
76,76511
76,76421
77,76063
77,76487
77,76404
77,76336
77,76337
77,76651
77,76477
77,76738
77,76675
77,75958
77,77334
77,76501
77,77202
77,76152
77,76902
77,77544
78,76240
78,77023
78,77000
78,76480
78,76637
78,77432
78,77060
78,76808
78,77624
78,77574
78,77282
78,76978
78,77402
78,77501
78,77233
78,77548
79,77757
79,77978
79,77360
79,77399
79,78044
79,78140
79,78404
79,77956
79,78575
79,79101
79,78949
79,79020
79,79181
79,78831
79,78648
79,78584
80,78872
80,79058
80,78549
80,78542
80,79043
80,78290
80,78115
80,78058
80,78315
80,79107
80,78633
80,79409
80,79029
80,79395
80,79510
80,79050
81,79389
81,79674
81,79503
81,79655
81,79749
81,79558
81,79517
81,79346
81,79512
81,79656
81,79300
81,79966
81,79391
81,80147
81,79863
81,79746
82,79540
82,80163
82,80254
82,80286
82,80932
82,80744
82,80578
82,80714
82,80556
82,80811
82,80754
82,79932
82,79958
82,80247
82,80378
82,80424
83,79811
83,79887
83,80470
83,80349
83,79977
83,79862
83,80946
83,81054
83,80660
83,81032
83,80300
83,80771
83,80380
83,80416
83,81434
83,80732
84,80697
84,81247
84,80774
84,80402
84,80671
84,81415
84,81192
84,80955
84,80797
84,80576
84,80955
84,81228
84,81696
84,81304
84,81506
84,81311
85,80922
85,80960
85,81335
85,80543
85,82054
85,82048
85,81137
85,81632
85,81360
85,80979
85,81349
85,81556
85,82287
85,82201
85,81955
85,82723
86,82030
86,81712
86,82042
86,82342
86,81969
86,82944
86,81985
86,83040
86,82899
86,82434
86,82524
86,82795
86,83534
86,83091
86,82735
86,83157
87,83298
87,83718
87,84184
87,84058
87,84911
87,85177
87,84946
87,85194
87,85589
87,85658
87,85229
87,85865
87,86263
87,86013
87,85799
87,85225
88,85346
88,86057
88,86567
88,85421
88,85883
88,86732
88,86506
88,86364
88,86838
88,86788
88,87407
88,87285
88,87296
88,87956
88,87036
88,87517
89,88056
89,87719
89,88104
89,88272
89,87993
89,87092
89,87759
89,86981
89,87335
89,87495
89,87415
89,87992
89,87870
89,87816
89,88060
89,88073
90,88332
90,88371
90,88369
90,88480
90,88180
90,87938
90,89203
90,87710
90,88035
90,89084
90,88122
90,87933
90,87369
90,88120
90,88562
90,87101
91,87910
91,87646
91,87944
91,87195
91,88144
91,88997
91,87959
91,88161
91,88020
91,88526
91,88432
91,88247
91,88909
91,88569
91,88393
91,89359
92,88863
92,88789
92,88638
92,88682
92,88825
92,87578
92,88261
92,89311
92,88369
92,88888
92,88842
92,89815
92,89360
92,89225
92,89180
92,89529
93,89665
93,89448
93,90009
93,89719
93,90526
93,90152
93,89490
93,90076
93,89802
93,90723
93,89546
93,89615
93,90008
93,90423
93,90742
93,90697
94,90504
94,90815
94,90850
94,91120
94,91396
94,91191
94,90864
94,90929
94,90974
94,91131
94,90925
94,90667
94,91270
94,91072
94,90904
94,90134
95,90242
95,90963
95,90643
95,90943
95,90379
95,90519
95,90233
95,90537
95,90734
95,91412
95,91696
95,90913
95,90904
95,90837
95,91277
95,91758
96,91273
96,91791
96,91786
96,92478
96,92986
96,92753
96,91998
96,92892
96,92446
96,92091
96,93106
96,91993
96,92699
96,92429
96,93152
96,93206
97,93403
97,93201
97,93632
97,94060
97,94181
97,94158
97,93698
97,93508
97,93607
97,94433
97,93932
97,94051
97,93987
97,94323
97,94413
97,93545
98,93520
98,93711
98,94194
98,94128
98,93826
98,94269
98,93717
98,93576
98,93840
98,94061
98,93595
98,93885
98,94190
98,95159
98,96009
98,94482
99,94682
99,94740
99,95034
99,94880
99,95002
99,95026
99,94409
99,94953
99,94549
99,95361
99,94816
99,94798
99,95579
99,95273
99,94413
99,94557
100,94349
100,94759
100,94664
100,94713
100,94258
100,94331
100,94164
100,94490
100,94772
100,94242
100,94663
100,94408
100,94472
100,95023
100,94970
100,94555
101,94791
101,95638
101,96089
101,95668
101,95444
101,96248
101,95704
101,96169
101,95534
101,95368
101,96048
101,95716
101,96065
101,95611
101,95916
101,95233
102,95791
102,95780
102,95512
102,95361
102,95330
102,96621
102,95769
102,94690
102,95482
102,96107
102,96078
102,96190
102,95712
102,96171
102,94692
102,95287
103,95201
103,95424
103,95490
103,94792
103,94650
103,94811
103,94058
103,94157
103,94372
103,94807
103,95027
103,94820
103,94898
103,94655
103,94667
103,94927
104,95054
104,93690
104,94459
104,94773
104,94229
104,94294
104,94520
104,94789
104,94952
104,94919
104,94242
104,94374
104,94465
104,94587
104,95253
104,95106
105,94086
105,93756
105,93952
105,94026
105,93531
105,93639
105,93470
105,93937
105,94082
105,94220
105,93501
105,93391
105,93536
105,94429
105,93241
105,93362
106,93056
106,94369
106,94015
106,93388
106,93127
106,92882
106,92802
106,92982
106,92396
106,92288
106,92262
106,91887
106,91916
106,92067
106,91615
106,91475
107,92036
107,91892
107,92113
107,91398
107,91944
107,91780
107,92067
107,91437
107,91998
107,91973
107,91714
107,91693
107,91626
107,90914
107,91637
107,91650
108,90698
108,91218
108,90983
108,90321
108,90798
108,90375
108,90258
108,89937
108,89969
108,89454
108,88928
108,89078
108,89707
108,88852
108,89310
108,88630
109,88060
109,88245
109,88791
109,88809
109,88728
109,88912
109,88564
109,88508
109,88301
109,88021
109,88019
109,88351
109,88261
109,88141
109,88397
109,87873
110,87618
110,87795
110,87653
110,86900
110,86447
110,87352
110,87176
110,86320
110,86332
110,86685
110,86940
110,86437
110,86640
110,86188
110,85299
110,86036
111,85404
111,85712
111,85454
111,85258
111,84985
111,84300
111,84825
111,84637
111,84962
111,84458
111,84228
111,84152
111,83865
111,83923
111,83538
111,83490
112,83556
112,83094
112,83411
112,82484
112,82976
112,82494
112,82861
112,82537
112,81746
112,82173
112,80970
112,80804
112,80986
112,80174
112,80663
112,79762
113,79916
113,79687
113,79358
113,79661
113,79930
113,79616
113,79505
113,79357
113,79697
113,79024
113,78961
113,78637
113,79229
113,78545
113,77933
113,78416
114,77793
114,78554
114,79060
114,78657
114,78682
114,78040
114,77788
114,78023
114,77108
114,77194
114,78033
114,76794
114,77833
114,77448
114,77185
114,76773
115,76685
115,76735
115,76180
115,76604
115,76273
115,76379
115,76333
115,76278
115,76031
115,76147
115,76247
115,76450
115,75231
115,76560
115,76337
115,75978
116,76473
116,76533
116,75718
116,76492
116,76721
116,76026
116,76156
116,75815
116,76755
116,76046
116,75361
116,75268
116,75402
116,75494
116,75427
116,75432
117,75462
117,74715
117,75288
117,73990
117,74374
117,74479
117,74744
117,74460
117,74285
117,73828
117,73502
117,73014
117,73483
117,73169
117,73090
117,73562
118,73294
118,72784
118,72940
118,73219
118,72870
118,72991
118,73190
118,72285
118,72013
118,72370
118,73272
118,72572
118,72625
118,73455
118,72732
118,73086
119,72880
119,73246
119,73417
119,73006
119,73066
119,73081
119,72257
119,72837
119,71463
119,71991
119,72659
119,72682
119,72299
119,72064
119,72325
119,72521
120,71800
120,71849
120,71977
120,72384
120,71943
120,71923
120,71468
120,70878
120,71163
120,71065
120,71113
120,71114
120,70979
120,70952
120,70601
120,70699
121,70267
121,71213
121,70281
121,70396
121,70594
121,70474
121,70271
121,69888
121,70056
121,69905
121,70263
121,69745
121,70774
121,70253
121,70136
121,70351
122,70420
122,70853
122,69775
122,70030
122,70425
122,70659
122,70126
122,70835
122,70572
122,71082
122,71293
122,70766
122,70850
122,70421
122,70670
122,71379
123,70939
123,70407
123,70586
123,70305
123,71022
123,70733
123,71730
123,71181
123,70702
123,70577
123,70988
123,70430
123,70339
123,70649
123,69882
123,70253
124,70835
124,70328
124,70211
124,70321
124,70711
124,70847
124,70500
124,70459
124,70312
124,70072
124,69775
124,69635
124,69096
124,70104
124,69509
124,69774
125,69376
125,69155
125,69642
125,68896
125,68682
125,69421
125,69804
125,69701
125,68263
125,68951
125,69625
125,69051
125,69651
125,69610
125,69109
125,68653
126,68470
126,68311
126,69018
126,68360
126,68774
126,68616
126,68873
126,68939
126,68506
126,68864
126,68823
126,68536
126,68001
126,68614
126,68127
126,68259
127,68646
127,68134
127,68926
127,68445
127,68883
127,68942
127,68099
127,69298
127,67580
127,68439
127,67879
127,68359
127,67375
127,68447
127,68671
127,67009
128,68536
128,67668
128,68097
128,68076
128,67002
128,67792
128,67933
128,67235
128,68161
128,67079
128,67174
128,67109
128,66254
128,66662
128,66165
128,66699
129,66551
129,65939
129,66106
129,65720
129,66441
129,65898
129,65306
129,65375
129,65175
129,64869
129,65366
129,65018
129,64330
129,64466
129,64575
129,63746
130,64152
130,63546
130,64466
130,64082
130,63694
130,63203
130,63625
130,63210
130,63028
130,63344
130,62657
130,62058
130,61266
130,61504
130,62637
130,61704
131,61411
131,61550
131,61477
131,61027
131,61508
131,61304
131,60982
131,60974
131,61397
131,60603
131,60446
131,60310
131,60239
131,59767
131,59043
131,59181
132,59724
132,60033
132,58872
132,58890
132,58774
132,59676
132,59692
132,58869
132,58869
132,58769
132,58316
132,58698
132,57900
132,58021
132,58103
132,57917
133,58156
133,56555
133,57700
133,57263
133,56555
133,56707
133,55631
133,56132
133,55358
133,55904
133,55354
133,55498
133,55381
133,55359
133,55093
133,54557
134,53945
134,53950
134,54074
134,54706
134,54282
134,53997
134,54027
134,54142
134,53434
134,53662
134,53709
134,53076
134,52233
134,52879
134,52775
134,51663
135,51988
135,51783
135,51850
135,51301
135,51372
135,50809
135,50157
135,50500
135,50740
135,50717
135,50312
135,49648
135,49458
135,50104
135,50643
135,49082
136,49429
136,48812
136,48467
136,48806
136,48802
136,48924
136,49150
136,48516
136,48583
136,48159
136,47798
136,47400
136,47163
136,47755
136,48487
136,48235
137,47982
137,48346
137,47699
137,48176
137,47543
137,46995
137,48137
137,47582
137,47194
137,47045
137,47202
137,47213
137,46769
137,46741
137,46129
137,45663
138,45908
138,44979
138,45900
138,46050
138,45921
138,45656
138,44769
138,44483
138,44660
138,44249
138,44369
138,43783
138,44136
138,43879
138,43412
138,43620
139,43935
139,43413
139,43253
139,43851
139,43031
139,42558
139,42579
139,42563
139,42740
139,42334
139,42648
139,42021
139,41402
139,42063
139,41005
139,41487
140,41442
140,41536
140,41286
140,40976
140,40458
140,41509
140,40570
140,40500
140,40547
140,40933
140,40411
140,40317
140,40970
140,40310
140,41261
140,40766
141,41033
141,40699
141,40449
141,40319
141,40697
141,40567
141,41742
141,40687
141,40453
141,40170
141,40454
141,40521
141,39601
141,40525
141,39230
141,40573
142,40047
142,40395
142,39411
142,39830
142,40074
142,39695
142,39533
142,39857
142,39171
142,38918
142,39374
142,38615
142,38577
142,39189
142,39176
142,39167
143,38383
143,38929
143,39110
143,39602
143,39473
143,38426
143,38231
143,38063
143,39187
143,39039
143,38787
143,38724
143,38979
143,38219
143,38243
143,38909
144,39207
144,38389
144,39062
144,38593
144,39168
144,38599
144,38989
144,38942
144,38995
144,39561
144,39151
144,38702
144,38679
144,39118
144,38833
144,39126
145,39096
145,39129
145,39014
145,38126
145,38438
145,39324
145,38785
145,38409
145,38245
145,38007
145,38734
145,38647
145,38236
145,38256
145,38645
145,38856
146,39425
146,38521
146,38856
146,38928
146,39196
146,38475
146,38373
146,39349
146,38032
146,39102
146,39358
146,38907
146,39008
146,38829
146,38818
146,39292
147,39404
147,39054
147,39211
147,39457
147,38683
147,38899
147,38904
147,39197
147,39040
147,38937
147,39023
147,38949
147,37618
147,37569
147,37048
147,38041
148,38203
148,37342
148,37631
148,37087
148,36899
148,36954
148,36701
148,36264
148,36892
148,36779
148,36482
148,36383
148,36832
148,36285
148,36198
148,35690
149,35914
149,35987
149,35842
149,35880
149,35858
149,35088
149,35202
149,35090
149,35166
149,35379
149,35034
149,35316
149,35454
149,35088
149,35068
149,34648
150,34375
150,34370
150,33868
150,33753
150,34010
150,33603
150,33415
150,33610
150,33761
150,33488
150,33690
150,34418
150,33226
150,33323
150,33336
150,33889
151,33934
151,33372
151,33134
151,33226
151,32947
151,33214
151,32672
151,33345
151,33049
151,33491
151,33049
151,33257
151,32428
151,32473
151,32797
151,32499
152,32905
152,33086
152,32474
152,33114
152,32028
152,32907
152,33188
152,33088
152,33228
152,33027
152,32364
152,32582
152,32890
152,32480
152,31843
152,32048
153,31097
153,31300
153,31900
153,30855
153,31351
153,31520
153,30487
153,31023
153,31080
153,30874
153,31168
153,31104
153,31296
153,31376
153,30286
153,30455
154,30950
154,30979
154,30558
154,30659
154,30642
154,30475
154,30844
154,30666
154,30335
154,30425
154,30744
154,30633
154,30471
154,30523
154,30490
154,30744
155,30479
155,30267
155,30598
155,29822
155,29748
155,29655
155,29167
155,29817
155,29851
155,29368
155,29783
155,29600
155,29481
155,29786
155,28807
155,28309
156,28361
156,28721
156,28946
156,28305
156,27562
156,28002
156,28448
156,27997
156,27558
156,28160
156,28056
156,27408
156,27751
156,27102
156,27359
156,27405
157,27475
157,27707
157,27000
157,27670
157,27391
157,27739
157,27530
157,27554
157,27309
157,26844
157,27813
157,27389
157,27388
157,27057
157,26699
157,26686
158,26759
158,26608
158,26592
158,26962
158,27060
158,26365
158,26218
158,25851
158,26433
158,26155
158,25772
158,25655
158,26108
158,25905
158,26061
158,26342
159,25852
159,25885
159,26285
159,26133
159,25197
159,25559
159,25689
159,24985
159,26024
159,25635
159,25155
159,24847
159,25172
159,25080
159,25409
159,25348
160,25806
160,25196
160,25310
160,24804
160,25370
160,26174
160,25029
160,24887
160,24108
160,25362
160,25427
160,25566
160,24685
160,24956
160,24812
160,25037
161,24773
161,25034
161,24646
161,24826
161,25490
161,25358
161,24912
161,25064
161,25310
161,25217
161,24624
161,24909
161,24865
161,25707
161,25623
161,25646
162,25793
162,25477
162,24964
162,26453
162,25894
162,26104
162,25957
162,25675
162,25952
162,25353
162,26022
162,26018
162,25233
162,26251
162,26306
162,26556
163,26446
163,26709
163,25978
163,26458
163,25758
163,26279
163,25772
163,26225
163,26773
163,26431
163,27001
163,26666
163,26140
163,26497
163,26815
163,26090
164,25577
164,25930
164,26488
164,26481
164,25661
164,25968
164,25667
164,26327
164,25887
164,26280
164,25441
164,25504
164,24955
164,25975
164,25439
164,25735
165,25549
165,25557
165,25554
165,25286
165,25300
165,25090
165,25015
165,24496
165,25243
165,24913
165,24454
165,24505
165,24792
165,24551
165,25121
165,25066
166,25673
166,24741
166,25559
166,25275
166,25207
166,25242
166,25375
166,25008
166,25224
166,24833
166,24880
166,24869
166,24455
166,25141
166,24626
166,24405
167,24353
167,24809
167,24866
167,24783
167,24669
167,24654
167,24130
167,23866
167,23738
167,23648
167,23467
167,23204
167,23967
167,23043
167,22784
167,23733
168,23086
168,22464
168,22824
168,22606
168,22994
168,23775
168,23464
168,22691
168,22664
168,23212
168,22503
168,22596
168,23369
168,22946
168,22764
168,22219
169,21907
169,21907
169,21481
169,22143
169,23275
169,23836
169,23109
169,22837
169,23292
169,22841
169,22003
169,22486
169,22366
169,22212
169,22700
169,22121
170,21765
170,21097
170,22540
170,22333
170,21876
170,22049
170,21500
170,21882
170,22345
170,22571
170,21990
170,21520
170,21661
170,21308
170,21003
170,21333
171,21330
171,21585
171,21255
171,21532
171,21579
171,22241
171,22019
171,21372
171,21463
171,21673
171,21934
171,21917
171,22258
171,22378
171,22294
171,21488
172,21819
172,21290
172,22097
172,21864
172,21908
172,22171
172,21863
172,21524
172,21595
172,21875
172,21733
172,20985
172,21757
172,21134
172,21723
172,22124
173,21141
173,21297
173,21345
173,20523
173,20997
173,21224
173,21248
173,20937
173,21228
173,20816
173,20515
173,20799
173,21056
173,19985
173,20583
173,20808
174,20259
174,21216
174,20395
174,20366
174,21023
174,21039
174,20713
174,20342
174,20937
174,20381
174,20937
174,20673
174,20935
174,21086
174,20828
174,20581
175,20140
175,19560
175,19747
175,19751
175,19997
175,20299
175,19836
175,19801
175,19459
175,20236
175,20241
175,20065
175,20287
175,20106
175,19860
175,19922
176,19945
176,19393
176,19826
176,20003
176,20010
176,20257
176,20266
176,19484
176,20280
176,19790
176,20055
176,20058
176,20793
176,21028
176,21290
176,21011
177,20926
177,20746
177,20339
177,21040
177,20257
177,21462
177,21082
177,20596
177,21329
177,20350
177,19738
177,21172
177,20119
177,20048
177,20150
177,20835
178,19937
178,19984
178,19802
178,20522
178,20249
178,20340
178,19647
178,20626
178,20553
178,20319
178,19418
178,19819
178,19713
178,19651
178,19859
178,20109
179,19138
179,19470
179,19016
179,18836
179,19849
179,19065
179,19122
179,19329
179,19661
179,19436
179,18899
179,19033
179,18507
179,18485
179,18000
179,18166
180,18402
180,18622
180,18293
180,17975
180,18419
180,18177
180,17755
180,16993
180,17192
180,16593
180,16818
180,16792
180,16956
180,16162
180,16158
180,15592
181,15578
181,15408
181,15286
181,15526
181,15314
181,15353
181,15234
181,14578
181,14684
181,13885
181,13731
181,13835
181,13933
181,13662
181,14055
181,13592
182,13435
182,12630
182,12876
182,12755
182,12650
182,12861
182,12153
182,12366
182,11532
182,11257
182,11731
182,11450
182,11771
182,11664
182,11494
182,11882
183,11217
183,10581
183,10466
183,10888
183,11153
183,11380
183,10548
183,10552
183,10889
183,10486
183,10564
183,10160
183,10293
183,10281
183,9545
183,9678
184,9335
184,8933
184,9204
184,8893
184,8313
184,7978
184,8516
184,8820
184,8077
184,7571
184,7389
184,6823
184,7038
184,7096
184,7460
184,7517
185,7338
185,6015
185,6560
185,6351
185,5667
185,5490
185,5769
185,5507
185,4974
185,5011
185,4837
185,5281
185,4322
185,4782
185,4454
185,4380
186,4305
186,3354
186,3728
186,4401
186,4504
186,4310
186,4375
186,4614
186,4293
186,3958
186,3417
186,3967
186,3711
186,3629
186,4330
186,4695
187,3394
187,3270
187,3882
187,3257
187,4168
187,3784
187,3630
187,3562
187,3394
187,3394
187,3223
187,3088
187,2878
187,3222
187,3386
187,3312
188,3771
188,2942
188,2641
188,2348
188,1086
188,2224
188,2610
188,2289
188,2530
188,1432
188,1601
188,1222
188,1637
188,1116
188,582
188,204
189,417
189,355
189,-276
189,-102
189,-157
189,118
189,-115
189,465
189,219
189,-830
189,-907
189,-223
189,-1041
189,-1073
189,-576
189,-1315
190,-675
190,-1243
190,-1100
190,-501
190,-450
190,-916
190,-1026
190,-955
190,-1555
190,-623
190,-564
190,-1351
190,-1436
190,-601
190,-505
190,-834
191,-1221
191,-1179
191,-631
191,-328
191,-424
191,-1242
191,-606
191,-886
191,-776
191,-683
191,-963
191,-1188
191,-1174
191,-1271
191,-1726
191,-1933
192,-1610
192,-2810
192,-3110
192,-3099
192,-3137
192,-3214
192,-2764
192,-2679
192,-3153
192,-3796
192,-3746
192,-4362
192,-3896
192,-4154
192,-4094
192,-4271
193,-3871
193,-4501
193,-4281
193,-4983
193,-3936
193,-4429
193,-4564
193,-4908
193,-5357
193,-5665
193,-5373
193,-5238
193,-5512
193,-5299
193,-5768
193,-6064
194,-6192
194,-6298
194,-6260
194,-5992
194,-6421
194,-6315
194,-6072
194,-6539
194,-6570
194,-6901
194,-7607
194,-7668
194,-7841
194,-7763
194,-8053
194,-7838
195,-8527
195,-7969
195,-8600
195,-9304
195,-9495
195,-9714
195,-9964
195,-9916
195,-9818
195,-10721
195,-10223
195,-10343
195,-10779
195,-11870
195,-10755
195,-10970
196,-11552
196,-10675
196,-11470
196,-12113
196,-12286
196,-12829
196,-12499
196,-12857
196,-12892
196,-13092
196,-12788
196,-13262
196,-13723
196,-13979
196,-14147
196,-13814
197,-13537
197,-14459
197,-14320
197,-14571
197,-14406
197,-15162
197,-15667
197,-15559
197,-15691
197,-15218
197,-15104
197,-16115
197,-16833
197,-17169
197,-16783
197,-18010
198,-18523
198,-17711
198,-17844
198,-18298
198,-17976
198,-18010
198,-18552
198,-18364
198,-18737
198,-18664
198,-18817
198,-19414
198,-19555
198,-19360
198,-20017
198,-20324
199,-20375
199,-20608
199,-20315
199,-20805
199,-20316
199,-20590
199,-20548
199,-21009
199,-21127
199,-21279
199,-21397
199,-21150
199,-22280
199,-21705
199,-21437
199,-22018
200,-22249
200,-21690
200,-21310
200,-21863
200,-22922
200,-22780
200,-23332
200,-23568
200,-23368
200,-23382
200,-23313
200,-23364
200,-24162
200,-23624
200,-24133
200,-24111
201,-24879
201,-24985
201,-24906
201,-24168
201,-24558
201,-24682
201,-25097
201,-24196
201,-25170
201,-25559
201,-25831
201,-26093
201,-25708
201,-26115
201,-25797
201,-26485
202,-26438
202,-27099
202,-26483
202,-27501
202,-26903
202,-27436
202,-27417
202,-27888
202,-27705
202,-27723
202,-28421
202,-27492
202,-27876
202,-28402
202,-27623
202,-28309
203,-28480
203,-27640
203,-28842
203,-28372
203,-28743
203,-28524
203,-28111
203,-28268
203,-28451
203,-28772
203,-28177
203,-28986
203,-28237
203,-28162
203,-28361
203,-28521
204,-28470
204,-29521
204,-29189
204,-29018
204,-29268
204,-30366
204,-30184
204,-29696
204,-29449
204,-29244
204,-28965
204,-29967
204,-30848
204,-30377
204,-29893
204,-30453
205,-30320
205,-30321
205,-30298
205,-30271
205,-30483
205,-30626
205,-30562
205,-31071
205,-30865
205,-31078
205,-30398
205,-31829
205,-31651
205,-32210
205,-32306
205,-31987
206,-32078
206,-32071
206,-32657
206,-32197
206,-32344
206,-32359
206,-33327
206,-32573
206,-32728
206,-32506
206,-32539
206,-32425
206,-32571
206,-32153
206,-33270
206,-33322
207,-33168
207,-33179
207,-32874
207,-33284
207,-32858
207,-33668
207,-33108
207,-33166
207,-34025
207,-33397
207,-33576
207,-33545
207,-34356
207,-33886
207,-34349
207,-33474
208,-33192
208,-33157
208,-33879
208,-33568
208,-33809
208,-34314
208,-34072
208,-33975
208,-33780
208,-34017
208,-33829
208,-34275
208,-33674
208,-33076
208,-33814
208,-34403
209,-34138
209,-34031
209,-34822
209,-34511
209,-33512
209,-33308
209,-34302
209,-34216
209,-34034
209,-34610
209,-34718
209,-34897
209,-34426
209,-34767
209,-35014
209,-34270
210,-34759
210,-34702
210,-35548
210,-35679
210,-35594
210,-35105
210,-34874
210,-35064
210,-34566
210,-34115
210,-34695
210,-34153
210,-34019
210,-33537
210,-33651
210,-34155
211,-33234
211,-34374
211,-33751
211,-33981
211,-33878
211,-33998
211,-33611
211,-34102
211,-33693
211,-34104
211,-34304
211,-34182
211,-34517
211,-33332
211,-33730
211,-34764
212,-34296
212,-34670
212,-34426
212,-34009
212,-34283
212,-34188
212,-34856
212,-34291
212,-35283
212,-35769
212,-35295
212,-35419
212,-35484
212,-36226
212,-36293
212,-35632
213,-35576
213,-35730
213,-35653
213,-35947
213,-35714
213,-35693
213,-35668
213,-35902
213,-36130
213,-36097
213,-36928
213,-36694
213,-36901
213,-37218
213,-36837
213,-37157
214,-37054
214,-37397
214,-37494
214,-37090
214,-37432
214,-37145
214,-38094
214,-37528
214,-38211
214,-37846
214,-37871
214,-38518
214,-39087
214,-38440
214,-38439
214,-38634
215,-39043
215,-38822
215,-38821
215,-38984
215,-38471
215,-38638
215,-39111
215,-39380
215,-39438
215,-39641
215,-40025
215,-40175
215,-39876
215,-39349
215,-40012
215,-39769
216,-40196
216,-41407
216,-40694
216,-40290
216,-40602
216,-40697
216,-40041
216,-40662
216,-40311
216,-40733
216,-41149
216,-41619
216,-41444
216,-41484
216,-41411
216,-41630
217,-42030
217,-41598
217,-41829
217,-41592
217,-42571
217,-41512
217,-40944
217,-42441
217,-42604
217,-41790
217,-42674
217,-42624
217,-42466
217,-42544
217,-42243
217,-43436
218,-42716
218,-43424
218,-42406
218,-42383
218,-43685
218,-43464
218,-43647
218,-44311
218,-44128
218,-43883
218,-44098
218,-43797
218,-43778
218,-43436
218,-44163
218,-43977
219,-44152
219,-44140
219,-44225
219,-44245
219,-44045
219,-44137
219,-44207
219,-44343
219,-43873
219,-44606
219,-43942
219,-44539
219,-44230
219,-44896
219,-44383
219,-44519
220,-45331
220,-44711
220,-44658
220,-44378
220,-45452
220,-44803
220,-45110
220,-44687
220,-44807
220,-44417
220,-43962
220,-44129
220,-44230
220,-44263
220,-44738
220,-44664
221,-44496
221,-44073
221,-45341
221,-44192
221,-44203
221,-44752
221,-45117
221,-44630
221,-45105
221,-45739
221,-45381
221,-45354
221,-45621
221,-46111
221,-45753
221,-45822
222,-45551
222,-45326
222,-45249
222,-45445
222,-46032
222,-46625
222,-45285
222,-46156
222,-46151
222,-46726
222,-46692
222,-46014
222,-45867
222,-46258
222,-46232
222,-46386
223,-46384
223,-46672
223,-47387
223,-47528
223,-47645
223,-47801
223,-48177
223,-48206
223,-47932
223,-47684
223,-48365
223,-48511
223,-48601
223,-48485
223,-47901
223,-49256
224,-48873
224,-48454
224,-49572
224,-49288
224,-49666
224,-49819
224,-49107
224,-50021
224,-49664
224,-49853
224,-49848
224,-49669
224,-50079
224,-50529
224,-50455
224,-50125
225,-50543
225,-50408
225,-49688
225,-50575
225,-50654
225,-50116
225,-50432
225,-50463
225,-49512
225,-50858
225,-51009
225,-50451
225,-51184
225,-50898
225,-51440
225,-51180
226,-51086
226,-50500
226,-51604
226,-51192
226,-51683
226,-51993
226,-50567
226,-51102
226,-50851
226,-51013
226,-52061
226,-51845
226,-52359
226,-52081
226,-52241
226,-52210
227,-52386
227,-51816
227,-52665
227,-51902
227,-52300
227,-52562
227,-52790
227,-52353
227,-52331
227,-52450
227,-52353
227,-52481
227,-52437
227,-52544
227,-51594
227,-52086
228,-52259
228,-52945
228,-52529
228,-52855
228,-52944
228,-53070
228,-53645
228,-52501
228,-53039
228,-52982
228,-53781
228,-54086
228,-53249
228,-54324
228,-53870
228,-54212
229,-54302
229,-53935
229,-54089
229,-53414
229,-54457
229,-54399
229,-54482
229,-53824
229,-54345
229,-54349
229,-55028
229,-55407
229,-54972
229,-55008
229,-54858
229,-55329
230,-55045
230,-54849
230,-54700
230,-55132
230,-55150
230,-54699
230,-55048
230,-55150
230,-54784
230,-54687
230,-55172
230,-55616
230,-54848
230,-54838
230,-55357
230,-54591
231,-55310
231,-54774
231,-55542
231,-54716
231,-55201
231,-55382
231,-54717
231,-54597
231,-54137
231,-54455
231,-55377
231,-55264
231,-54721
231,-54825
231,-54917
231,-55178
232,-55512
232,-55872
232,-55503
232,-55322
232,-55723
232,-55944
232,-56248
232,-55833
232,-56358
232,-56547
232,-56068
232,-56371
232,-55987
232,-55887
232,-55938
232,-55271
233,-55729
233,-56111
233,-55970
233,-55710
233,-56419
233,-56628
233,-56887
233,-56562
233,-56624
233,-57003
233,-56501
233,-56290
233,-56551
233,-56999
233,-57238
233,-56345
234,-56827
234,-57353
234,-57631
234,-57659
234,-58308
234,-57946
234,-58762
234,-58520
234,-58677
234,-58883
234,-59189
234,-59397
234,-59165
234,-59327
234,-59239
234,-59387
235,-59556
235,-59754
235,-59546
235,-60313
235,-59916
235,-60067
235,-59070
235,-58935
235,-59379
235,-59703
235,-60469
235,-59766
235,-59514
235,-60154
235,-60298
235,-60500
236,-59999
236,-59390
236,-60047
236,-60310
236,-59618
236,-60024
236,-59110
236,-59485
236,-60359
236,-60352
236,-59985
236,-59484
236,-59664
236,-60491
236,-59648
236,-60038
237,-59476
237,-59808
237,-59994
237,-60783
237,-59861
237,-60235
237,-60147
237,-59764
237,-59865
237,-60433
237,-60508
237,-59924
237,-59837
237,-60755
237,-60741
237,-60307
238,-60686
238,-60575
238,-61102
238,-59807
238,-60574
238,-61525
238,-60999
238,-61156
238,-60636
238,-60861
238,-61364
238,-61067
238,-61048
238,-61548
238,-61111
238,-61091
239,-60868
239,-61075
239,-61229
239,-60770
239,-60769
239,-61146
239,-61651
239,-60881
239,-61209
239,-61658
239,-61667
239,-61804
239,-61601
239,-61121
239,-61381
239,-61330
240,-61252
240,-61257
240,-61560
240,-61414
240,-61576
240,-61042
240,-61389
240,-61343
240,-61447
240,-61836
240,-61436
240,-61368
240,-61510
240,-60718
240,-60992
240,-61999
241,-60973
241,-61536
241,-61287
241,-61553
241,-61782
241,-61514
241,-61360
241,-61072
241,-60929
241,-61817
241,-62050
241,-62541
241,-61666
241,-61528
241,-61792
241,-61192
242,-62809
242,-61426
242,-61905
242,-61401
242,-60983
242,-61445
242,-61925
242,-62124
242,-61911
242,-61939
242,-62199
242,-61977
242,-62072
242,-61913
242,-61663
242,-61051
243,-62391
243,-62550
243,-62265
243,-62487
243,-62099
243,-62108
243,-62962
243,-62575
243,-62467
243,-62553
243,-61749
243,-62449
243,-63001
243,-63385
243,-63040
243,-63047
244,-63635
244,-62517
244,-63741
244,-63506
244,-63654
244,-63427
244,-62536
244,-63475
244,-63816
244,-63621
244,-64118
244,-64305
244,-65158
244,-64156
244,-64926
244,-64581
245,-64518
245,-65551
245,-65822
245,-65471
245,-66040
245,-65809
245,-65392
245,-65797
245,-65972
245,-65300
245,-66274
245,-66071
245,-66500
245,-66400
245,-66346
245,-67178
246,-66441
246,-66392
246,-67110
246,-67707
246,-66604
246,-66359
246,-66407
246,-67098
246,-67482
246,-67363
246,-67367
246,-67576
246,-67274
246,-68513
246,-67806
246,-67799
247,-68115
247,-67909
247,-68020
247,-68664
247,-68005
247,-67725
247,-68237
247,-68301
247,-68647
247,-68784
247,-68748
247,-68309
247,-68354
247,-68648
247,-68395
247,-69084
248,-68452
248,-68064
248,-69205
248,-69310
248,-69206
248,-69028
248,-69151
248,-69230
248,-69195
248,-69077
248,-69166
248,-69414
248,-69491
248,-70381
248,-70159
248,-69748
249,-69727
249,-69959
249,-69487
249,-69687
249,-69148
249,-69091
249,-69778
249,-69229
249,-69245
249,-69668
249,-69128
249,-69276
249,-69230
249,-69941
249,-69822
249,-70244
250,-69840
250,-69449
250,-69706
250,-69846
250,-70227
250,-69207
250,-70105
250,-70204
250,-70197
250,-69811
250,-70643
250,-70347
250,-69457
250,-69830
250,-69718
250,-69785
251,-69877
251,-69789
251,-69870
251,-69943
251,-69797
251,-70614
251,-70797
251,-70493
251,-70871
251,-70553
251,-70497
251,-70301
251,-70171
251,-70173
251,-70198
251,-70555
252,-70454
252,-70645
252,-71286
252,-70537
252,-71652
252,-71182
252,-71166
252,-71230
252,-71774
252,-71714
252,-71403
252,-72254
252,-72632
252,-71990
252,-71854
252,-72958
253,-72673
253,-73531
253,-72420
253,-73421
253,-72990
253,-72816
253,-73300
253,-73092
253,-73643
253,-73693
253,-73994
253,-74370
253,-74201
253,-74430
253,-73885
253,-74350
254,-74067
254,-74184
254,-74787
254,-74691
254,-75175
254,-74643
254,-75296
254,-74469
254,-74513
254,-75175
254,-74092
254,-74533
254,-74135
254,-75028
254,-75052
254,-74470
255,-74514
255,-74632
255,-74898
255,-75081
255,-74911
255,-75179
255,-75225
255,-75505
255,-75251
255,-74791
255,-75500
255,-74337
255,-74885
255,-75129
255,-75131
255,-76149
256,-75584
256,-74988
256,-75730
256,-74988
256,-75582
256,-74686
256,-75305
256,-75530
256,-75911
256,-75218
256,-75751
256,-74921
256,-75791
256,-75022
256,-75382
256,-75706
257,-75182
257,-76016
257,-75682
257,-76296
257,-76682
257,-75734
257,-75858
257,-76381
257,-76800
257,-75928
257,-76401
257,-76053
257,-76208
257,-76801
257,-76188
257,-76460
258,-76810
258,-77712
258,-76968
258,-77957
258,-77992
258,-76839
258,-76840
258,-77564
258,-77920
258,-78151
258,-77827
258,-77361
258,-77492
258,-77248
258,-77730
258,-77339
259,-77743
259,-78116
259,-78283
259,-77789
259,-78873
259,-78676
259,-78508
259,-78238
259,-78741
259,-78983
259,-78119
259,-78627
259,-79130
259,-79074
259,-78926
259,-79689
260,-80057
260,-79894
260,-80026
260,-80404
260,-81004
260,-80973
260,-80484
260,-80311
260,-80596
260,-80286
260,-80999
260,-80445
260,-80698
260,-81267
260,-80602
260,-81406
261,-81330
261,-81431
261,-80644
261,-81461
261,-81354
261,-80911
261,-81242
261,-81132
261,-81202
261,-81795
261,-81884
261,-81819
261,-80995
261,-82009
261,-81430
261,-81496
262,-82102
262,-81873
262,-81849
262,-81255
262,-81759
262,-81138
262,-81338
262,-82247
262,-81727
262,-81576
262,-82217
262,-82081
262,-82264
262,-82959
262,-81967
262,-82430
263,-82732
263,-82627
263,-82814
263,-83332
263,-83317
263,-83218
263,-83581
263,-83054
263,-83208
263,-83159
263,-83390
263,-83608
263,-83328
263,-83666
263,-83570
263,-83846
264,-84198
264,-84086
264,-85003
264,-85145
264,-85309
264,-84556
264,-84954
264,-84604
264,-85392
264,-84676
264,-85145
264,-85141
264,-85660
264,-85259
264,-85663
264,-85374
265,-85623
265,-86198
265,-86503
265,-87488
265,-86935
265,-87209
265,-86249
265,-87584
265,-87153
265,-86991
265,-87119
265,-87897
265,-88144
265,-87317
265,-88214
265,-87862
266,-88668
266,-88821
266,-87983
266,-89049
266,-89714
266,-89308
266,-89569
266,-89231
266,-89643
266,-89452
266,-89986
266,-90089
266,-90319
266,-90361
266,-90004
266,-90439
267,-91295
267,-91180
267,-91448
267,-91889
267,-91811
267,-91752
267,-92544
267,-92227
267,-92539
267,-92733
267,-92234
267,-93178
267,-93372
267,-93873
267,-94247
267,-94125
268,-94619
268,-95254
268,-94814
268,-94757
268,-95175
268,-95234
268,-95760
268,-95261
268,-95780
268,-94449
268,-95339
268,-95421
268,-95264
268,-95404
268,-95153
268,-96711
269,-96144
269,-96746
269,-97165
269,-96989
269,-97363
269,-97399
269,-97478
269,-97462
269,-98432
269,-98480
269,-98578
269,-98440
269,-98505
269,-98799
269,-98808
269,-98901
270,-99687
270,-99423
270,-99675
270,-99777
270,-100160
270,-101149
270,-101584
270,-101188
270,-100961
270,-101343
270,-101665
270,-101695
270,-101942
270,-101844
270,-103250
270,-103073
271,-102280
271,-102777
271,-103433
271,-103024
271,-103380
271,-102512
271,-102825
271,-103091
271,-102705
271,-103372
271,-102961
271,-104211
271,-103008
271,-103297
271,-103742
271,-103998
272,-104061
272,-104065
272,-104299
272,-104356
272,-104306
272,-104697
272,-104754
272,-104301
272,-104506
272,-104731
272,-104272
272,-104689
272,-105012
272,-105538
272,-105696
272,-106004
273,-106537
273,-105876
273,-105730
273,-106054
273,-105971
273,-106231
273,-106557
273,-106837
273,-106225
273,-106819
273,-106631
273,-106105
273,-107203
273,-106786
273,-107020
273,-106762
274,-106806
274,-106843
274,-107150
274,-107181
274,-107326
274,-107219
274,-106887
274,-107104
274,-107229
274,-107318
274,-107113
274,-107328
274,-107657
274,-107473
274,-107863
274,-107940
275,-108645
275,-108507
275,-107698
275,-107986
275,-107863
275,-108130
275,-107418
275,-109103
275,-108510
275,-108763
275,-108015
275,-109443
275,-107950
275,-108914
275,-109310
275,-107418
276,-108922
276,-108601
276,-108767
276,-108181
276,-107947
276,-107904
276,-107370
276,-108783
276,-107923
276,-107886
276,-107269
276,-108089
276,-108250
276,-107148
276,-107875
276,-107754
277,-107651
277,-107730
277,-107329
277,-108052
277,-107940
277,-107903
277,-107175
277,-107007
277,-106852
277,-107622
277,-107405
277,-107072
277,-107317
277,-106589
277,-107464
277,-107725
278,-106999
278,-106877
278,-107291
278,-106599
278,-106054
278,-106265
278,-106746
278,-106347
278,-106585
278,-106447
278,-106280
278,-106079
278,-106286
278,-106461
278,-106459
278,-106866
279,-106840
279,-106649
279,-106619
279,-106612
279,-106393
279,-106557
279,-106645
279,-106639
279,-106186
279,-106542
279,-106278
279,-106158
279,-106215
279,-106710
279,-105845
279,-105719
280,-105958
280,-105037
280,-105575
280,-105285
280,-105745
280,-105782
280,-105486
280,-105810
280,-104859
280,-104886
280,-105370
280,-105024
280,-105417
280,-104959
280,-104778
280,-105359
281,-105349
281,-105014
281,-104664
281,-104324
281,-103954
281,-103864
281,-103417
281,-103840
281,-103574
281,-103680
281,-103316
281,-102411
281,-102915
281,-102458
281,-102728
281,-102458
282,-102851
282,-102528
282,-103472
282,-103119
282,-102273
282,-102897
282,-102150
282,-102922
282,-102334
282,-101667
282,-102237
282,-101816
282,-102240
282,-101890
282,-101723
282,-102187
283,-101821
283,-101930
283,-101293
283,-101269
283,-101874
283,-102228
283,-101183
283,-101321
283,-101907
283,-101690
283,-102114
283,-101802
283,-101635
283,-101814
283,-101574
283,-101350
284,-102717
284,-102052
284,-102057
284,-101571
284,-101891
284,-101975
284,-102752
284,-102292
284,-101926
284,-101922
284,-102124
284,-102181
284,-102223
284,-102386
284,-102299
284,-102323
285,-102623
285,-102222
285,-102590
285,-103083
285,-102816
285,-102135
285,-102338
285,-101987
285,-102527
285,-102008
285,-103015
285,-102854
285,-102689
285,-102521
285,-101716
285,-102010
286,-102132
286,-102470
286,-102009
286,-102922
286,-102221
286,-102134
286,-101568
286,-101956
286,-101769
286,-101835
286,-101474
286,-101616
286,-101678
286,-101030
286,-101033
286,-101048
287,-100636
287,-100538
287,-100908
287,-100099
287,-100679
287,-100761
287,-100745
287,-100777
287,-100541
287,-101339
287,-101046
287,-101602
287,-101156
287,-101703
287,-101557
287,-101268
288,-100936
288,-100988
288,-101289
288,-100837
288,-100265
288,-100410
288,-100658
288,-100110
288,-99965
288,-99931
288,-100268
288,-100604
288,-99763
288,-100398
288,-99691
288,-100445
289,-99488
289,-100528
289,-100978
289,-100076
289,-99828
289,-99386
289,-99739
289,-99659
289,-99838
289,-100410
289,-100249
289,-99442
289,-99556
289,-99611
289,-99195
289,-99106
290,-99574
290,-99263
290,-99142
290,-98803
290,-98827
290,-98154
290,-98100
290,-98852
290,-99051
290,-98513
290,-97771
290,-97683
290,-97077
290,-96963
290,-97464
290,-97542
291,-97420
291,-97105
291,-96519
291,-96406
291,-96055
291,-95889
291,-95973
291,-95512
291,-95917
291,-95036
291,-94990
291,-94899
291,-94456
291,-94443
291,-94090
291,-94160
292,-93812
292,-94303
292,-93662
292,-93283
292,-93331
292,-93383
292,-93948
292,-93128
292,-92703
292,-92565
292,-92477
292,-91990
292,-92290
292,-91761
292,-91885
292,-91627
293,-90824
293,-90656
293,-91213
293,-90605
293,-90488
293,-90013
293,-90294
293,-89773
293,-89421
293,-89398
293,-89151
293,-88516
293,-88867
293,-88858
293,-89250
293,-89276
294,-88507
294,-88437
294,-87909
294,-87800
294,-88245
294,-87784
294,-87752
294,-87080
294,-87497
294,-87438
294,-87403
294,-86742
294,-87112
294,-86810
294,-86304
294,-86150
295,-85010
295,-85923
295,-85682
295,-84841
295,-84853
295,-85116
295,-84560
295,-84692
295,-83665
295,-84462
295,-84380
295,-84020
295,-84321
295,-84305
295,-84340
295,-83533
296,-83695
296,-83705
296,-83747
296,-83019
296,-83369
296,-82732
296,-82264
296,-82632
296,-82699
296,-82158
296,-81336
296,-81806
296,-81383
296,-80572
296,-81040
296,-80334
297,-79956
297,-80738
297,-80484
297,-80306
297,-79908
297,-81022
297,-79897
297,-79899
297,-80102
297,-78500
297,-79324
297,-79724
297,-78988
297,-78737
297,-78959
297,-78910
298,-78620
298,-78003
298,-78817
298,-78106
298,-77068
298,-77232
298,-76758
298,-76341
298,-76063
298,-77077
298,-76377
298,-75935
298,-76076
298,-75147
298,-75504
298,-76130
299,-75810
299,-75693
299,-75259
299,-75488
299,-74890
299,-74199
299,-75344
299,-74453
299,-75060
299,-75487
299,-74989
299,-75754
299,-74966
299,-74456
299,-74751
299,-74403
300,-75371
300,-74758
300,-74690
300,-74655
300,-74757
300,-73764
300,-74111
300,-74114
300,-73880
300,-73981
300,-73929
300,-73987
300,-73688
300,-73879
300,-73260
300,-73703
301,-73109
301,-71780
301,-71740
301,-71621
301,-71679
301,-71771
301,-71542
301,-71527
301,-71734
301,-71114
301,-71315
301,-71266
301,-71268
301,-70690
301,-70703
301,-70302
302,-70245
302,-70277
302,-69840
302,-70430
302,-69949
302,-68869
302,-69246
302,-69028
302,-68518
302,-68656
302,-69426
302,-69112
302,-69642
302,-69149
302,-69073
302,-68312
303,-68676
303,-68325
303,-68320
303,-67404
303,-67187
303,-67564
303,-66869
303,-66809
303,-66397
303,-66214
303,-66978
303,-67099
303,-65819
303,-65856
303,-65473
303,-65570
304,-65431
304,-65177
304,-65223
304,-65402
304,-65646
304,-64950
304,-64855
304,-64523
304,-64440
304,-64264
304,-64362
304,-64411
304,-64506
304,-63994
304,-64530
304,-64258
305,-63878
305,-64659
305,-64670
305,-63799
305,-64277
305,-64745
305,-64272
305,-63753
305,-63939
305,-63943
305,-63510
305,-63446
305,-62252
305,-62930
305,-62347
305,-61390
306,-61325
306,-61660
306,-61030
306,-60865
306,-61065
306,-60874
306,-61235
306,-60751
306,-59598
306,-60909
306,-60449
306,-60581
306,-59832
306,-60447
306,-59251
306,-59505
307,-59643
307,-59678
307,-59611
307,-58813
307,-58988
307,-58099
307,-58454
307,-58040
307,-58501
307,-58585
307,-57807
307,-58702
307,-58861
307,-58390
307,-57581
307,-57970
308,-58092
308,-57563
308,-57607
308,-57936
308,-56474
308,-56723
308,-57195
308,-57049
308,-57542
308,-56940
308,-57058
308,-56825
308,-56905
308,-56907
308,-56300
308,-56448
309,-56612
309,-55481
309,-55683
309,-55522
309,-55423
309,-54999
309,-55789
309,-55624
309,-55206
309,-55629
309,-55839
309,-56161
309,-54917
309,-55162
309,-55055
309,-55089
310,-55132
310,-54884
310,-54279
310,-54626
310,-54470
310,-54619
310,-54573
310,-55055
310,-54802
310,-54850
310,-53955
310,-54059
310,-54729
310,-54769
310,-55008
310,-54866
311,-54891
311,-54709
311,-54376
311,-54561
311,-54290
311,-54329
311,-54093
311,-54694
311,-54821
311,-54449
311,-54729
311,-54955
311,-54915
311,-54637
311,-54215
311,-53954
312,-54960
312,-54611
312,-54359
312,-54727
312,-54064
312,-54362
312,-54384
312,-54073
312,-54290
312,-54314
312,-53534
312,-54166
312,-54057
312,-54144
312,-54074
312,-54507
313,-54455
313,-54949
313,-53853
313,-54161
313,-53878
313,-53758
313,-53983
313,-53892
313,-53944
313,-53737
313,-53606
313,-54512
313,-54678
313,-54579
313,-54611
313,-54825
314,-54232
314,-53586
314,-53863
314,-53803
314,-54012
314,-54036
314,-53920
314,-53855
314,-53984
314,-53654
314,-53258
314,-54061
314,-54396
314,-53894
314,-54822
314,-53698
315,-54149
315,-53817
315,-53972
315,-54183
315,-53516
315,-53632
315,-53567
315,-53644
315,-53732
315,-53916
315,-53858
315,-54589
315,-54894
315,-54285
315,-54694
315,-54231
316,-55402
316,-54717
316,-55027
316,-54629
316,-54753
316,-54809
316,-54619
316,-53881
316,-55105
316,-54988
316,-55434
316,-55518
316,-55352
316,-55504
316,-55776
316,-56035
317,-55452
317,-56011
317,-55478
317,-55621
317,-55566
317,-55808
317,-56390
317,-55887
317,-55562
317,-55740
317,-56534
317,-56166
317,-56101
317,-56224
317,-56108
317,-55785
318,-56860
318,-56070
318,-55784
318,-56776
318,-56755
318,-56606
318,-56332
318,-56925
318,-56468
318,-57450
318,-57117
318,-57110
318,-56676
318,-57067
318,-56269
318,-57578
319,-57402
319,-57117
319,-57475
319,-57907
319,-57841
319,-57560
319,-57706
319,-58358
319,-57896
319,-58417
319,-58227
319,-57307
319,-57695
319,-58863
319,-57829
319,-58150
320,-58076
320,-57809
320,-58265
320,-57991
320,-57804
320,-58279
320,-57560
320,-58313
320,-58414
320,-58225
320,-58870
320,-58927
320,-58573
320,-58892
320,-59075
320,-58960
321,-59794
321,-59769
321,-59393
321,-59598
321,-59140
321,-59834
321,-60087
321,-59562
321,-60440
321,-60887
321,-60434
321,-61275
321,-61484
321,-60721
321,-60958
321,-60954
322,-61024
322,-61804
322,-61145
322,-62090
322,-62525
322,-61500
322,-61629
322,-61441
322,-61203
322,-61906
322,-61976
322,-61711
322,-61965
322,-61954
322,-62294
322,-61794
323,-61902
323,-62143
323,-62364
323,-61863
323,-62425
323,-62678
323,-62239
323,-63096
323,-62645
323,-62783
323,-62177
323,-63126
323,-62689
323,-62466
323,-62858
323,-61802
324,-62319
324,-62166
324,-62198
324,-62208
324,-61941
324,-62169
324,-62351
324,-62283
324,-62779
324,-62712
324,-63118
324,-62850
324,-63507
324,-62424
324,-62415
324,-62699
325,-63440
325,-63534
325,-63903
325,-63751
325,-62926
325,-63206
325,-63379
325,-63486
325,-63367
325,-64217
325,-63800
325,-63356
325,-63501
325,-63421
325,-63215
325,-63387
326,-63519
326,-63351
326,-63781
326,-63322
326,-63143
326,-62730
326,-62596
326,-63128
326,-62927
326,-63240
326,-63231
326,-63245
326,-63088
326,-62761
326,-62758
326,-62301
327,-62661
327,-62325
327,-61922
327,-61930
327,-61928
327,-61848
327,-61482
327,-61628
327,-61926
327,-61261
327,-61504
327,-61705
327,-60831
327,-60805
327,-61006
327,-60844
328,-60233
328,-60698
328,-60042
328,-60019
328,-60681
328,-61049
328,-60493
328,-60928
328,-61115
328,-60538
328,-60426
328,-60814
328,-60007
328,-61261
328,-60664
328,-60939
329,-60319
329,-60748
329,-60588
329,-60674
329,-60981
329,-61038
329,-61068
329,-60567
329,-60752
329,-60672
329,-61030
329,-60248
329,-60296
329,-60533
329,-61079
329,-60062
330,-60279
330,-60996
330,-60551
330,-60844
330,-60436
330,-60474
330,-61559
330,-60663
330,-60914
330,-61035
330,-61029
330,-60924
330,-60886
330,-60962
330,-60804
330,-61171
331,-61030
331,-61413
331,-60891
331,-61674
331,-60272
331,-60534
331,-61675
331,-61171
331,-61216
331,-61077
331,-61391
331,-61515
331,-61165
331,-61018
331,-61338
331,-61331
332,-61101
332,-61220
332,-61432
332,-61774
332,-62020
332,-61492
332,-62641
332,-61492
332,-62510
332,-62734
332,-61766
332,-61693
332,-61848
332,-62002
332,-62094
332,-62020
333,-62062
333,-62159
333,-62392
333,-61657
333,-62525
333,-62209
333,-62082
333,-61992
333,-62558
333,-63019
333,-63253
333,-62919
333,-63076
333,-62740
333,-62904
333,-63184
334,-63691
334,-63766
334,-63162
334,-63947
334,-63690
334,-63926
334,-63728
334,-63672
334,-64351
334,-64016
334,-64261
334,-64604
334,-64045
334,-64628
334,-64402
334,-64990
335,-65383
335,-65681
335,-65374
335,-64719
335,-65643
335,-65570
335,-65801
335,-65115
335,-65696
335,-65007
335,-65823
335,-65526
335,-66612
335,-66088
335,-65720
335,-66489
336,-65883
336,-65381
336,-66259
336,-66288
336,-66219
336,-65649
336,-65257
336,-66035
336,-65857
336,-65860
336,-65856
336,-65448
336,-65207
336,-65621
336,-65585
336,-64843
337,-65064
337,-65290
337,-64316
337,-64929
337,-65187
337,-64578
337,-65105
337,-64961
337,-64689
337,-65077
337,-66260
337,-65484
337,-65928
337,-65203
337,-65905
337,-65082
338,-65544
338,-65614
338,-65778
338,-65509
338,-65580
338,-65476
338,-65441
338,-65906
338,-66563
338,-65504
338,-66090
338,-66949
338,-65765
338,-66130
338,-66133
338,-66874
339,-66728
339,-66090
339,-67174
339,-66510
339,-66653
339,-67467
339,-67524
339,-66979
339,-67493
339,-67620
339,-67098
339,-67276
339,-67205
339,-67285
339,-67080
339,-67757
340,-68071
340,-68046
340,-67618
340,-67877
340,-69030
340,-69250
340,-69284
340,-69522
340,-69587
340,-69639
340,-68740
340,-69524
340,-69601
340,-69041
340,-69964
340,-69497
341,-69711
341,-69802
341,-70367
341,-69606
341,-70577
341,-70554
341,-70787
341,-71050
341,-71248
341,-71607
341,-71787
341,-71980
341,-72455
341,-72206
341,-72802
341,-72650
342,-71999
342,-72859
342,-72516
342,-73120
342,-73168
342,-73274
342,-73418
342,-73674
342,-73255
342,-74515
342,-74189
342,-74093
342,-74521
342,-74588
342,-74355
342,-75349
343,-75638
343,-75884
343,-76137
343,-76057
343,-76415
343,-76206
343,-76677
343,-76654
343,-76683
343,-76798
343,-76498
343,-77383
343,-76763
343,-76973
343,-77233
343,-77850
344,-78490
344,-78362
344,-78430
344,-77559
344,-78284
344,-78798
344,-78422
344,-77888
344,-78217
344,-78119
344,-78611
344,-78667
344,-78073
344,-78747
344,-78651
344,-79128
345,-79490
345,-78373
345,-79012
345,-79307
345,-79369
345,-80225
345,-80559
345,-79836
345,-79087
345,-80092
345,-80437
345,-80055
345,-80236
345,-80497
345,-80416
345,-80697
346,-80673
346,-80626
346,-80944
346,-80758
346,-81765
346,-81802
346,-82677
346,-82159
346,-82589
346,-83122
346,-82358
346,-82853
346,-83055
346,-83065
346,-83206
346,-83246
347,-83495
347,-83712
347,-83800
347,-84332
347,-84458
347,-83506
347,-84411
347,-84370
347,-83747
347,-84951
347,-84903
347,-85085
347,-84335
347,-84949
347,-85121
347,-84724
348,-84647
348,-84993
348,-85873
348,-85897
348,-85501
348,-85568
348,-85295
348,-85282
348,-85341
348,-86282
348,-86485
348,-85481
348,-85856
348,-85136
348,-84778
348,-85519
349,-85310
349,-86362
349,-86448
349,-86100
349,-85975
349,-86604
349,-86985
349,-87040
349,-86756
349,-87577
349,-87245
349,-87173
349,-87577
349,-87388
349,-87299
349,-87959
350,-87493
350,-88038
350,-88292
350,-88051
350,-88930
350,-89072
350,-89132
350,-88841
350,-89632
350,-88979
350,-88608
350,-89301
350,-89130
350,-89906
350,-89536
350,-90118
351,-90474
351,-90589
351,-91081
351,-90859
351,-90623
351,-91259
351,-90432
351,-90916
351,-91205
351,-90621
351,-90699
351,-92097
351,-92168
351,-91859
351,-90986
351,-91371
352,-92209
352,-91909
352,-92215
352,-92232
352,-92384
352,-92251
352,-92092
352,-92648
352,-92456
352,-92580
352,-93456
352,-93137
352,-93591
352,-93041
352,-93579
352,-93547
353,-93326
353,-93045
353,-93325
353,-93760
353,-93664
353,-93711
353,-94217
353,-94209
353,-93811
353,-93628
353,-94192
353,-93708
353,-93868
353,-94914
353,-94682
353,-95093
354,-95306
354,-94827
354,-95622
354,-95044
354,-95353
354,-94846
354,-95188
354,-95703
354,-96070
354,-96111
354,-95653
354,-96722
354,-96516
354,-97051
354,-96873
354,-96782
355,-97019
355,-96685
355,-97439
355,-97583
355,-97539
355,-98022
355,-97789
355,-97822
355,-98513
355,-98131
355,-97545
355,-98389
355,-99177
355,-98377
355,-99346
355,-99666
356,-99898
356,-100031
356,-99685
356,-99870
356,-99257
356,-100053
356,-100348
356,-101018
356,-100470
356,-101224
356,-100996
356,-101037
356,-102058
356,-101660
356,-101682
356,-101918
357,-101532
357,-101250
357,-101985
357,-102170
357,-102661
357,-102375
357,-102816
357,-101881
357,-102971
357,-103041
357,-103412
357,-103074
357,-102705
357,-103578
357,-103750
357,-103015
358,-103996
358,-103724
358,-103409
358,-103725
358,-103579
358,-104529
358,-104109
358,-102757
358,-104672
358,-103797
358,-103986
358,-103804
358,-103885
358,-104542
358,-104390
358,-104802
359,-104791
359,-105480
359,-104842
359,-105365
359,-105169
359,-105874
359,-105886
359,-105541
359,-105659
359,-105772
359,-106126
359,-106525
359,-106296
359,-106922
359,-106880
359,-107282
360,-107398
360,-107781
360,-107723
360,-107642
360,-107911
360,-107857
360,-107848
360,-108465
360,-108098
360,-108629
360,-108597
360,-108333
360,-109188
360,-108932
360,-108800
360,-108904
361,-108807
361,-108731
361,-108644
361,-109470
361,-109780
361,-109293
361,-109190
361,-110416
361,-110012
361,-110342
361,-110988
361,-110430
361,-110560
361,-110641
361,-110463
361,-110266
362,-110789
362,-110842
362,-110828
362,-110976
362,-111128
362,-110800
362,-111330
362,-111169
362,-110984
362,-111134
362,-110780
362,-111622
362,-110658
362,-111152
362,-111339
362,-111855
363,-110960
363,-111539
363,-111581
363,-111652
363,-112364
363,-112107
363,-111301
363,-111509
363,-111827
363,-111951
363,-111502
363,-112301
363,-112261
363,-113295
363,-112566
363,-111978
364,-112823
364,-113377
364,-112515
364,-113103
364,-113498
364,-113262
364,-113062
364,-113400
364,-113137
364,-113319
364,-113270
364,-113646
364,-113428
364,-113823
364,-113636
364,-113824
365,-114305
365,-113650
365,-114070
365,-114230
365,-113714
365,-114006
365,-114101
365,-114395
365,-114094
365,-114871
365,-114334
365,-114461
365,-113988
365,-113720
365,-114394
365,-114275
366,-113801
366,-114418
366,-114393
366,-113695
366,-113845
366,-114101
366,-114045
366,-113683
366,-112918
366,-113159
366,-113375
366,-113440
366,-113002
366,-113105
366,-113913
366,-112784
367,-112236
367,-113042
367,-112197
367,-112464
367,-113052
367,-112430
367,-112848
367,-113784
367,-113013
367,-112893
367,-112856
367,-113302
367,-112777
367,-112872
367,-113343
367,-112947
368,-112769
368,-113822
368,-114173
368,-113341
368,-113491
368,-113600
368,-112796
368,-112852
368,-113311
368,-113447
368,-113371
368,-113344
368,-112714
368,-112366
368,-112247
368,-112054
369,-112678
369,-112459
369,-112614
369,-112124
369,-113280
369,-112849
369,-112856
369,-112723
369,-112078
369,-113095
369,-113012
369,-113627
369,-113019
369,-113007
369,-113139
369,-112749
370,-112943
370,-113122
370,-113006
370,-112654
370,-112803
370,-112461
370,-112358
370,-112866
370,-112420
370,-112245
370,-112479
370,-112640
370,-112370
370,-111944
370,-112431
370,-112283
371,-112395
371,-112490
371,-112494
371,-111860
371,-112940
371,-111502
371,-111871
371,-111514
371,-112001
371,-112535
371,-112850
371,-112151
371,-112189
371,-111593
371,-111319
371,-112202
372,-112165
372,-112443
372,-112437
372,-111979
372,-112160
372,-110891
372,-111159
372,-112248
372,-112742
372,-111664
372,-112015
372,-112811
372,-111823
372,-111597
372,-111799
372,-112550
373,-111708
373,-111881
373,-111738
373,-111345
373,-111764
373,-110934
373,-110417
373,-110895
373,-110839
373,-110878
373,-110642
373,-110245
373,-110623
373,-111164
373,-110941
373,-110390
374,-109975
374,-109929
374,-110032
374,-110385
374,-110175
374,-109535
374,-109948
374,-110459
374,-110807
374,-110262
374,-110731
374,-109812
374,-110580
374,-110557
374,-110112
374,-110125
375,-110411
375,-110016
375,-110892
375,-110030
375,-109113
375,-110411
375,-110999
375,-109876
375,-109865
375,-109716
375,-110477
375,-110305
375,-110017
375,-110430
375,-109391
375,-108976
376,-109165
376,-109795
376,-109719
376,-108862
376,-109732
376,-109489
376,-109741
376,-108940
376,-109748
376,-109169
376,-109007
376,-108789
376,-108965
376,-109432
376,-108801
376,-109412
377,-109513
377,-109158
377,-109290
377,-109701
377,-109742
377,-109458
377,-108794
377,-109586
377,-109357
377,-109433
377,-109067
377,-108845
377,-108458
377,-109180
377,-109009
377,-108854
378,-109308
378,-108466
378,-108436
378,-108800
378,-108358
378,-108005
378,-107862
378,-107399
378,-108235
378,-108101
378,-106974
378,-107634
378,-107644
378,-107074
378,-107599
378,-107259
379,-106247
379,-107454
379,-107269
379,-107258
379,-106993
379,-107947
379,-106913
379,-106196
379,-107298
379,-106739
379,-106597
379,-106273
379,-105806
379,-105816
379,-105977
379,-106197
380,-105597
380,-105082
380,-105691
380,-104857
380,-104982
380,-105263
380,-105339
380,-104908
380,-104983
380,-104380
380,-104243
380,-104602
380,-104951
380,-104170
380,-104179
380,-103788
381,-103457
381,-103400
381,-103963
381,-104587
381,-104252
381,-104465
381,-103691
381,-103039
381,-103348
381,-103115
381,-102875
381,-103513
381,-103454
381,-103397
381,-103014
381,-102680
382,-102621
382,-102064
382,-102490
382,-102210
382,-102112
382,-101923
382,-102110
382,-102078
382,-102225
382,-102007
382,-102252
382,-101860
382,-101791
382,-101214
382,-101621
382,-101114
383,-100847
383,-100868
383,-101230
383,-100653
383,-100686
383,-100658
383,-99641
383,-99792
383,-100156
383,-99255
383,-99904
383,-99426
383,-98987
383,-98741
383,-98589
383,-98550
384,-98077
384,-98285
384,-98336
384,-97621
384,-97656
384,-97102
384,-97329
384,-96761
384,-97736
384,-96865
384,-97124
384,-96298
384,-96513
384,-96577
384,-96158
384,-96734
385,-95365
385,-96267
385,-95957
385,-96902
385,-96326
385,-96125
385,-97080
385,-96169
385,-96466
385,-96846
385,-96494
385,-96489
385,-95908
385,-95880
385,-96152
385,-96184
386,-96506
386,-95884
386,-95575
386,-96659
386,-95895
386,-95778
386,-95981
386,-95972
386,-95548
386,-95821
386,-94755
386,-95098
386,-95358
386,-95846
386,-95316
386,-95439
387,-95994
387,-95040
387,-95297
387,-95581
387,-95073
387,-95406
387,-94477
387,-94740
387,-95479
387,-94852
387,-95033
387,-94355
387,-94696
387,-94570
387,-93892
387,-93157
388,-94249
388,-93697
388,-93040
388,-93355
388,-92799
388,-92977
388,-92438
388,-92989
388,-93058
388,-92516
388,-92796
388,-92273
388,-92567
388,-92597
388,-92743
388,-92693
389,-92841
389,-92863
389,-92979
389,-92395
389,-92102
389,-92749
389,-92633
389,-92692
389,-92630
389,-92594
389,-92959
389,-92767
389,-93122
389,-93345
389,-92237
389,-92445
390,-92944
390,-92413
390,-92294
390,-92518
390,-92958
390,-94244
390,-93601
390,-93415
390,-93776
390,-93533
390,-93641
390,-92984
390,-92582
390,-92855
390,-93142
390,-92999
391,-92879
391,-93220
391,-94271
391,-93652
391,-93685
391,-93793
391,-93689
391,-93162
391,-93781
391,-92877
391,-93280
391,-93037
391,-93246
391,-93919
391,-93675
391,-94141
392,-94312
392,-93424
392,-93534
392,-94044
392,-93443
392,-93627
392,-93517
392,-94126
392,-93607
392,-94566
392,-93658
392,-94184
392,-94562
392,-94198
392,-94583
392,-94214
393,-94056
393,-93479
393,-93789
393,-93576
393,-94048
393,-93241
393,-93242
393,-93897
393,-93755
393,-93288
393,-93560
393,-93116
393,-93055
393,-93448
393,-92713
393,-92516
394,-92737
394,-92254
394,-92462
394,-92398
394,-93073
394,-93079
394,-91888
394,-92932
394,-92576
394,-93099
394,-92567
394,-92580
394,-92994
394,-92573
394,-92523
394,-93103
395,-93152
395,-92801
395,-93593
395,-93138
395,-93323
395,-93770
395,-93412
395,-92933
395,-93017
395,-93283
395,-92933
395,-93155
395,-93438
395,-93122
395,-93165
395,-93313
396,-93231
396,-92792
396,-92964
396,-92472
396,-92043
396,-92958
396,-93203
396,-92133
396,-92832
396,-92930
396,-93222
396,-92269
396,-93571
396,-92558
396,-93089
396,-92603
397,-93545
397,-92674
397,-93103
397,-93226
397,-93679
397,-93274
397,-93674
397,-93686
397,-93744
397,-94151
397,-93792
397,-93790
397,-94482
397,-94011
397,-93809
397,-93430
398,-94405
398,-94495
398,-94717
398,-95291
398,-94419
398,-94590
398,-95028
398,-94769
398,-95090
398,-95122
398,-94832
398,-95411
398,-95830
398,-95227
398,-94803
398,-94648
399,-94230
399,-95042
399,-95211
399,-94138
399,-94544
399,-94617
399,-95159
399,-95016
399,-94478
399,-94314
399,-94271
399,-93998
399,-93799
399,-93744
399,-94034
399,-94126
400,-94185
400,-93917
400,-93078
400,-94036
400,-93624
400,-92888
400,-93725
400,-93810
400,-93751
400,-93859
400,-93893
400,-93284
400,-93103
400,-93993
400,-93927
400,-94073
401,-94031
401,-93630
401,-93672
401,-93512
401,-92915
401,-93809
401,-93753
401,-93393
401,-93791
401,-93704
401,-93764
401,-93928
401,-93485
401,-94385
401,-93791
401,-93780
402,-93751
402,-93501
402,-93894
402,-93835
402,-93682
402,-94414
402,-94049
402,-94580
402,-94636
402,-93898
402,-94851
402,-94840
402,-94361
402,-94360
402,-93914
402,-94831
403,-94192
403,-94491
403,-94325
403,-94741
403,-95083
403,-95038
403,-95034
403,-95443
403,-95377
403,-94775
403,-95165
403,-95799
403,-95559
403,-95359
403,-95710
403,-95558
404,-95102
404,-95212
404,-94921
404,-94914
404,-94073
404,-94726
404,-94555
404,-94846
404,-95439
404,-95586
404,-95181
404,-95046
404,-94721
404,-95012
404,-95151
404,-95281
405,-95524
405,-95575
405,-95920
405,-94776
405,-94979
405,-95589
405,-94953
405,-95083
405,-94693
405,-94043
405,-94180
405,-94134
405,-94590
405,-94573
405,-94718
405,-94889
406,-95293
406,-94698
406,-95337
406,-95556
406,-95425
406,-95466
406,-95175
406,-95816
406,-96189
406,-96019
406,-96255
406,-95705
406,-95805
406,-95702
406,-95665
406,-96081
407,-95676
407,-96331
407,-96437
407,-95847
407,-96188
407,-96907
407,-95841
407,-96154
407,-96263
407,-95986
407,-96447
407,-96276
407,-96746
407,-96238
407,-95867
407,-95986
408,-96202
408,-95994
408,-96025
408,-96141
408,-95492
408,-95265
408,-95484
408,-95415
408,-95868
408,-95544
408,-95310
408,-95170
408,-94978
408,-95851
408,-94915
408,-94574
409,-95209
409,-94313
409,-94708
409,-95397
409,-94409
409,-93765
409,-94349
409,-95080
409,-94024
409,-94155
409,-94260
409,-94070
409,-94308
409,-94292
409,-94427
409,-93653
410,-93251
410,-93285
410,-93067
410,-93621
410,-93826
410,-93648
410,-93446
410,-94201
410,-93959
410,-93807
410,-94073
410,-94123
410,-93909
410,-93713
410,-93636
410,-93121
411,-94046
411,-94872
411,-95138
411,-94655
411,-95028
411,-94367
411,-94736
411,-94564
411,-94785
411,-94958
411,-94997
411,-94496
411,-95196
411,-95228
411,-94485
411,-95578
412,-95446
412,-95403
412,-94715
412,-94938
412,-94792
412,-94444
412,-94280
412,-95174
412,-95393
412,-95396
412,-94846
412,-94165
412,-95266
412,-94614
412,-94959
412,-94803
413,-93535
413,-94209
413,-94015
413,-94091
413,-95158
413,-94450
413,-94405
413,-94238
413,-94386
413,-94383
413,-95258
413,-94122
413,-94040
413,-94417
413,-94758
413,-94776
414,-95012
414,-94838
414,-95654
414,-95753
414,-95520
414,-96242
414,-95904
414,-96036
414,-95792
414,-95999
414,-95432
414,-95557
414,-96095
414,-95873
414,-95690
414,-95765
415,-95863
415,-95432
415,-95718
415,-95927
415,-96465
415,-95955
415,-96744
415,-96732
415,-96540
415,-96783
415,-97275
415,-96976
415,-96615
415,-96752
415,-97176
415,-97466
416,-97081
416,-96956
416,-97053
416,-98074
416,-97443
416,-97881
416,-98516
416,-97979
416,-97503
416,-97661
416,-97239
416,-97739
416,-99302
416,-97985
416,-98048
416,-97513
417,-97932
417,-98493
417,-97438
417,-98136
417,-97500
417,-97305
417,-97564
417,-97571
417,-97693
417,-97184
417,-97890
417,-97131
417,-96629
417,-96950
417,-97468
417,-97494
418,-97155
418,-96280
418,-97488
418,-97676
418,-96702
418,-97332
418,-97175
418,-96968
418,-97708
418,-97110
418,-96348
418,-96546
418,-96415
418,-95785
418,-96251
418,-96581
419,-96728
419,-97025
419,-96695
419,-96033
419,-96740
419,-97349
419,-96717
419,-96903
419,-96313
419,-96369
419,-98044
419,-96978
419,-96736
419,-96984
419,-97204
419,-96386
420,-97174
420,-97221
420,-97276
420,-97194
420,-96787
420,-96886
420,-96307
420,-96605
420,-97049
420,-96249
420,-96538
420,-96383
420,-96614
420,-96610
420,-95876
420,-96664
421,-96504
421,-96202
421,-96391
421,-96337
421,-96468
421,-96291
421,-96335
421,-96212
421,-96113
421,-96379
421,-96187
421,-95858
421,-96565
421,-96693
421,-96688
421,-96249
422,-96850
422,-97306
422,-97317
422,-96201
422,-96749
422,-96369
422,-96791
422,-97453
422,-97315
422,-97359
422,-97109
422,-97417
422,-97582
422,-98132
422,-97807
422,-97417
423,-97388
423,-97766
423,-97807
423,-97386
423,-97339
423,-97156
423,-98212
423,-98169
423,-98086
423,-97989
423,-97584
423,-98633
423,-97930
423,-98674
423,-98003
423,-98375
424,-98571
424,-97654
424,-99040
424,-98696
424,-98734
424,-99391
424,-98718
424,-98414
424,-98825
424,-98644
424,-98621
424,-98620
424,-97393
424,-97851
424,-97750
424,-98551
425,-98554
425,-98621
425,-98176
425,-98767
425,-98188
425,-98502
425,-97755
425,-98260
425,-98574
425,-98618
425,-99181
425,-98683
425,-99445
425,-98530
425,-98714
425,-98665
426,-99138
426,-99259
426,-98499
426,-98936
426,-98853
426,-98741
426,-99124
426,-99067
426,-99214
426,-98753
426,-98340
426,-99454
426,-98369
426,-98250
426,-98991
426,-98957
427,-98894
427,-99166
427,-99182
427,-99745
427,-98994
427,-99132
427,-99855
427,-99602
427,-100205
427,-99894
427,-100647
427,-100338
427,-100438
427,-100256
427,-100788
427,-100799
428,-101034
428,-102040
428,-102088
428,-101967
428,-101835
428,-101213
428,-101615
428,-101517
428,-101748
428,-101636
428,-101330
428,-101698
428,-101843
428,-102142
428,-101754
428,-101485
429,-101821
429,-102661
429,-102779
429,-102312
429,-102534
429,-102478
429,-101956
429,-102319
429,-101997
429,-102470
429,-102179
429,-102487
429,-102479
429,-102703
429,-102725
429,-102937
430,-102613
430,-102590
430,-103141
430,-103672
430,-102746
430,-103755
430,-103377
430,-103794
430,-103260
430,-103993
430,-104644
430,-104301
430,-103798
430,-103830
430,-104644
430,-104076
431,-104436
431,-104402
431,-104244
431,-105114
431,-104964
431,-105178
431,-105315
431,-105136
431,-105985
431,-105085
431,-105787
431,-105954
431,-105783
431,-105722
431,-105704
431,-106401
432,-106645
432,-106333
432,-107243
432,-107287
432,-106598
432,-106792
432,-107198
432,-107237
432,-107373
432,-107546
432,-107904
432,-108022
432,-107627
432,-107762
432,-107800
432,-107814
433,-107733
433,-108105
433,-108344
433,-108144
433,-108525
433,-108554
433,-108813
433,-109090
433,-109376
433,-109238
433,-109771
433,-109986
433,-109832
433,-109945
433,-110148
433,-110004
434,-109498
434,-109817
434,-110458
434,-110212
434,-110222
434,-110906
434,-110598
434,-110390
434,-110536
434,-110900
434,-110661
434,-110520
434,-110446
434,-110641
434,-110614
434,-111093
435,-111651
435,-110815
435,-110684
435,-111152
435,-111048
435,-110994
435,-111307
435,-111343
435,-111355
435,-111110
435,-110903
435,-112192
435,-111805
435,-111111
435,-111183
435,-111424
436,-111478
436,-111786
436,-111707
436,-111053
436,-112699
436,-112486
436,-112491
436,-111945
436,-112375
436,-111818
436,-112787
436,-112582
436,-112693
436,-112993
436,-113673
436,-113596
437,-112836
437,-113442
437,-113925
437,-113174
437,-113148
437,-113141
437,-113216
437,-114680
437,-113767
437,-114093
437,-114133
437,-113839
437,-113435
437,-114031
437,-113816
437,-114205
438,-113641
438,-113820
438,-112842
438,-113595
438,-113584
438,-114260
438,-113875
438,-113260
438,-113704
438,-113581
438,-113672
438,-114573
438,-113899
438,-113576
438,-113960
438,-113649
439,-113183
439,-113831
439,-114142
439,-113990
439,-114323
439,-114273
439,-114250
439,-114796
439,-114808
439,-114608
439,-115672
439,-115638
439,-115562
439,-115275
439,-115308
439,-116718
440,-115585
440,-115965
440,-116280
440,-115646
440,-115268
440,-115417
440,-115797
440,-116215
440,-115386
440,-115793
440,-115888
440,-115229
440,-115477
440,-115591
440,-116271
440,-115997
441,-115806
441,-115336
441,-115453
441,-115631
441,-116222
441,-115943
441,-116238
441,-116126
441,-116283
441,-116234
441,-115717
441,-116009
441,-116368
441,-116220
441,-116206
441,-115540
442,-116531
442,-116459
442,-116640
442,-115824
442,-116214
442,-115830
442,-116609
442,-116074
442,-115733
442,-115705
442,-116306
442,-116070
442,-116096
442,-115969
442,-116000
442,-116298
443,-115761
443,-116352
443,-116157
443,-116177
443,-116913
443,-116270
443,-116598
443,-116848
443,-115296
443,-115981
443,-115934
443,-116575
443,-117386
443,-116852
443,-116658
443,-117137
444,-117229
444,-116719
444,-117414
444,-116812
444,-117215
444,-116632
444,-115908
444,-116723
444,-117024
444,-117263
444,-117210
444,-116737
444,-117368
444,-116783
444,-116281
444,-116342
445,-115943
445,-116154
445,-116387
445,-117002
445,-116018
445,-116681
445,-116295
445,-115920
445,-116928
445,-115797
445,-115926
445,-116475
445,-116116
445,-116526
445,-116691
445,-116263
446,-116820
446,-116675
446,-116738
446,-116912
446,-116525
446,-117014
446,-117725
446,-116692
446,-116715
446,-116955
446,-116262
446,-116310
446,-115915
446,-115988
446,-116617
446,-116997
447,-116727
447,-116700
447,-117342
447,-117529
447,-116711
447,-116948
447,-117076
447,-117070
447,-117430
447,-117517
447,-117507
447,-117215
447,-117408
447,-117066
447,-117045
447,-116373
448,-117120
448,-116957
448,-116690
448,-117543
448,-117288
448,-116656
448,-117457
448,-117602
448,-117132
448,-117607
448,-117963
448,-117237
448,-118259
448,-117405
448,-117669
448,-117265
449,-117386
449,-117672
449,-117740
449,-118547
449,-118568
449,-118666
449,-118787
449,-118379
449,-119303
449,-119320
449,-118358
449,-119225
449,-118770
449,-118832
449,-119258
449,-118353
450,-118695
450,-119152
450,-118960
450,-118983
450,-118684
450,-119045
450,-119226
450,-118436
450,-119039
450,-119237
450,-119506
450,-119119
450,-119321
450,-119888
450,-118633
450,-118959
451,-118613
451,-118202
451,-118702
451,-118734
451,-118737
451,-119285
451,-118185
451,-118371
451,-119020
451,-118571
451,-118705
451,-118567
451,-118381
451,-118055
451,-118068
451,-118006
452,-116845
452,-117182
452,-117548
452,-116450
452,-116900
452,-117038
452,-116569
452,-116051
452,-116124
452,-115904
452,-116278
452,-115177
452,-115702
452,-115825
452,-115571
452,-115779
453,-115240
453,-115918
453,-115871
453,-115047
453,-115273
453,-115118
453,-115101
453,-114509
453,-114704
453,-114750
453,-114481
453,-114368
453,-114926
453,-114967
453,-114457
453,-114899
454,-114911
454,-113877
454,-114594
454,-114026
454,-113848
454,-114024
454,-113643
454,-113470
454,-114007
454,-113454
454,-113972
454,-113890
454,-113800
454,-113658
454,-113156
454,-113963
455,-113822
455,-113422
455,-113374
455,-113848
455,-114092
455,-113589
455,-113951
455,-112817
455,-113518
455,-112700
455,-113692
455,-112846
455,-112584
455,-113155
455,-112909
455,-113104
456,-112891
456,-113062
456,-112113
456,-113146
456,-113727
456,-113070
456,-112559
456,-112971
456,-113038
456,-111564
456,-111796
456,-111382
456,-112061
456,-112130
456,-112436
456,-112178
457,-111741
457,-112630
457,-112258
457,-112757
457,-112545
457,-111878
457,-111676
457,-112112
457,-112392
457,-112230
457,-112470
457,-112574
457,-111699
457,-112398
457,-112675
457,-111809
458,-112480
458,-112045
458,-112486
458,-111049
458,-111678
458,-112314
458,-112144
458,-111830
458,-111231
458,-111359
458,-111212
458,-111294
458,-112020
458,-111537
458,-110627
458,-111314
459,-110905
459,-111517
459,-111493
459,-111609
459,-111096
459,-110886
459,-111668
459,-110577
459,-110860
459,-111339
459,-111127
459,-111047
459,-111523
459,-111108
459,-111349
459,-111085
460,-110960
460,-111380
460,-111154
460,-111419
460,-110885
460,-110846
460,-110702
460,-110269
460,-109425
460,-110422
460,-110812
460,-110482
460,-110464
460,-110163
460,-109647
460,-109376
461,-109385
461,-108641
461,-108609
461,-108075
461,-108607
461,-108176
461,-107836
461,-107975
461,-107974
461,-108341
461,-107527
461,-108340
461,-108312
461,-107817
461,-107834
461,-108556
462,-108015
462,-108074
462,-108073
462,-107802
462,-108296
462,-107973
462,-107220
462,-107361
462,-107103
462,-107322
462,-106801
462,-106549
462,-106414
462,-106264
462,-106369
462,-107283
463,-106504
463,-106149
463,-106925
463,-105536
463,-106042
463,-105800
463,-105441
463,-105960
463,-105589
463,-105845
463,-106140
463,-105058
463,-105137
463,-104574
463,-105278
463,-104502
464,-104236
464,-104267
464,-105330
464,-104689
464,-103769
464,-102922
464,-103953
464,-103459
464,-102575
464,-103418
464,-103321
464,-103376
464,-103096
464,-103133
464,-102430
464,-102866
465,-103320
465,-102154
465,-103071
465,-102697
465,-102568
465,-102227
465,-102960
465,-102902
465,-101771
465,-102356
465,-101885
465,-102091
465,-101650
465,-101886
465,-102539
465,-102298
466,-101632
466,-101763
466,-101719
466,-101331
466,-101422
466,-101303
466,-101185
466,-100832
466,-101661
466,-101208
466,-100998
466,-101618
466,-100750
466,-100677
466,-100815
466,-100729
467,-100549
467,-101132
467,-101091
467,-101308
467,-100351
467,-100223
467,-100779
467,-100329
467,-100137
467,-100165
467,-100786
467,-101089
467,-100297
467,-100353
467,-100004
467,-100822
468,-100555
468,-100360
468,-100405
468,-99857
468,-99792
468,-99070
468,-98629
468,-98923
468,-98679
468,-98439
468,-98330
468,-97889
468,-98513
468,-98381
468,-98440
468,-98157
469,-97988
469,-98406
469,-98591
469,-97571
469,-97468
469,-97411
469,-97118
469,-97859
469,-97377
469,-97573
469,-96939
469,-97037
469,-96692
469,-96505
469,-97224
469,-96924
470,-96559
470,-96944
470,-95738
470,-95731
470,-96415
470,-95866
470,-95441
470,-95504
470,-95790
470,-95827
470,-96098
470,-96006
470,-95916
470,-95989
470,-96136
470,-95267
471,-95941
471,-95405
471,-95592
471,-96103
471,-95700
471,-95127
471,-95359
471,-95063
471,-94712
471,-95153
471,-95457
471,-95441
471,-95374
471,-95610
471,-94538
471,-95050
472,-95241
472,-95596
472,-94672
472,-95835
472,-94918
472,-95540
472,-96065
472,-95572
472,-95647
472,-94894
472,-95054
472,-94508
472,-95200
472,-94884
472,-94933
472,-95253
473,-94932
473,-95294
473,-95785
473,-94764
473,-93752
473,-94162
473,-94276
473,-94229
473,-93913
473,-94518
473,-95017
473,-94614
473,-94264
473,-94345
473,-94319
473,-94979
474,-94466
474,-94396
474,-93787
474,-93303
474,-94235
474,-93668
474,-93530
474,-93217
474,-92812
474,-93612
474,-93409
474,-93549
474,-93719
474,-94039
474,-93390
474,-93920
475,-93510
475,-93459
475,-93952
475,-93816
475,-93154
475,-93708
475,-93244
475,-93656
475,-93879
475,-93252
475,-93811
475,-93520
475,-94130
475,-93682
475,-94480
475,-95308
476,-95225
476,-93700
476,-93496
476,-94170
476,-94534
476,-94414
476,-94729
476,-95419
476,-95311
476,-94557
476,-94080
476,-94619
476,-94736
476,-94750
476,-95227
476,-95378
477,-95205
477,-95279
477,-94954
477,-95775
477,-94871
477,-94481
477,-95193
477,-94912
477,-94753
477,-94556
477,-94876
477,-95980
477,-95346
477,-94428
477,-95095
477,-95579
478,-95631
478,-94922
478,-95210
478,-95144
478,-94913
478,-95075
478,-94918
478,-94300
478,-94290
478,-94291
478,-94491
478,-94705
478,-94053
478,-94628
478,-94376
478,-95083
479,-94373
479,-95118
479,-95633
479,-94659
479,-95126
479,-95116
479,-94902
479,-95971
479,-95814
479,-95100
479,-95822
479,-95354
479,-94865
479,-94775
479,-95579
479,-95688
480,-95469
480,-95111
480,-95158
480,-95574
480,-96248
480,-95945
480,-95790
480,-95348
480,-96003
480,-96216
480,-96260
480,-96502
480,-95857
480,-95458
480,-96339
480,-96296
481,-95716
481,-95846
481,-96136
481,-96349
481,-96271
481,-96159
481,-97340
481,-95836
481,-95895
481,-96489
481,-96589
481,-96289
481,-95765
481,-95649
481,-96042
481,-95852
482,-95498
482,-95994
482,-95873
482,-95724
482,-95343
482,-95317
482,-95123
482,-95373
482,-95912
482,-96068
482,-96150
482,-95513
482,-95433
482,-95468
482,-95674
482,-95970
483,-95406
483,-95644
483,-96087
483,-95362
483,-95928
483,-95593
483,-94729
483,-95263
483,-95030
483,-94321
483,-94763
483,-94427
483,-95604
483,-94181
483,-94376
483,-94161
484,-94213
484,-95032
484,-94787
484,-94865
484,-94889
484,-95014
484,-94467
484,-94814
484,-94749
484,-95093
484,-95161
484,-94837
484,-94420
484,-94687
484,-93908
484,-93771
485,-94273
485,-94689
485,-94141
485,-94695
485,-94065
485,-93718
485,-93547
485,-93733
485,-93293
485,-93096
485,-94479
485,-93288
485,-93334
485,-93366
485,-93437
485,-93214
486,-92770
486,-92987
486,-92421
486,-92141
486,-91808
486,-91225
486,-91599
486,-91620
486,-91698
486,-91715
486,-91182
486,-90960
486,-91166
486,-90871
486,-89767
486,-90765
487,-89803
487,-89767
487,-90081
487,-89194
487,-90200
487,-89829
487,-89596
487,-90199
487,-89471
487,-89241
487,-89049
487,-88973
487,-87959
487,-88735
487,-88135
487,-87718
488,-87946
488,-87262
488,-88158
488,-87149
488,-87173
488,-87133
488,-87329
488,-87459
488,-86901
488,-86282
488,-86325
488,-86426
488,-86132
488,-86372
488,-86528
488,-86260
489,-85417
489,-85338
489,-84971
489,-85546
489,-84762
489,-85559
489,-84837
489,-84726
489,-84954
489,-85012
489,-85096
489,-84529
489,-83824
489,-84600
489,-84600
489,-83583
490,-83742
490,-83655
490,-83282
490,-83831
490,-83237
490,-83698
490,-83969
490,-83426
490,-83770
490,-83806
490,-83622
490,-83162
490,-83572
490,-83185
490,-83303
490,-83252
491,-83131
491,-82780
491,-82763
491,-83081
491,-83380
491,-83172
491,-82765
491,-83000
491,-83324
491,-82161
491,-82665
491,-82493
491,-82317
491,-82360
491,-82710
491,-82248
492,-81874
492,-82380
492,-82282
492,-81619
492,-81457
492,-82345
492,-81174
492,-80808
492,-81163
492,-81071
492,-80910
492,-80977
492,-81308
492,-80438
492,-80769
492,-80293
493,-79691
493,-79565
493,-79361
493,-80114
493,-79551
493,-79196
493,-79048
493,-78252
493,-78333
493,-78671
493,-77927
493,-78529
493,-79107
493,-77905
493,-77754
493,-77761
494,-78282
494,-77701
494,-77623
494,-77509
494,-77734
494,-77059
494,-76897
494,-77047
494,-77893
494,-76949
494,-77052
494,-76550
494,-76872
494,-76586
494,-76759
494,-76790
495,-76978
495,-76424
495,-76319
495,-76004
495,-76394
495,-75863
495,-75167
495,-75167
495,-75000
495,-74653
495,-76083
495,-75350
495,-74590
495,-74775
495,-74585
495,-74952
496,-74296
496,-73838
496,-73799
496,-74380
496,-73721
496,-73773
496,-73578
496,-73013
496,-72797
496,-72341
496,-72617
496,-72912
496,-71970
496,-72858
496,-72056
496,-72000
497,-71822
497,-71255
497,-71139
497,-70581
497,-72485
497,-71229
497,-71019
497,-71837
497,-71569
497,-71512
497,-71559
497,-71587
497,-71626
497,-71307
497,-71107
497,-70872
498,-71277
498,-70926
498,-71355
498,-71983
498,-71803
498,-71607
498,-70879
498,-71049
498,-71324
498,-71876
498,-70923
498,-71571
498,-71356
498,-70891
498,-71056
498,-71227
499,-72095
499,-71414
499,-71121
499,-71482
499,-70523
499,-71383
499,-71588
499,-71900
499,-71239
499,-70930
499,-70854
499,-70841
499,-70539
499,-70609
499,-70348
499,-70570
500,-70680
500,-70711
500,-70514
500,-70858
500,-70661
500,-70817
500,-70259
500,-70357
500,-70741
500,-70973
500,-70939
500,-71030
500,-70912
500,-70862
500,-70018
500,-70818
501,-70672
501,-70673
501,-70415
501,-70971
501,-70375
501,-70650
501,-70941
501,-70624
501,-70505
501,-70405
501,-69909
501,-70810
501,-71232
501,-71091
501,-70641
501,-70972
502,-70355
502,-70899
502,-71293
502,-71647
502,-70813
502,-70926
502,-70970
502,-70977
502,-70396
502,-70661
502,-70227
502,-70370
502,-70369
502,-70124
502,-70374
502,-70027
503,-70509
503,-70031
503,-69943
503,-70294
503,-69566
503,-69986
503,-69303
503,-68832
503,-69940
503,-70301
503,-69715
503,-69185
503,-68967
503,-69580
503,-69254
503,-69126
504,-69290
504,-68807
504,-67980
504,-68508
504,-68453
504,-67938
504,-68122
504,-68244
504,-68100
504,-68266
504,-68179
504,-67956
504,-67724
504,-67271
504,-67361
504,-67260
505,-67373
505,-67704
505,-66718
505,-67014
505,-66888
505,-67151
505,-66219
505,-66472
505,-67275
505,-65908
505,-66549
505,-66527
505,-66240
505,-66100
505,-66464
505,-66710
506,-65992
506,-65836
506,-67168
506,-66804
506,-66375
506,-66881
506,-66420
506,-66047
506,-65776
506,-65921
506,-66495
506,-65755
506,-66247
506,-66261
506,-66245
506,-66131
507,-66290
507,-66068
507,-66234
507,-65856
507,-65744
507,-64735
507,-65508
507,-64676
507,-65439
507,-64537
507,-64645
507,-64669
507,-64019
507,-64168
507,-64879
507,-63899
508,-63415
508,-64283
508,-63597
508,-63258
508,-64137
508,-62987
508,-63016
508,-63614
508,-62695
508,-62506
508,-62640
508,-62014
508,-62333
508,-61976
508,-61072
508,-61321
509,-60572
509,-60252
509,-60558
509,-60490
509,-60911
509,-61013
509,-59832
509,-59917
509,-59928
509,-59638
509,-59310
509,-59232
509,-59205
509,-58979
509,-59475
509,-58982
510,-58724
510,-58585
510,-58738
510,-58813
510,-58705
510,-57360
510,-58050
510,-58182
510,-58132
510,-57821
510,-57247
510,-56189
510,-57126
510,-57067
510,-56968
510,-56218
511,-56431
511,-56548
511,-56655
511,-55537
511,-56015
511,-55552
511,-56106
511,-55413
511,-55243
511,-55493
511,-55042
511,-55555
511,-54644
511,-53988
511,-54315
511,-53747
512,-53545
512,-53109
512,-52639
512,-52697
512,-52525
512,-53056
512,-52445
512,-52392
512,-53092
512,-53036
512,-52289
512,-52529
512,-52590
512,-52166
512,-52622
512,-51920
513,-52238
513,-52266
513,-51715
513,-51609
513,-50584
513,-50994
513,-50775
513,-51205
513,-50355
513,-50590
513,-50332
513,-50242
513,-50195
513,-49871
513,-49241
513,-49527
514,-48473
514,-49037
514,-48967
514,-49296
514,-48641
514,-48122
514,-48342
514,-47996
514,-48305
514,-48374
514,-48371
514,-48093
514,-47991
514,-48368
514,-47280
514,-47875
515,-47887
515,-47267
515,-47014
515,-47363
515,-46298
515,-45977
515,-46557
515,-46702
515,-47033
515,-47283
515,-46492
515,-46174
515,-46488
515,-46930
515,-46373
515,-46163
516,-45696
516,-45828
516,-46213
516,-45932
516,-45563
516,-46114
516,-45668
516,-45496
516,-44737
516,-45402
516,-45713
516,-45099
516,-46056
516,-45861
516,-46367
516,-45882
517,-45849
517,-45066
517,-44831
517,-44823
517,-44792
517,-44595
517,-44327
517,-44114
517,-44118
517,-44751
517,-44972
517,-43883
517,-43766
517,-43321
517,-43189
517,-42812
518,-42792
518,-42388
518,-42595
518,-42694
518,-43208
518,-42678
518,-42764
518,-42732
518,-42130
518,-42137
518,-42997
518,-42414
518,-42959
518,-41913
518,-41589
518,-41416
519,-41725
519,-42267
519,-41785
519,-41935
519,-42273
519,-42215
519,-42726
519,-42291
519,-42079
519,-42554
519,-41468
519,-42080
519,-41968
519,-41674
519,-41703
519,-41856
520,-41748
520,-42022
520,-42039
520,-41454
520,-41491
520,-41442
520,-41337
520,-40950
520,-40747
520,-40869
520,-40488
520,-40638
520,-40708
520,-40553
520,-40504
520,-40012
521,-39284
521,-39536
521,-39549
521,-40083
521,-40082
521,-39562
521,-40276
521,-39122
521,-39898
521,-39550
521,-39831
521,-39628
521,-39783
521,-40142
521,-40140
521,-40251
522,-39403
522,-39455
522,-39462
522,-39433
522,-40318
522,-40254
522,-39641
522,-39850
522,-39872
522,-39752
522,-39723
522,-39685
522,-39643
522,-39327
522,-39837
522,-39594
523,-39338
523,-39894
523,-40038
523,-39707
523,-39651
523,-40014
523,-39625
523,-39924
523,-40148
523,-40466
523,-40144
523,-39964
523,-40055
523,-40212
523,-39787
523,-40242
524,-39741
524,-39892
524,-40076
524,-40287
524,-40004
524,-39886
524,-40503
524,-40327
524,-39859
524,-40442
524,-41170
524,-40544
524,-39817
524,-39957
524,-40307
524,-40686
525,-40204
525,-40047
525,-40754
525,-40169
525,-40394
525,-40545
525,-39905
525,-40696
525,-40262
525,-40055
525,-40395
525,-41165
525,-40189
525,-39680
525,-39659
525,-39497
526,-39562
526,-40136
526,-39309
526,-38716
526,-39423
526,-38861
526,-39438
526,-39468
526,-39042
526,-39642
526,-39368
526,-40107
526,-39850
526,-39383
526,-39623
526,-39530
527,-39439
527,-38861
527,-40012
527,-40118
527,-40274
527,-40074
527,-39492
527,-40185
527,-39920
527,-40240
527,-39690
527,-39863
527,-39705
527,-39586
527,-39796
527,-39719
528,-39534
528,-39205
528,-39603
528,-40029
528,-40220
528,-39305
528,-39288
528,-39437
528,-39727
528,-39107
528,-38629
528,-39028
528,-39752
528,-38286
528,-39120
528,-38514
529,-38525
529,-38261
529,-38855
529,-38596
529,-38608
529,-38660
529,-37978
529,-38117
529,-38350
529,-38240
529,-39056
529,-38005
529,-38419
529,-38055
529,-38000
529,-38151
530,-37999
530,-37691
530,-37415
530,-37752
530,-38130
530,-37735
530,-37933
530,-38160
530,-37587
530,-38268
530,-38377
530,-38381
530,-38489
530,-37764
530,-38842
530,-38258
531,-39056
531,-39185
531,-37809
531,-39122
531,-38599
531,-39029
531,-38911
531,-38517
531,-38830
531,-38689
531,-39314
531,-39385
531,-38920
531,-38738
531,-39232
531,-39196
532,-39118
532,-38610
532,-39232
532,-38620
532,-38736
532,-38823
532,-38584
532,-38656
532,-38125
532,-38085
532,-38102
532,-37606
532,-38675
532,-37711
532,-37581
532,-38225
533,-38689
533,-37451
533,-37971
533,-37771
533,-37297
533,-37106
533,-36948
533,-37330
533,-37322
533,-37093
533,-37680
533,-36788
533,-37020
533,-37088
533,-36539
533,-36835
534,-36901
534,-37612
534,-36801
534,-37210
534,-36572
534,-37018
534,-37083
534,-36948
534,-35928
534,-36653
534,-36929
534,-36105
534,-35161
534,-36212
534,-35667
534,-36124
535,-35444
535,-36080
535,-35461
535,-35079
535,-35117
535,-35475
535,-34473
535,-34889
535,-34498
535,-34374
535,-34997
535,-34723
535,-35063
535,-33829
535,-33552
535,-33949
536,-33577
536,-33893
536,-34727
536,-34517
536,-34922
536,-34297
536,-34514
536,-33966
536,-33849
536,-34311
536,-33690
536,-33651
536,-34321
536,-32969
536,-33940
536,-32935
537,-33223
537,-32702
537,-32724
537,-32947
537,-32522
537,-32532
537,-32360
537,-32269
537,-31773
537,-31791
537,-31941
537,-31813
537,-31780
537,-31479
537,-31067
537,-31245
538,-31584
538,-31453
538,-31409
538,-31596
538,-31708
538,-31164
538,-31188
538,-31471
538,-31684
538,-30833
538,-31007
538,-30645
538,-30735
538,-30295
538,-30729
538,-31028
539,-30631
539,-30312
539,-30618
539,-30364
539,-29835
539,-29707
539,-30235
539,-29676
539,-29854
539,-29755
539,-29801
539,-29769
539,-30120
539,-29017
539,-29033
539,-28897
540,-30119
540,-29275
540,-28945
540,-28611
540,-28608
540,-28465
540,-27983
540,-28278
540,-28818
540,-27962
540,-28216
540,-27561
540,-27586
540,-28163
540,-27607
540,-28178
541,-28579
541,-28149
541,-28831
541,-28156
541,-28306
541,-28260
541,-28500
541,-28085
541,-28781
541,-28460
541,-28856
541,-27901
541,-28646
541,-28178
541,-28793
541,-27966
542,-28590
542,-28911
542,-27967
542,-28402
542,-27942
542,-28430
542,-28151
542,-27672
542,-28100
542,-27936
542,-28513
542,-28518
542,-28178
542,-28078
542,-27335
542,-27196
543,-28156
543,-27426
543,-27615
543,-28024
543,-27484
543,-28270
543,-27387
543,-27778
543,-28496
543,-27648
543,-28841
543,-28067
543,-27977
543,-27732
543,-27935
543,-27954
544,-28236
544,-27675
544,-28004
544,-27724
544,-28127
544,-28147
544,-27969
544,-28347
544,-27521
544,-28077
544,-28146
544,-28000
544,-27043
544,-27779
544,-27707
544,-26679
545,-27538
545,-27138
545,-28247
545,-27619
545,-27265
545,-27184
545,-27512
545,-27572
545,-26848
545,-27606
545,-27725
545,-27591
545,-27315
545,-27239
545,-26886
545,-27279
546,-27847
546,-27196
546,-27425
546,-27638
546,-28116
546,-27677
546,-27077
546,-27374
546,-27049
546,-27025
546,-27472
546,-26946
546,-27508
546,-27673
546,-27138
546,-27179
547,-26863
547,-26829
547,-27482
547,-26130
547,-26693
547,-26546
547,-27190
547,-27319
547,-26839
547,-26962
547,-26994
547,-27125
547,-27506
547,-27822
547,-27312
547,-27232
548,-27243
548,-27383
548,-27134
548,-27241
548,-26687
548,-26373
548,-27965
548,-27398
548,-26434
548,-26466
548,-27465
548,-27016
548,-26611
548,-27025
548,-26661
548,-27536
549,-27111
549,-26665
549,-27606
549,-27646
549,-27403
549,-26955
549,-27472
549,-27256
549,-27353
549,-27439
549,-27302
549,-26671
549,-27509
549,-26479
549,-26816
549,-27025
550,-27658
550,-27430
550,-27221
550,-26624
550,-26707
550,-26496
550,-26791
550,-27827
550,-26855
550,-27859
550,-27409
550,-27641
550,-27432
550,-27046
550,-27190
550,-27824
551,-27152
551,-28001
551,-27836
551,-27623
551,-27890
551,-27554
551,-28004
551,-27619
551,-28601
551,-28190
551,-28504
551,-28316
551,-28895
551,-29020
551,-29301
551,-29004
552,-29170
552,-29019
552,-29273
552,-29317
552,-28827
552,-29212
552,-29956
552,-30294
552,-29571
552,-29729
552,-29907
552,-30382
552,-30500
552,-30635
552,-31649
552,-31327
553,-30859
553,-30926
553,-31263
553,-31508
553,-31474
553,-31732
553,-31862
553,-32126
553,-31455
553,-30927
553,-32086
553,-31487
553,-31989
553,-32304
553,-32286
553,-32439
554,-33103
554,-33092
554,-32808
554,-33045
554,-33182
554,-32456
554,-32951
554,-32180
554,-32472
554,-32740
554,-32101
554,-32200
554,-32409
554,-31534
554,-31874
554,-31348
555,-31793
555,-32104
555,-30962
555,-31856
555,-31674
555,-31381
555,-31248
555,-31799
555,-31335
555,-31798
555,-31946
555,-31633
555,-31535
555,-32093
555,-31722
555,-31008
556,-31478
556,-31352
556,-31326
556,-31655
556,-30880
556,-30526
556,-31641
556,-31470
556,-31480
556,-31253
556,-31868
556,-31430
556,-31522
556,-31943
556,-31586
556,-31927
557,-31287
557,-31928
557,-31748
557,-30958
557,-32311
557,-32103
557,-31373
557,-32309
557,-31956
557,-32032
557,-31842
557,-31880
557,-31512
557,-32124
557,-31934
557,-31381
558,-32008
558,-31385
558,-31137
558,-32004
558,-31350
558,-31330
558,-31527
558,-30929
558,-31444
558,-31509
558,-30680
558,-30300
558,-29993
558,-30224
558,-30227
558,-30119
559,-30560
559,-30678
559,-29964
559,-30127
559,-29756
559,-29727
559,-29585
559,-29023
559,-29632
559,-30101
559,-30223
559,-29927
559,-29998
559,-30021
559,-29483
559,-29532
560,-29953
560,-29076
560,-29650
560,-29619
560,-29628
560,-29632
560,-29543
560,-29151
560,-29334
560,-29483
560,-29601
560,-29205
560,-29303
560,-28929
560,-29524
560,-29375
561,-29482
561,-30111
561,-29905
561,-29820
561,-29729
561,-29661
561,-29509
561,-30520
561,-29944
561,-30079
561,-29937
561,-29243
561,-30797
561,-29237
561,-30214
561,-30665
562,-30018
562,-30024
562,-30437
562,-30192
562,-29548
562,-29553
562,-29989
562,-29887
562,-29529
562,-30157
562,-29948
562,-30599
562,-30880
562,-30804
562,-29566
562,-29817
563,-29963
563,-29719
563,-30908
563,-30268
563,-30683
563,-30070
563,-30166
563,-30392
563,-30508
563,-30421
563,-29829
563,-30309
563,-30447
563,-30050
563,-29754
563,-30015
564,-30152
564,-30519
564,-29838
564,-30000
564,-30964
564,-30691
564,-30300
564,-29902
564,-30500
564,-30015
564,-30549
564,-30743
564,-30475
564,-30445
564,-30327
564,-30631
565,-30281
565,-31519
565,-30684
565,-30907
565,-30338
565,-30623
565,-30466
565,-30660
565,-30737
565,-30909
565,-30640
565,-30993
565,-30386
565,-30185
565,-30747
565,-30114
566,-30552
566,-30316
566,-29958
566,-29917
566,-30190
566,-29959
566,-30614
566,-29537
566,-29565
566,-30172
566,-30035
566,-29942
566,-30070
566,-29986
566,-29617
566,-29201
567,-30557
567,-30381
567,-30630
567,-31087
567,-31023
567,-30816
567,-31300
567,-31422
567,-32169
567,-31805
567,-31359
567,-31250
567,-31348
567,-31768
567,-32153
567,-31494
568,-32025
568,-31877
568,-31277
568,-31026
568,-30954
568,-30123
568,-30636
568,-31709
568,-30760
568,-30791
568,-30514
568,-30706
568,-30390
568,-30887
568,-31128
568,-30700
569,-31159
569,-30436
569,-30394
569,-30673
569,-31777
569,-30581
569,-29861
569,-30560
569,-30266
569,-30653
569,-30659
569,-30848
569,-30298
569,-30089
569,-30013
569,-29467
570,-29904
570,-29909
570,-30256
570,-30417
570,-30460
570,-31074
570,-31021
570,-30981
570,-30744
570,-31473
570,-31403
570,-30451
570,-30547
570,-30794
570,-31066
570,-31341
571,-31898
571,-31781
571,-32018
571,-32271
571,-31064
571,-31124
571,-31232
571,-30657
571,-31748
571,-31854
571,-31379
571,-31722
571,-31129
571,-31421
571,-31189
571,-30922
572,-32258
572,-31599
572,-31264
572,-31345
572,-31061
572,-30848
572,-31872
572,-31380
572,-31845
572,-32063
572,-32359
572,-32091
572,-31830
572,-31766
572,-31958
572,-31392
573,-31099
573,-31218
573,-31726
573,-31621
573,-31193
573,-31188
573,-31318
573,-31022
573,-31065
573,-31121
573,-30676
573,-31217
573,-30914
573,-30889
573,-31262
573,-30976
574,-30886
574,-30293
574,-31016
574,-30516
574,-30790
574,-30274
574,-30062
574,-30224
574,-30255
574,-29243
574,-30429
574,-30689
574,-30351
574,-29995
574,-29979
574,-29983
575,-29873
575,-28922
575,-29723
575,-30184
575,-29690
575,-28997
575,-29654
575,-29474
575,-29036
575,-29561
575,-29084
575,-28761
575,-29462
575,-29096
575,-28911
575,-29288
576,-29176
576,-29490
576,-29608
576,-29224
576,-28866
576,-28985
576,-28223
576,-28079
576,-28522
576,-27993
576,-27717
576,-27993
576,-28483
576,-28165
576,-27544
576,-27934
577,-27821
577,-28863
577,-27923
577,-28210
577,-28381
577,-27775
577,-27728
577,-27845
577,-28879
577,-28333
577,-28676
577,-28648
577,-28619
577,-28883
577,-28144
577,-28483
578,-28233
578,-28338
578,-28266
578,-28367
578,-28164
578,-28362
578,-28567
578,-28525
578,-27426
578,-28573
578,-27805
578,-28366
578,-28418
578,-28508
578,-28153
578,-27520
579,-27913
579,-27766
579,-28249
579,-27246
579,-28008
579,-28330
579,-28126
579,-28863
579,-28457
579,-28469
579,-27723
579,-28049
579,-27627
579,-28732
579,-28293
579,-28394
580,-28134
580,-27600
580,-27508
580,-27841
580,-28437
580,-28052
580,-28169
580,-27538
580,-27979
580,-27905
580,-27571
580,-26717
580,-27323
580,-28114
580,-28393
580,-28527
581,-27896
581,-28196
581,-28206
581,-28472
581,-29294
581,-28323
581,-28218
581,-28121
581,-28686
581,-27843
581,-28685
581,-28808
581,-28564
581,-28635
581,-28158
581,-28505
582,-28355
582,-28203
582,-28512
582,-28155
582,-28007
582,-27836
582,-28208
582,-27836
582,-27718
582,-27874
582,-28615
582,-28330
582,-28000
582,-27690
582,-27889
582,-27672
583,-27714
583,-27355
583,-26988
583,-28084
583,-27126
583,-27862
583,-27237
583,-27386
583,-26934
583,-26818
583,-27775
583,-27552
583,-27454
583,-27527
583,-27924
583,-27304
584,-27781
584,-27928
584,-28119
584,-27396
584,-27678
584,-27916
584,-27794
584,-27255
584,-26857
584,-26331
584,-25868
584,-27236
584,-27167
584,-26832
584,-26444
584,-26696
585,-27115
585,-25935
585,-27200
585,-26416
585,-26453
585,-26384
585,-26072
585,-26999
585,-26383
585,-26633
585,-25892
585,-26613
585,-26389
585,-26088
585,-26198
585,-25931
586,-26635
586,-26151
586,-26618
586,-26613
586,-26562
586,-26062
586,-25554
586,-25389
586,-25946
586,-25779
586,-25923
586,-26553
586,-25628
586,-24981
586,-25089
586,-26099
587,-24818
587,-25716
587,-25443
587,-25033
587,-25500
587,-25021
587,-25324
587,-24973
587,-24524
587,-23965
587,-24260
587,-24078
587,-24009
587,-24539
587,-24238
587,-24658
588,-23774
588,-23193
588,-23327
588,-24253
588,-23528
588,-24126
588,-24036
588,-23409
588,-23652
588,-22966
588,-23690
588,-22757
588,-22721
588,-23194
588,-23141
588,-23159
589,-23153
589,-23293
589,-22293
589,-23136
589,-22053
589,-24081
589,-22680
589,-23229
589,-23072
589,-22147
589,-23362
589,-23010
589,-22193
589,-22889
589,-22284
589,-22308
590,-22550
590,-22882
590,-23029
590,-22382
590,-22480
590,-22161
590,-22130
590,-22090
590,-22080
590,-21251
590,-22051
590,-21529
590,-21863
590,-22505
590,-22322
590,-22693
591,-22459
591,-22426
591,-22107
591,-22385
591,-22257
591,-21960
591,-22032
591,-22747
591,-22533
591,-21726
591,-21832
591,-21946
591,-22205
591,-22658
591,-22856
591,-22811
592,-23067
592,-23454
592,-22949
592,-22415
592,-22563
592,-22343
592,-23265
592,-22018
592,-22446
592,-22404
592,-22620
592,-22665
592,-22095
592,-22287
592,-22159
592,-22350
593,-22234
593,-21968
593,-22455
593,-22195
593,-22675
593,-22066
593,-22812
593,-21924
593,-22007
593,-22277
593,-21553
593,-21953
593,-22024
593,-22181
593,-22383
593,-22245
594,-22409
594,-22255
594,-21608
594,-20913
594,-21263
594,-20545
594,-20874
594,-19971
594,-20281
594,-20876
594,-19946
594,-20558
594,-20759
594,-20723
594,-20765
594,-21255
595,-20316
595,-20911
595,-20688
595,-20777
595,-20213
595,-20002
595,-20469
595,-20334
595,-20928
595,-20932
595,-20781
595,-20783
595,-20820
595,-20451
595,-20904
595,-20750
596,-20734
596,-20819
596,-21271
596,-20914
596,-20635
596,-20904
596,-20853
596,-20397
596,-21315
596,-20438
596,-20313
596,-19663
596,-19390
596,-18911
596,-19317
596,-19188
597,-19321
597,-18660
597,-18180
597,-17786
597,-18130
597,-17974
597,-17766
597,-17484
597,-17766
597,-17622
597,-18427
597,-17140
597,-17784
597,-18044
597,-17201
597,-16510
598,-16733
598,-16608
598,-16963
598,-16627
598,-16635
598,-16467
598,-16516
598,-16180
598,-15943
598,-16352
598,-16320
598,-15920
598,-16464
598,-16301
598,-15940
598,-15229
599,-15912
599,-15392
599,-15757
599,-15666
599,-15027
599,-15302
599,-14860
599,-15299
599,-15145
599,-14462
599,-15179
599,-14754
599,-14726
599,-15004
599,-14505
599,-15205
600,-14236
600,-14896
600,-14238
600,-14969
600,-14674
600,-14608
600,-14901
600,-15526
600,-15559
600,-14888
600,-14765
600,-14281
600,-16023
600,-15326
600,-14418
600,-15063
601,-15197
601,-15209
601,-15112
601,-14676
601,-14575
601,-15352
601,-15716
601,-15144
601,-15052
601,-15340
601,-15013
601,-15019
601,-13938
601,-14761
601,-14748
601,-14462
602,-14590
602,-14462
602,-14200
602,-14367
602,-14618
602,-14890
602,-13934
602,-14184
602,-14229
602,-14541
602,-14580
602,-14511
602,-13839
602,-14043
602,-14348
602,-14568
603,-14620
603,-14578
603,-14741
603,-14667
603,-14308
603,-14119
603,-15439
603,-14818
603,-14785
603,-15226
603,-15142
603,-14378
603,-15121
603,-15205
603,-14878
603,-14911
604,-15150
604,-14755
604,-15795
604,-15073
604,-15013
604,-14958
604,-15487
604,-15623
604,-14713
604,-15205
604,-14745
604,-14704
604,-14602
604,-14074
604,-14596
604,-13704
605,-14379
605,-14031
605,-13596
605,-13980
605,-14275
605,-14388
605,-13418
605,-13502
605,-13843
605,-13968
605,-13655
605,-13166
605,-13385
605,-13802
605,-13465
605,-13332
606,-13197
606,-12996
606,-13281
606,-13363
606,-13238
606,-13114
606,-13750
606,-13336
606,-13292
606,-13187
606,-12880
606,-12632
606,-12470
606,-12839
606,-12819
606,-13079
607,-12131
607,-12705
607,-12498
607,-13195
607,-12796
607,-12255
607,-12580
607,-13205
607,-12688
607,-12929
607,-12278
607,-12012
607,-12381
607,-12315
607,-12101
607,-11851
608,-11855
608,-11898
608,-11721
608,-11883
608,-12260
608,-12177
608,-11144
608,-11180
608,-12332
608,-11715
608,-12421
608,-12648
608,-12278
608,-11956
608,-11981
608,-12469
609,-12666
609,-11913
609,-12371
609,-11762
609,-11910
609,-11599
609,-11229
609,-12086
609,-11176
609,-11792
609,-12740
609,-11522
609,-11892
609,-11404
609,-10954
609,-11963
610,-11500
610,-11700
610,-12466
610,-11627
610,-11218
610,-11682
610,-11668
610,-11279
610,-10768
610,-11160
610,-10215
610,-10727
610,-10955
610,-10943
610,-11876
610,-11658
611,-11349
611,-11876
611,-12175
611,-12138
611,-11730
611,-12168
611,-12227
611,-11815
611,-11691
611,-11442
611,-12077
611,-12420
611,-11628
611,-11680
611,-12762
611,-12793
612,-11899
612,-12630
612,-11991
612,-12433
612,-12955
612,-11505
612,-12481
612,-12920
612,-12146
612,-12139
612,-11972
612,-11768
612,-11977
612,-11996
612,-11787
612,-12023
613,-11343
613,-11168
613,-11149
613,-11720
613,-11763
613,-11540
613,-11298
613,-11959
613,-12525
613,-11982
613,-11773
613,-12105
613,-11625
613,-11973
613,-12048
613,-12210
614,-13095
614,-11513
614,-12250
614,-13039
614,-12142
614,-12569
614,-12010
614,-12189
614,-11168
614,-11475
614,-11691
614,-11462
614,-11400
614,-11807
614,-11714
614,-10933
615,-11015
615,-10245
615,-10616
615,-10201
615,-10135
615,-10839
615,-10497
615,-9646
615,-9917
615,-10218
615,-10608
615,-10561
615,-10590
615,-10045
615,-9965
615,-10739
616,-10182
616,-10293
616,-10555
616,-10680
616,-11059
616,-10802
616,-10461
616,-11243
616,-11303
616,-9961
616,-10567
616,-10059
616,-10267
616,-10116
616,-10456
616,-10269
617,-10377
617,-9973
617,-10440
617,-10103
617,-10392
617,-10610
617,-10773
617,-10682
617,-11003
617,-10246
617,-10612
617,-10505
617,-10799
617,-10335
617,-10599
617,-10783
618,-10715
618,-11348
618,-11305
618,-10855
618,-10896
618,-11356
618,-10732
618,-10708
618,-10647
618,-11461
618,-11243
618,-11953
618,-11913
618,-11610
618,-11440
618,-10916
619,-11497
619,-11468
619,-11829
619,-11463
619,-11418
619,-11749
619,-12198
619,-12231
619,-12600
619,-11966
619,-12782
619,-12347
619,-13028
619,-13631
619,-12727
619,-12798
620,-13045
620,-12689
620,-12915
620,-13007
620,-13053
620,-13721
620,-12764
620,-13451
620,-13121
620,-13271
620,-13487
620,-13721
620,-14054
620,-13593
620,-14854
620,-14166
621,-14453
621,-14666
621,-13940
621,-14732
621,-14977
621,-15683
621,-14479
621,-14959
621,-15279
621,-15171
621,-16015
621,-15607
621,-15906
621,-15998
621,-15755
621,-15801
622,-16215
622,-16670
622,-16533
622,-16929
622,-16703
622,-16204
622,-17039
622,-17840
622,-17677
622,-17377
622,-17533
622,-16603
622,-17560
622,-16898
622,-16528
622,-16439
623,-16461
623,-17019
623,-16826
623,-17086
623,-17542
623,-16864
623,-16971
623,-16073
623,-16429
623,-15864
623,-16004
623,-16764
623,-15764
623,-16234
623,-16240
623,-15981
624,-15905
624,-16994
624,-16469
624,-17130
624,-16377
624,-16237
624,-16314
624,-16909
624,-16249
624,-16970
624,-17137
624,-16741
624,-16783
624,-16626
624,-16346
624,-16117
625,-17238
625,-16900
625,-16899
625,-17116
625,-17211
625,-16532
625,-16542
625,-16859
625,-16925
625,-17228
625,-17147
625,-16479
625,-16475
625,-17034
625,-17339
625,-17277
626,-16924
626,-16372
626,-17033
626,-17549
626,-17379
626,-17381
626,-17088
626,-17569
626,-16906
626,-17126
626,-17667
626,-17277
626,-16679
626,-16944
626,-17552
626,-16681
627,-16953
627,-16101
627,-16592
627,-16537
627,-16733
627,-17163
627,-17048
627,-17188
627,-17132
627,-16204
627,-16424
627,-16995
627,-17115
627,-17589
627,-17814
627,-17597
628,-17008
628,-17532
628,-17830
628,-17651
628,-17621
628,-18106
628,-18252
628,-18289
628,-18736
628,-18880
628,-18721
628,-18280
628,-18530
628,-18892
628,-18811
628,-19252
629,-19070
629,-19144
629,-19847
629,-18570
629,-19676
629,-19371
629,-19294
629,-19467
629,-19560
629,-19917
629,-20446
629,-20460
629,-21220
629,-21441
629,-20609
629,-20857
630,-20640
630,-20623
630,-20937
630,-21063
630,-20773
630,-21229
630,-21353
630,-21499
630,-20673
630,-21542
630,-21613
630,-21566
630,-21910
630,-22493
630,-21890
630,-22152
631,-21876
631,-22407
631,-21699
631,-22612
631,-22688
631,-22210
631,-23326
631,-22517
631,-22739
631,-22681
631,-22715
631,-23502
631,-23278
631,-23917
631,-24016
631,-24262
632,-24505
632,-24789
632,-24650
632,-24831
632,-24476
632,-24819
632,-25837
632,-25709
632,-24717
632,-24935
632,-25661
632,-25330
632,-25773
632,-26421
632,-26265
632,-26519
633,-26566
633,-26554
633,-25879
633,-26639
633,-26162
633,-26535
633,-26087
633,-26750
633,-27284
633,-25876
633,-26228
633,-26837
633,-27466
633,-26814
633,-27040
633,-26728
634,-27449
634,-26568
634,-26444
634,-27183
634,-26988
634,-27362
634,-27233
634,-26678
634,-27727
634,-27168
634,-27214
634,-26972
634,-27360
634,-26503
634,-26930
634,-27407
635,-26988
635,-27654
635,-27425
635,-27616
635,-27161
635,-26966
635,-27841
635,-27141
635,-27180
635,-27890
635,-27748
635,-27914
635,-28375
635,-28003
635,-28968
635,-28664
636,-28987
636,-28841
636,-27952
636,-28946
636,-29241
636,-29189
636,-29717
636,-29435
636,-29696
636,-30580
636,-29989
636,-29739
636,-30512
636,-30402
636,-30849
636,-30677
637,-30721
637,-31198
637,-31530
637,-31364
637,-30852
637,-30845
637,-31709
637,-31122
637,-31155
637,-31654
637,-31957
637,-32172
637,-31419
637,-31885
637,-31982
637,-31667
638,-31933
638,-31858
638,-31952
638,-32265
638,-32395
638,-32988
638,-32662
638,-33282
638,-32618
638,-32817
638,-33243
638,-33829
638,-33535
638,-33568
638,-33928
638,-34172
639,-34156
639,-34299
639,-34035
639,-34130
639,-35021
639,-34884
639,-35332
639,-35191
639,-35089
639,-35455
639,-35503
639,-36060
639,-35731
639,-35735
639,-36397
639,-36076
640,-35779
640,-36245
640,-36746
640,-37474
640,-37127
640,-36704
640,-36464
640,-37138
640,-37766
640,-38062
640,-37952
640,-38097
640,-38506
640,-38301
640,-37656
640,-38497
641,-38266
641,-39302
641,-38240
641,-38997
641,-39552
641,-38898
641,-39559
641,-39889
641,-39404
641,-38587
641,-38752
641,-38322
641,-39660
641,-39461
641,-39520
641,-39958
642,-40013
642,-39967
642,-40463
642,-40283
642,-40246
642,-40629
642,-40268
642,-40308
642,-40341
642,-40934
642,-40465
642,-41317
642,-41079
642,-40933
642,-41667
642,-41248
643,-41734
643,-42282
643,-42152
643,-42354
643,-42361
643,-42063
643,-42775
643,-41910
643,-42320
643,-42232
643,-42543
643,-42589
643,-43301
643,-43291
643,-43673
643,-43380
644,-42590
644,-43863
644,-44211
644,-42464
644,-43033
644,-43620
644,-43001
644,-43743
644,-42509
644,-42775
644,-43558
644,-43136
644,-43301
644,-42844
644,-42963
644,-43193
645,-43592
645,-42923
645,-42774
645,-42984
645,-43330
645,-43040
645,-43088
645,-42549
645,-42323
645,-42590
645,-42314
645,-42481
645,-43559
645,-42477
645,-43179
645,-42920
646,-42992
646,-43493
646,-42836
646,-42364
646,-43180
646,-42259
646,-42801
646,-42628
646,-42298
646,-42897
646,-41518
646,-41685
646,-42157
646,-42529
646,-42105
646,-42204
647,-42344
647,-41763
647,-42597
647,-41804
647,-41380
647,-41875
647,-41392
647,-41648
647,-41341
647,-40910
647,-41200
647,-40555
647,-40087
647,-40690
647,-39915
647,-39526
648,-39888
648,-39467
648,-39492
648,-38814
648,-38887
648,-38778
648,-38604
648,-39413
648,-38482
648,-38372
648,-39352
648,-39656
648,-38738
648,-39452
648,-39493
648,-39193
649,-39231
649,-39053
649,-39567
649,-38615
649,-39470
649,-38662
649,-38493
649,-39276
649,-38817
649,-39036
649,-38935
649,-38727
649,-38880
649,-38949
649,-38534
649,-38705
650,-38530
650,-38682
650,-39084
650,-39003
650,-38592
650,-38291
650,-38936
650,-38770
650,-39161
650,-38659
650,-39248
650,-38873
650,-38216
650,-38893
650,-39430
650,-39593
651,-38870
651,-39297
651,-40092
651,-39017
651,-39292
651,-39379
651,-40102
651,-39778
651,-39352
651,-39553
651,-39804
651,-40089
651,-39963
651,-40122
651,-40888
651,-40552
652,-40753
652,-40718
652,-41595
652,-40483
652,-40959
652,-41055
652,-41345
652,-41211
652,-40445
652,-40345
652,-40552
652,-40389
652,-40041
652,-39879
652,-40497
652,-40118
653,-40814
653,-40736
653,-40520
653,-40207
653,-40838
653,-40774
653,-40191
653,-40744
653,-41015
653,-41024
653,-41570
653,-41259
653,-41439
653,-41725
653,-41217
653,-40791
654,-40963
654,-40792
654,-40830
654,-40671
654,-40305
654,-40426
654,-40338
654,-40139
654,-40353
654,-40331
654,-40198
654,-41313
654,-40821
654,-41132
654,-40569
654,-40267
655,-40442
655,-41265
655,-39692
655,-39516
655,-39925
655,-39323
655,-39298
655,-39711
655,-39974
655,-40507
655,-40291
655,-40269
655,-39938
655,-39807
655,-39912
655,-39650
656,-39271
656,-39199
656,-40307
656,-40419
656,-39955
656,-39906
656,-39820
656,-40362
656,-40039
656,-39767
656,-39168
656,-40036
656,-39999
656,-40125
656,-40642
656,-40771
657,-40732
657,-40594
657,-40980
657,-40746
657,-40613
657,-40698
657,-39680
657,-39779
657,-38919
657,-39474
657,-39842
657,-39819
657,-40568
657,-39891
657,-39858
657,-40492
658,-39673
658,-40008
658,-39673
658,-40173
658,-40095
658,-39991
658,-39317
658,-39452
658,-39983
658,-39486
658,-39888
658,-39273
658,-39710
658,-39510
658,-39388
658,-39028
659,-38336
659,-38205
659,-38407
659,-38448
659,-38817
659,-38152
659,-37775
659,-38314
659,-38485
659,-38631
659,-38154
659,-37886
659,-38293
659,-37500
659,-37791
659,-37689
660,-38337
660,-38344
660,-38534
660,-38273
660,-38634
660,-38119
660,-38124
660,-38399
660,-38712
660,-38143
660,-38300
660,-38505
660,-38453
660,-38922
660,-38902
660,-39168
661,-38862
661,-39226
661,-39622
661,-39597
661,-40193
661,-39660
661,-39850
661,-39354
661,-40254
661,-39924
661,-39860
661,-40140
661,-39450
661,-39606
661,-39916
661,-41271
662,-40631
662,-40315
662,-40495
662,-40852
662,-40164
662,-40162
662,-40513
662,-40466
662,-40029
662,-40335
662,-40707
662,-40543
662,-40418
662,-40451
662,-40784
662,-40761
663,-40889
663,-41565
663,-40686
663,-40828
663,-40531
663,-41050
663,-40377
663,-40082
663,-40762
663,-40386
663,-40799
663,-40421
663,-41164
663,-40865
663,-40932
663,-40810
664,-40874
664,-41066
664,-40855
664,-40379
664,-40311
664,-40440
664,-40859
664,-40456
664,-40841
664,-40679
664,-40535
664,-40389
664,-39914
664,-40058
664,-40058
664,-40122
665,-39440
665,-40699
665,-40187
665,-39428
665,-39994
665,-40032
665,-40007
665,-40305
665,-39947
665,-40412
665,-39885
665,-40561
665,-40255
665,-40851
665,-40135
665,-40404
666,-40373
666,-40019
666,-40160
666,-40468
666,-40678
666,-40496
666,-40818
666,-40333
666,-40684
666,-40677
666,-39790
666,-40669
666,-40626
666,-40224
666,-40433
666,-40570
667,-40067
667,-40620
667,-41084
667,-40672
667,-41038
667,-40946
667,-40291
667,-40555
667,-40237
667,-40781
667,-41093
667,-40311
667,-40534
667,-40591
667,-40743
667,-40631
668,-40607
668,-40173
668,-40199
668,-40876
668,-40129
668,-40363
668,-41309
668,-41289
668,-40956
668,-40693
668,-41188
668,-40452
668,-40940
668,-41161
668,-40857
668,-40076
669,-40725
669,-40902
669,-41286
669,-40915
669,-41121
669,-40320
669,-40603
669,-40465
669,-40768
669,-41121
669,-40862
669,-41148
669,-41358
669,-40966
669,-40749
669,-41345
670,-41746
670,-40844
670,-40909
670,-40552
670,-40601
670,-40900
670,-41027
670,-40342
670,-40373
670,-40616
670,-40165
670,-40449
670,-40665
670,-41293
670,-41394
670,-40980
671,-41247
671,-41213
671,-41718
671,-41677
671,-41284
671,-41223
671,-41665
671,-41826
671,-41986
671,-42087
671,-42277
671,-41785
671,-41662
671,-41669
671,-41478
671,-41818
672,-41694
672,-41879
672,-41730
672,-41975
672,-42196
672,-42135
672,-42920
672,-42617
672,-42134
672,-42609
672,-42775
672,-42499
672,-42379
672,-42852
672,-42727
672,-43026
673,-42280
673,-42661
673,-42583
673,-43246
673,-43157
673,-43232
673,-43156
673,-43264
673,-43617
673,-43888
673,-43820
673,-43913
673,-43421
673,-43711
673,-43713
673,-43288
674,-44133
674,-43747
674,-43350
674,-43379
674,-43719
674,-43604
674,-43951
674,-44406
674,-44030
674,-44414
674,-44083
674,-44178
674,-44145
674,-44910
674,-44878
674,-44895
675,-44687
675,-44660
675,-45354
675,-44478
675,-44652
675,-44480
675,-44170
675,-44424
675,-43993
675,-44038
675,-43596
675,-43121
675,-43454
675,-43554
675,-43332
675,-43030
676,-43776
676,-43702
676,-42963
676,-43465
676,-43501
676,-42506
676,-42619
676,-43195
676,-42300
676,-43035
676,-42148
676,-42159
676,-41622
676,-42125
676,-42538
676,-42673
677,-43324
677,-43357
677,-43166
677,-43641
677,-43932
677,-44025
677,-43819
677,-43738
677,-44257
677,-44513
677,-44865
677,-44123
677,-43736
677,-44426
677,-43654
677,-44118
678,-43659
678,-43375
678,-43886
678,-44345
678,-43462
678,-43600
678,-43284
678,-43744
678,-43770
678,-43727
678,-43680
678,-43724
678,-44041
678,-44245
678,-44511
678,-44537
679,-44281
679,-44258
679,-44023
679,-43789
679,-44130
679,-44755
679,-43350
679,-43522
679,-42973
679,-44540
679,-44454
679,-44250
679,-44857
679,-44485
679,-44232
679,-44749
680,-44813
680,-44904
680,-45249
680,-44669
680,-44491
680,-44258
680,-44544
680,-45011
680,-45136
680,-44639
680,-44993
680,-45301
680,-45958
680,-44734
680,-45552
680,-45173
681,-45349
681,-44747
681,-44983
681,-44795
681,-44303
681,-44727
681,-44268
681,-45385
681,-45087
681,-44824
681,-45145
681,-44642
681,-45052
681,-45469
681,-45472
681,-45005
682,-45577
682,-44618
682,-44475
682,-45097
682,-44902
682,-45407
682,-44994
682,-45237
682,-44727
682,-44568
682,-44435
682,-45272
682,-44036
682,-44811
682,-44200
682,-44533
683,-44006
683,-44055
683,-44745
683,-44921
683,-43585
683,-44619
683,-44274
683,-43959
683,-44635
683,-44195
683,-44043
683,-44444
683,-44663
683,-43509
683,-43726
683,-43903
684,-43713
684,-43613
684,-43156
684,-43587
684,-43159
684,-42945
684,-42977
684,-43365
684,-42700
684,-42247
684,-43032
684,-42512
684,-42401
684,-42266
684,-42280
684,-42639
685,-42562
685,-42191
685,-42680
685,-41934
685,-41871
685,-41789
685,-42182
685,-42306
685,-41319
685,-40755
685,-41608
685,-40594
685,-40529
685,-41058
685,-41222
685,-40834
686,-41624
686,-41336
686,-40890
686,-41154
686,-41355
686,-41346
686,-41225
686,-40806
686,-40754
686,-40603
686,-40450
686,-40162
686,-39830
686,-40136
686,-40049
686,-39693
687,-40102
687,-39547
687,-39864
687,-39485
687,-38507
687,-38355
687,-38355
687,-38824
687,-38176
687,-38983
687,-39102
687,-38135
687,-37607
687,-37588
687,-37584
687,-37826
688,-37833
688,-37288
688,-36627
688,-36847
688,-36470
688,-36667
688,-36382
688,-36453
688,-35795
688,-36745
688,-35935
688,-35656
688,-35325
688,-34656
688,-35389
688,-35270
689,-34645
689,-34770
689,-34597
689,-34411
689,-34742
689,-34183
689,-34261
689,-33979
689,-33733
689,-33602
689,-33312
689,-33676
689,-34144
689,-34063
689,-33881
689,-33288
690,-33724
690,-34146
690,-34056
690,-33493
690,-32931
690,-33511
690,-33646
690,-33259
690,-32613
690,-32921
690,-33405
690,-33204
690,-33211
690,-33460
690,-33083
690,-33331
691,-32916
691,-32456
691,-32165
691,-32145
691,-32762
691,-32303
691,-32750
691,-32361
691,-32503
691,-32730
691,-32512
691,-32722
691,-32343
691,-32206
691,-31403
691,-30806
692,-30678
692,-31011
692,-31375
692,-31743
692,-30806
692,-30412
692,-30126
692,-30216
692,-30201
692,-29708
692,-29581
692,-29696
692,-29386
692,-28586
692,-28984
692,-28711
693,-27943
693,-28422
693,-28325
693,-28044
693,-28289
693,-27523
693,-27427
693,-27228
693,-26554
693,-27250
693,-26631
693,-26948
693,-26714
693,-26227
693,-25702
693,-25989
694,-25501
694,-25406
694,-25533
694,-25472
694,-25277
694,-25015
694,-24593
694,-24837
694,-25282
694,-24408
694,-24316
694,-24544
694,-23980
694,-24883
694,-24529
694,-24521
695,-23832
695,-24536
695,-24305
695,-23101
695,-23810
695,-23377
695,-23021
695,-22856
695,-23682
695,-23213
695,-23236
695,-22695
695,-22803
695,-22801
695,-22592
695,-22329
696,-21439
696,-22049
696,-21492
696,-20814
696,-20904
696,-20747
696,-20726
696,-20513
696,-20975
696,-20511
696,-19895
696,-20605
696,-19312
696,-19945
696,-19059
696,-19304
697,-19503
697,-19695
697,-19494
697,-18667
697,-18477
697,-18244
697,-18686
697,-18282
697,-18896
697,-18115
697,-18541
697,-18451
697,-18334
697,-18292
697,-18113
697,-19016
698,-18000
698,-18496
698,-17768
698,-18692
698,-17587
698,-17922
698,-17736
698,-17566
698,-17462
698,-17137
698,-16728
698,-17748
698,-17209
698,-17137
698,-16760
698,-16204
699,-16708
699,-16116
699,-16299
699,-16549
699,-16268
699,-16475
699,-15807
699,-16109
699,-16394
699,-15490
699,-15643
699,-15524
699,-16258
699,-15840
699,-14973
699,-15560
700,-15001
700,-15443
700,-14962
700,-15525
700,-15050
700,-15676
700,-15306
700,-15206
700,-14898
700,-15648
700,-15555
700,-14926
700,-14838
700,-15580
700,-14530
700,-14928
701,-15359
701,-13841
701,-14436
701,-15154
701,-14225
701,-14344
701,-14532
701,-15031
701,-14207
701,-14461
701,-14688
701,-14652
701,-13720
701,-13638
701,-13935
701,-13942
702,-13642
702,-13597
702,-13051
702,-13473
702,-13834
702,-13533
702,-13115
702,-12753
702,-12709
702,-12615
702,-12136
702,-12776
702,-12005
702,-12191
702,-13038
702,-12478
703,-12108
703,-12535
703,-12182
703,-11544
703,-11129
703,-11456
703,-10719
703,-11419
703,-11800
703,-11006
703,-11402
703,-10565
703,-10539
703,-11018
703,-10260
703,-10708
704,-11160
704,-10631
704,-11414
704,-10386
704,-10615
704,-10679
704,-10961
704,-10348
704,-10696
704,-10672
704,-10743
704,-10400
704,-11053
704,-10191
704,-10786
704,-9624
705,-10314
705,-10016
705,-9863
705,-9733
705,-9942
705,-10256
705,-9296
705,-9189
705,-9479
705,-10071
705,-9344
705,-9363
705,-9401
705,-9286
705,-8876
705,-9441
706,-9504
706,-9008
706,-9190
706,-9375
706,-9499
706,-9552
706,-8573
706,-8358
706,-8672
706,-8894
706,-8981
706,-9328
706,-9011
706,-8458
706,-8586
706,-8133
707,-8249
707,-7920
707,-7510
707,-7972
707,-7451
707,-6615
707,-7091
707,-7256
707,-7350
707,-7431
707,-6835
707,-6874
707,-6706
707,-7364
707,-6576
707,-6619
708,-5802
708,-5990
708,-6034
708,-5504
708,-5626
708,-5680
708,-6070
708,-5461
708,-5119
708,-5440
708,-4805
708,-5501
708,-5850
708,-5558
708,-5055
708,-4508
709,-4901
709,-4610
709,-3928
709,-4233
709,-4617
709,-4067
709,-4290
709,-4519
709,-3931
709,-4313
709,-3904
709,-3855
709,-4328
709,-3643
709,-4252
709,-3684
710,-3976
710,-3818
710,-3812
710,-3381
710,-3520
710,-3279
710,-3484
710,-3449
710,-3219
710,-3032
710,-2846
710,-2468
710,-2300
710,-2370
710,-2529
710,-2312
711,-2526
711,-2169
711,-1488
711,-1946
711,-996
711,-1376
711,-1310
711,-848
711,-257
711,-333
711,-810
711,-514
711,-314
711,-615
711,-775
711,-811
712,-187
712,-163
712,47
712,142
712,6
712,-697
712,35
712,-220
712,-312
712,-243
712,-846
712,77
712,278
712,460
712,362
712,534
713,608
713,296
713,278
713,27
713,1110
713,876
713,692
713,839
713,1526
713,864
713,781
713,298
713,569
713,1304
713,912
713,1323
714,993
714,1306
714,1428
714,369
714,634
714,629
714,1408
714,1226
714,1427
714,2078
714,1430
714,1812
714,1266
714,1718
714,2127
714,992
715,1291
715,1886
715,1846
715,1180
715,1918
715,1786
715,2145
715,2192
715,1929
715,2271
715,2197
715,2900
715,2403
715,3154
715,2330
715,2152
716,2671
716,2936
716,2525
716,2973
716,2939
716,2412
716,3497
716,3025
716,2921
716,2812
716,3515
716,3182
716,3092
716,3010
716,2826
716,2832
717,3700
717,3447
717,3853
717,3716
717,4595
717,4229
717,4201
717,4286
717,4869
717,4969
717,4917
717,4561
717,4711
717,4317
717,4844
717,4554
718,5065
718,4825
718,5078
718,5589
718,5246
718,5182
718,5224
718,5588
718,4363
718,4956
718,5580
718,5354
718,5361
718,5191
718,5111
718,5530
719,5127
719,5477
719,5404
719,5449
719,4787
719,5188
719,4856
719,5137
719,5407
719,5120
719,4689
719,4828
719,5624
719,5662
719,5053
719,5151
720,5748
720,5268
720,5062
720,5577
720,5629
720,5431
720,5225
720,4991
720,5487
720,5294
720,5508
720,5554
720,5866
720,5691
720,5397
720,5657
721,5200
721,5034
721,5055
721,5476
721,4589
721,4961
721,5672
721,4492
721,5020
721,4495
721,4567
721,4663
721,4979
721,5361
721,4562
721,4808
722,5422
722,4957
722,5433
722,5844
722,5490
722,6725
722,5317
722,5555
722,5553
722,5478
722,5499
722,5220
722,6019
722,6056
722,6290
722,6001
723,5820
723,6007
723,4830
723,5056
723,5374
723,5525
723,5286
723,5434
723,5579
723,5082
723,5101
723,4900
723,4957
723,5585
723,5632
723,5382
724,4760
724,5010
724,5498
724,5905
724,5975
724,6060
724,6106
724,5815
724,5746
724,5591
724,5732
724,5609
724,5523
724,5213
724,4932
724,5273
725,5382
725,5437
725,5505
725,5860
725,5144
725,5507
725,5741
725,5852
725,5877
725,5361
725,5365
725,5764
725,4587
725,5512
725,5150
725,5315
726,6233
726,5378
726,5542
726,4641
726,5126
726,4867
726,5528
726,5410
726,4444
726,5146
726,5032
726,4717
726,4988
726,5362
726,6038
726,5130
727,6522
727,5479
727,5691
727,6422
727,6066
727,6797
727,5258
727,5353
727,6167
727,6381
727,6480
727,6780
727,6441
727,6786
727,6769
727,6393
728,6844
728,6315
728,7299
728,7178
728,6531
728,6937
728,6510
728,7479
728,6774
728,7609
728,7348
728,7888
728,7185
728,7380
728,7769
728,7831
729,8355
729,8168
729,8407
729,8293
729,8641
729,8877
729,9073
729,8430
729,8792
729,9306
729,8873
729,8194
729,8723
729,8863
729,8486
729,9378
730,8710
730,8957
730,8753
730,8927
730,9412
730,9197
730,9651
730,9468
730,9886
730,10050
730,9287
730,9835
730,9728
730,8625
730,9593
730,8974
731,9118
731,9766
731,9650
731,9342
731,10040
731,9902
731,9634
731,10106
731,9670
731,9831
731,9650
731,10260
731,9825
731,9524
731,9942
731,10301
732,9669
732,9973
732,10023
732,9590
732,9896
732,10129
732,10475
732,10338
732,11104
732,10897
732,11013
732,11733
732,11213
732,11420
732,11768
732,11520
733,11417
733,11154
733,11121
733,11057
733,11173
733,11312
733,11411
733,11530
733,11005
733,11200
733,11998
733,11738
733,11782
733,11125
733,11543
733,12279
734,11570
734,10908
734,10512
734,10790
734,11532
734,11808
734,11203
734,10983
734,10577
734,10468
734,11358
734,11382
734,11423
734,11063
734,11305
734,11259
735,10374
735,10811
735,11034
735,11130
735,10991
735,11003
735,10761
735,11312
735,11172
735,11372
735,10892
735,11709
735,11310
735,11575
735,11495
735,10903
736,11202
736,10826
736,11570
736,11296
736,10001
736,11003
736,11191
736,11173
736,11237
736,10956
736,11069
736,10484
736,10876
736,10576
736,10907
736,10796
737,11799
737,11449
737,11846
737,11987
737,11402
737,11451
737,11096
737,11533
737,11495
737,10996
737,11649
737,11884
737,11601
737,12115
737,11456
737,11374
738,11403
738,10746
738,10819
738,11688
738,11098
738,11792
738,11491
738,11808
738,11625
738,11780
738,12278
738,11747
738,11929
738,12466
738,11981
738,12910
739,12227
739,12098
739,12946
739,12599
739,12530
739,12689
739,12256
739,12770
739,12419
739,12707
739,12264
739,12113
739,12630
739,12351
739,12493
739,11894
740,12451
740,12350
740,12508
740,12914
740,12766
740,12619
740,13081
740,12871
740,12537
740,12762
740,13292
740,13080
740,12282
740,12301
740,12646
740,12449
741,12692
741,12545
741,12666
741,12668
741,12209
741,12752
741,11512
741,12586
741,12098
741,12010
741,12567
741,12478
741,12394
741,12708
741,13400
741,12233
742,12214
742,12599
742,12221
742,12050
742,13062
742,11291
742,11722
742,11671
742,12182
742,12339
742,11871
742,12048
742,12621
742,12888
742,12498
742,12765
743,12860
743,12875
743,12555
743,11714
743,12352
743,12221
743,12153
743,13640
743,13030
743,12362
743,12483
743,12076
743,13092
743,12615
743,12083
743,12732
744,12054
744,12242
744,11952
744,12250
744,12725
744,12443
744,12240
744,12009
744,12725
744,12298
744,12220
744,12775
744,11855
744,12520
744,11838
744,11935
745,12243
745,11592
745,12290
745,12277
745,12055
745,12430
745,12205
745,11959
745,12265
745,12188
745,12389
745,12146
745,11908
745,11413
745,12466
745,11889
746,10844
746,11369
746,12348
746,11728
746,11401
746,11770
746,11648
746,11416
746,11030
746,11710
746,11510
746,11419
746,11310
746,11239
746,11956
746,11268
747,11336
747,11539
747,11514
747,12032
747,11624
747,12743
747,12068
747,11997
747,12358
747,11824
747,12526
747,11537
747,12690
747,12380
747,12776
747,12337
748,11207
748,12671
748,12267
748,11898
748,12146
748,12024
748,11569
748,11760
748,11199
748,10791
748,11006
748,11564
748,11773
748,11363
748,11698
748,11056
749,10962
749,11618
749,11598
749,11501
749,10639
749,11823
749,11406
749,11559
749,12175
749,11792
749,11645
749,11486
749,11850
749,11791
749,12839
749,11950
750,12167
750,11883
750,11481
750,12367
750,12211
750,11879
750,11624
750,11465
750,11628
750,11367
750,10569
750,11137
750,11285
750,10830
750,11310
750,10808
751,10482
751,12194
751,10969
751,11378
751,11528
751,10991
751,11372
751,11474
751,11480
751,11692
751,11582
751,11127
751,11481
751,11448
751,11527
751,10943
752,11330
752,10896
752,11217
752,10205
752,9984
752,10441
752,10022
752,9450
752,9363
752,10174
752,10094
752,9690
752,9673
752,9745
752,10062
752,9917
753,9269
753,9908
753,10180
753,9585
753,8921
753,9836
753,9467
753,9524
753,9863
753,9440
753,9801
753,9459
753,8989
753,9305
753,8819
753,9777
754,9182
754,10264
754,9579
754,9840
754,10208
754,10267
754,10560
754,10051
754,11217
754,10907
754,10692
754,10551
754,10408
754,10713
754,10499
754,10642
755,10603
755,11073
755,11197
755,10997
755,11323
755,11731
755,11754
755,11734
755,10740
755,10812
755,11419
755,10663
755,11643
755,11446
755,11686
755,11518
756,12059
756,12022
756,12176
756,12258
756,12775
756,12512
756,12451
756,11938
756,12508
756,12688
756,11817
756,12110
756,12354
756,12253
756,11716
756,12310
757,11611
757,12043
757,12350
757,12204
757,11852
757,12303
757,12304
757,11880
757,11366
757,11580
757,11908
757,11474
757,11063
757,11157
757,11500
757,10872
758,11183
758,11197
758,11228
758,10813
758,10692
758,11545
758,10936
758,11466
758,11676
758,11378
758,11791
758,12108
758,12373
758,11861
758,12589
758,12703
759,12245
759,12212
759,13235
759,12738
759,11773
759,13075
759,11884
759,12382
759,12748
759,12600
759,12813
759,12955
759,12844
759,13304
759,13279
759,12538
760,12836
760,13219
760,13066
760,12816
760,12874
760,12951
760,12656
760,12909
760,12220
760,12746
760,12414
760,12232
760,12134
760,12408
760,12759
760,12202
761,11312
761,11546
761,12286
761,12699
761,11982
761,11800
761,12549
761,11908
761,12070
761,12003
761,12442
761,11795
761,11466
761,12436
761,12281
761,12091
762,11557
762,12463
762,12297
762,12345
762,12689
762,12310
762,12319
762,12618
762,11488
762,12586
762,12474
762,11916
762,12063
762,13021
762,11967
762,12792
763,12852
763,13163
763,13016
763,13277
763,13524
763,13715
763,13567
763,13077
763,13155
763,13205
763,12661
763,12172
763,13204
763,12396
763,12997
763,12464
764,13056
764,13860
764,13966
764,13331
764,13608
764,13139
764,13042
764,12752
764,13017
764,13203
764,13491
764,13364
764,13217
764,13064
764,13916
764,13995
765,13321
765,13838
765,14374
765,13708
765,14089
765,13882
765,13644
765,13181
765,13595
765,13502
765,14319
765,14463
765,14346
765,13926
765,14572
765,14016
766,13769
766,14141
766,13625
766,13708
766,13697
766,13675
766,13989
766,14257
766,13953
766,14332
766,14948
766,14360
766,14254
766,15145
766,14461
766,14346
767,14204
767,14347
767,14337
767,15380
767,15442
767,15011
767,14490
767,14346
767,13676
767,14497
767,14871
767,14536
767,14238
767,13974
767,14811
767,14097
768,14175
768,14248
768,14375
768,14669
768,14626
768,13978
768,14275
768,14433
768,14116
768,14541
768,14052
768,14254
768,14343
768,14225
768,14348
768,14231
769,14199
769,15020
769,14875
769,15382
769,15464
769,14534
769,14278
769,14838
769,13581
769,14144
769,14536
769,15096
769,14717
769,14542
769,14181
769,14256
770,14369
770,14281
770,14023
770,13685
770,13606
770,13454
770,13377
770,13055
770,13125
770,13500
770,13267
770,14201
770,13189
770,12890
770,13284
770,12471
771,12547
771,13019
771,12432
771,12322
771,12286
771,12080
771,12841
771,12391
771,13236
771,12241
771,12554
771,12214
771,11643
771,11894
771,11843
771,11656
772,11721
772,11851
772,11699
772,11689
772,11925
772,11473
772,11941
772,11560
772,11938
772,12105
772,11426
772,11777
772,11989
772,11348
772,11913
772,12437
773,11320
773,11586
773,12354
773,11374
773,11577
773,11721
773,12127
773,12172
773,12068
773,11170
773,10562
773,10944
773,11173
773,11749
773,11762
773,10882
774,11107
774,10816
774,11269
774,10861
774,10545
774,10208
774,10758
774,10830
774,10343
774,10459
774,10018
774,9898
774,10049
774,9608
774,8081
774,9215
775,10158
775,9417
775,9227
775,9714
775,9396
775,9855
775,9252
775,9074
775,9704
775,10025
775,9718
775,9762
775,9179
775,9216
775,9373
775,9024
776,9500
776,9072
776,9003
776,8915
776,9120
776,8460
776,8891
776,7773
776,8959
776,8040
776,7996
776,8467
776,8649
776,8858
776,8362
776,7951
777,8473
777,8666
777,8025
777,8541
777,8103
777,8518
777,8575
777,8982
777,8561
777,8912
777,8750
777,8758
777,8679
777,8846
777,8615
777,8766
778,8459
778,8312
778,8692
778,8422
778,8009
778,8248
778,8449
778,8460
778,8837
778,8181
778,8339
778,7280
778,7878
778,8299
778,7901
778,8256
779,8495
779,7933
779,8286
779,7528
779,7422
779,7310
779,7981
779,8324
779,7209
779,8317
779,8296
779,8332
779,9000
779,8887
779,8502
779,8794
780,8965
780,8937
780,9597
780,9576
780,9551
780,9658
780,9038
780,9437
780,9849
780,9761
780,9281
780,9809
780,9717
780,9632
780,10756
780,10012
781,10070
781,9130
781,9852
781,9890
781,8997
781,9791
781,9659
781,9870
781,9317
781,8979
781,9552
781,10241
781,10171
781,9181
781,9023
781,9132
782,8847
782,8873
782,8770
782,9476
782,9623
782,9520
782,9188
782,8984
782,8997
782,8484
782,7859
782,9211
782,9295
782,8879
782,8896
782,9052
783,8814
783,8739
783,8228
783,8376
783,9052
783,8494
783,9154
783,8631
783,8494
783,8465
783,8242
783,8610
783,8771
783,8462
783,8348
783,8370
784,8659
784,8833
784,9034
784,9037
784,8059
784,8874
784,9126
784,8809
784,9453
784,9399
784,9714
784,9783
784,9527
784,8980
784,8919
784,7850
785,8829
785,8887
785,7822
785,8132
785,8246
785,8460
785,7721
785,8290
785,8307
785,8598
785,7888
785,6966
785,7848
785,8068
785,6683
785,7043
786,7068
786,7821
786,7778
786,8552
786,8382
786,8214
786,8201
786,8197
786,8194
786,7567
786,8238
786,7289
786,7570
786,7545
786,7296
786,7002
787,7290
787,7288
787,7963
787,7534
787,7128
787,7204
787,6561
787,7586
787,6605
787,6825
787,6628
787,6507
787,6237
787,6765
787,5807
787,6436
788,6326
788,6003
788,5559
788,5797
788,5093
788,4905
788,4550
788,5248
788,4819
788,5210
788,4853
788,4254
788,5442
788,5019
788,4467
788,4209
789,3937
789,4499
789,4008
789,3475
789,3833
789,3689
789,4295
789,3549
789,3710
789,3369
789,2908
789,3423
789,3748
789,3738
789,2842
789,2880
790,2303
790,2529
790,3104
790,3142
790,3012
790,3021
790,2158
790,2974
790,2443
790,1854
790,1756
790,1873
790,2309
790,1248
790,1537
790,2056
791,2153
791,2321
791,2194
791,1666
791,847
791,1309
791,1434
791,644
791,810
791,1066
791,638
791,1041
791,928
791,405
791,480
791,-167
792,-62
792,107
792,-443
792,-349
792,-378
792,-517
792,-270
792,-1638
792,-941
792,-1341
792,-1229
792,-1515
792,-1729
792,-877
792,-1420
792,-1212
793,-1836
793,-1292
793,-2057
793,-2924
793,-1912
793,-1316
793,-1612
793,-2350
793,-2054
793,-1238
793,-1109
793,-2051
793,-1708
793,-1262
793,-1481
793,-2294
794,-1299
794,-1559
794,-1699
794,-1379
794,-2656
794,-1578
794,-1750
794,-1755
794,-1918
794,-1514
794,-1941
794,-2189
794,-2592
794,-2461
794,-3085
794,-2494
795,-2919
795,-2689
795,-3550
795,-4271
795,-3301
795,-4510
795,-3162
795,-3830
795,-3933
795,-3698
795,-4470
795,-3871
795,-3853
795,-4375
795,-5347
795,-4973
796,-5107
796,-4549
796,-5473
796,-5080
796,-5412
796,-5544
796,-5274
796,-5527
796,-5907
796,-6293
796,-6422
796,-5792
796,-6223
796,-6176
796,-6302
796,-6018
797,-6364
797,-5934
797,-6545
797,-7047
797,-6760
797,-6919
797,-7588
797,-7162
797,-7459
797,-7465
797,-7708
797,-7278
797,-7731
797,-7890
797,-7551
797,-7566
798,-8438
798,-8561
798,-8294
798,-8347
798,-8425
798,-7897
798,-8392
798,-8377
798,-8104
798,-7859
798,-8827
798,-7705
798,-8728
798,-8390
798,-8772
798,-8125
799,-8937
799,-9174
799,-9076
799,-9503
799,-9190
799,-9783
799,-9794
799,-10215
799,-9452
799,-9562
799,-9634
799,-9608
799,-10127
799,-9915
799,-9832
799,-9837
800,-9968
800,-10238
800,-10100
800,-10094
800,-9497
800,-10596
800,-10393
800,-10204
800,-10289
800,-9961
800,-10119
800,-10304
800,-10669
800,-10156
800,-10387
800,-9981
801,-10211
801,-10281
801,-9854
801,-10718
801,-10276
801,-10205
801,-10685
801,-10811
801,-10362
801,-10491
801,-11135
801,-10236
801,-10476
801,-10090
801,-10432
801,-9927
802,-9793
802,-9944
802,-10196
802,-10328
802,-10166
802,-10562
802,-10519
802,-10786
802,-10120
802,-10105
802,-10442
802,-10392
802,-10081
802,-9852
802,-10423
802,-10000
803,-10414
803,-10331
803,-9497
803,-9861
803,-9804
803,-10284
803,-9712
803,-10156
803,-9298
803,-9261
803,-9883
803,-8771
803,-10115
803,-9945
803,-10233
803,-9365
804,-10201
804,-10268
804,-10753
804,-10575
804,-10257
804,-9984
804,-10487
804,-10483
804,-10233
804,-9654
804,-10112
804,-10456
804,-10309
804,-10118
804,-10358
804,-10134
805,-10141
805,-9872
805,-10427
805,-9801
805,-9391
805,-9594
805,-8998
805,-9248
805,-9245
805,-9711
805,-9321
805,-9229
805,-8695
805,-8965
805,-8881
805,-9326
806,-9834
806,-8924
806,-8931
806,-8551
806,-8636
806,-8117
806,-9202
806,-8596
806,-9422
806,-8586
806,-8351
806,-8878
806,-8783
806,-8557
806,-8713
806,-8830
807,-8759
807,-9734
807,-9820
807,-9861
807,-9762
807,-9984
807,-9864
807,-9293
807,-9365
807,-9396
807,-9288
807,-8741
807,-8997
807,-8571
807,-8589
807,-8574
808,-8629
808,-8674
808,-9025
808,-8470
808,-9036
808,-8685
808,-8741
808,-9032
808,-8260
808,-8346
808,-7629
808,-7782
808,-7859
808,-8671
808,-7811
808,-7911
809,-8358
809,-8065
809,-7608
809,-7890
809,-7689
809,-7514
809,-7797
809,-8014
809,-8005
809,-7852
809,-7816
809,-7308
809,-7886
809,-7124
809,-7157
809,-7398
810,-7376
810,-7774
810,-7274
810,-7241
810,-7314
810,-7534
810,-7024
810,-6893
810,-6161
810,-6755
810,-6461
810,-6344
810,-7092
810,-7201
810,-6661
810,-7215
811,-7063
811,-6721
811,-7018
811,-6426
811,-6949
811,-6631
811,-6227
811,-7174
811,-7341
811,-6454
811,-6152
811,-6211
811,-6624
811,-6245
811,-5978
811,-6375
812,-5541
812,-5006
812,-5396
812,-5659
812,-5303
812,-4722
812,-4347
812,-4225
812,-4730
812,-4473
812,-4077
812,-5163
812,-4696
812,-4824
812,-4395
812,-4284
813,-4280
813,-3412
813,-3326
813,-3943
813,-2384
813,-3611
813,-3850
813,-3809
813,-2886
813,-3456
813,-3514
813,-3471
813,-3441
813,-2509
813,-2767
813,-2458
814,-2888
814,-2510
814,-2345
814,-1917
814,-1832
814,-2024
814,-1343
814,-1760
814,-2225
814,-2018
814,-1059
814,-644
814,-1246
814,-1265
814,-1332
814,-1219
815,-1136
815,-1083
815,-1089
815,-653
815,-499
815,-406
815,-868
815,-745
815,-1160
815,-257
815,-655
815,-343
815,-126
815,-338
815,-437
815,-992
816,-268
816,-109
816,-1057
816,-685
816,-603
816,-1057
816,-749
816,-959
816,-1137
816,-590
816,-1295
816,-354
816,-1139
816,-1074
816,-594
816,-692
817,-867
817,-1586
817,-971
817,-979
817,-395
817,-757
817,-590
817,-456
817,-484
817,-1134
817,-532
817,-25
817,-437
817,-594
817,-707
817,86
818,-511
818,-176
818,-450
818,-154
818,-613
818,-43
818,-12
818,284
818,76
818,-214
818,-397
818,-279
818,-122
818,160
818,-122
818,329
819,-511
819,-775
819,-312
819,-289
819,-231
819,-89
819,-430
819,-195
819,-221
819,552
819,25
819,206
819,-392
819,159
819,841
819,22
820,242
820,479
820,218
820,105
820,13
820,216
820,-564
820,296
820,-205
820,-76
820,104
820,274
820,-242
820,-33
820,327
820,67
821,654
821,652
821,790
821,1076
821,1157
821,1621
821,2021
821,1764
821,1671
821,968
821,1664
821,1999
821,2314
821,2199
821,1662
821,2499
822,2441
822,2235
822,1853
822,2293
822,2586
822,2419
822,2826
822,3299
822,3456
822,3168
822,3511
822,3412
822,3366
822,3946
822,3733
822,3662
823,4438
823,3829
823,3962
823,4151
823,4142
823,4714
823,4580
823,4695
823,4344
823,4227
823,4732
823,4825
823,3896
823,4764
823,4311
823,4260
824,4278
824,4482
824,4823
824,4821
824,5308
824,4877
824,4271
824,5223
824,5110
824,5271
824,5535
824,4798
824,4976
824,5737
824,6083
824,5703
825,5379
825,6112
825,6338
825,6579
825,6652
825,7385
825,7083
825,6853
825,7323
825,7689
825,7590
825,8219
825,7808
825,8139
825,8617
825,8806
826,9303
826,8899
826,8390
826,8332
826,8852
826,9233
826,9539
826,9623
826,9442
826,9525
826,9688
826,9622
826,9562
826,10179
826,10429
826,10174
827,10116
827,10340
827,11100
827,11412
827,11320
827,10882
827,11248
827,11518
827,11400
827,11431
827,11708
827,12363
827,11486
827,11605
827,11602
827,11655
828,11586
828,11777
828,11847
828,12115
828,12139
828,12308
828,12542
828,12248
828,12404
828,12802
828,13171
828,13182
828,13765
828,13558
828,13409
828,13508
829,13732
829,13460
829,14162
829,14775
829,14474
829,14545
829,14446
829,15141
829,15004
829,14463
829,14499
829,15462
829,15856
829,15995
829,15720
829,15475
830,16016
830,15486
830,15543
830,15961
830,16885
830,16375
830,16413
830,17388
830,16614
830,16973
830,16518
830,17100
830,17267
830,17131
830,17594
830,18074
831,17333
831,18127
831,18346
831,18552
831,18251
831,18335
831,18065
831,18090
831,19075
831,19307
831,19470
831,19252
831,19342
831,19605
831,18663
831,19150
832,19324
832,19553
832,19476
832,20292
832,20373
832,20652
832,20549
832,20019
832,20866
832,20153
832,20942
832,21515
832,21256
832,21450
832,22327
832,21910
833,22151
833,22132
833,21991
833,22317
833,21868
833,22226
833,22495
833,23024
833,22518
833,22336
833,22973
833,23548
833,23220
833,23626
833,23086
833,24214
834,24940
834,24445
834,24266
834,24655
834,23792
834,24739
834,24661
834,25006
834,25250
834,25117
834,25746
834,25695
834,25402
834,25946
834,26232
834,25722
835,26914
835,27476
835,26748
835,27135
835,26963
835,26649
835,26900
835,26705
835,27448
835,27201
835,26982
835,27426
835,27413
835,27821
835,27809
835,28467
836,27908
836,27861
836,28250
836,28025
836,28167
836,28285
836,27880
836,27775
836,27832
836,28755
836,28347
836,28250
836,28057
836,28896
836,28581
836,28978
837,29015
837,29143
837,28271
837,28841
837,29533
837,29856
837,29799
837,29873
837,30560
837,30386
837,30195
837,30529
837,30758
837,30573
837,31049
837,30173
838,30048
838,30465
838,30677
838,30926
838,30864
838,31241
838,30490
838,31041
838,30381
838,30877
838,31154
838,31493
838,31262
838,31312
838,31463
838,31455
839,31883
839,31629
839,31068
839,31148
839,31812
839,31658
839,31561
839,31590
839,31449
839,31910
839,32373
839,31290
839,31734
839,32576
839,31967
839,31826
840,31876
840,32446
840,31781
840,31943
840,31498
840,31972
840,32013
840,32007
840,31787
840,31996
840,31758
840,31271
840,31384
840,31747
840,32020
840,31645
841,31746
841,31950
841,31908
841,31473
841,31761
841,31807
841,31597
841,31351
841,31582
841,32054
841,32209
841,31574
841,31803
841,32163
841,32116
841,32814
842,32051
842,32072
842,31904
842,32317
842,32244
842,32551
842,32583
842,32407
842,33034
842,32702
842,33511
842,32497
842,32129
842,33157
842,32790
842,32744
843,33140
843,33172
843,33273
843,33097
843,33250
843,33340
843,32983
843,32428
843,32526
843,32131
843,31914
843,32331
843,31859
843,32006
843,32291
843,32751
844,32216
844,31906
844,32331
844,32227
844,31366
844,31647
844,32167
844,31993
844,31955
844,32455
844,31563
844,31751
844,31852
844,32100
844,31492
844,31208
845,30960
845,31292
845,31003
845,31012
845,31267
845,30348
845,30930
845,30794
845,29871
845,30697
845,30873
845,31276
845,30355
845,30805
845,30823
845,30458
846,30723
846,30542
846,30638
846,30982
846,30648
846,30671
846,30536
846,31031
846,31000
846,30865
846,30684
846,30258
846,30312
846,30847
846,30222
846,30749
847,30079
847,30786
847,31366
847,30820
847,31067
847,30736
847,30564
847,30493
847,30688
847,30675
847,29315
847,30062
847,29895
847,30030
847,29326
847,29483
848,29471
848,29131
848,28987
848,29064
848,29097
848,28868
848,29074
848,28139
848,28370
848,28458
848,28043
848,28346
848,28208
848,28321
848,27975
848,29056
849,28520
849,28368
849,28221
849,28657
849,28197
849,29035
849,28074
849,28286
849,28103
849,28409
849,28829
849,28217
849,28306
849,28523
849,28644
849,28656
850,28516
850,28451
850,28427
850,29017
850,29024
850,29113
850,29297
850,28613
850,29641
850,28876
850,29334
850,29460
850,29494
850,29705
850,29877
850,30215
851,30085
851,29797
851,29945
851,29491
851,30319
851,29831
851,30108
851,29505
851,29076
851,30619
851,29941
851,29220
851,29474
851,29801
851,29036
851,29392
852,29688
852,28741
852,29065
852,28883
852,29226
852,28963
852,28812
852,29711
852,29929
852,30035
852,29758
852,29439
852,29825
852,29142
852,29409
852,29320
853,29628
853,29702
853,29899
853,29015
853,29747
853,29358
853,29194
853,29731
853,30796
853,30245
853,30257
853,30922
853,30714
853,31133
853,30272
853,31044
854,31412
854,30613
854,31252
854,31031
854,31551
854,31740
854,31845
854,32104
854,31182
854,31335
854,31106
854,31752
854,32316
854,32061
854,31529
854,31192
855,31617
855,31520
855,32223
855,31932
855,31796
855,32297
855,32457
855,31508
855,32440
855,31758
855,32237
855,32716
855,31785
855,32062
855,31665
855,31860
856,31677
856,32684
856,32528
856,32137
856,32927
856,33456
856,32612
856,32447
856,32872
856,32156
856,32541
856,32580
856,32977
856,33051
856,32932
856,32794
857,32496
857,32709
857,32760
857,32411
857,32993
857,32944
857,32710
857,32972
857,32545
857,32628
857,33129
857,32758
857,32133
857,32563
857,33350
857,32156
858,32106
858,32973
858,32731
858,33180
858,32915
858,32857
858,32763
858,33473
858,33986
858,32666
858,33810
858,33987
858,33878
858,33737
858,33025
858,33952
859,33712
859,33497
859,34305
859,33899
859,32999
859,33856
859,34318
859,34231
859,33654
859,33422
859,33834
859,34045
859,33720
859,34573
859,33972
859,34227
860,33875
860,33781
860,33445
860,33274
860,33556
860,34016
860,33739
860,33608
860,33413
860,33685
860,33467
860,33897
860,33804
860,33575
860,34961
860,34240
861,34075
861,34740
861,34858
861,34568
861,34375
861,34197
861,34630
861,34220
861,34644
861,35201
861,34264
861,34576
861,34038
861,34608
861,34680
861,34563
862,34611
862,34621
862,34990
862,35028
862,34955
862,35100
862,35014
862,34510
862,34288
862,34500
862,34335
862,34827
862,35126
862,34682
862,34617
862,34793
863,35012
863,36132
863,35609
863,35507
863,35486
863,36423
863,36095
863,35528
863,36215
863,35978
863,36397
863,36127
863,36329
863,37114
863,36129
863,36035
864,36561
864,36239
864,36822
864,37175
864,36998
864,37203
864,37553
864,37087
864,36846
864,36757
864,36828
864,36572
864,37258
864,36980
864,36580
864,37248
865,36775
865,36650
865,36448
865,36975
865,36835
865,36737
865,37319
865,37315
865,37547
865,37073
865,37104
865,37504
865,37209
865,37587
865,37196
865,37495
866,37220
866,36974
866,37428
866,37287
866,37301
866,38944
866,37776
866,37870
866,38611
866,37672
866,38503
866,38267
866,37919
866,37851
866,37963
866,38310
867,38585
867,38120
867,38347
867,38623
867,38695
867,39455
867,38845
867,38993
867,38732
867,38634
867,38684
867,38862
867,39478
867,38772
867,38847
867,39012
868,39407
868,39333
868,39039
868,39427
868,39037
868,39236
868,39092
868,39136
868,39960
868,39338
868,39789
868,40070
868,40092
868,40280
868,39371
868,39430
869,40090
869,39869
869,39827
869,39076
869,39443
869,39314
869,39224
869,38925
869,39837
869,39271
869,39342
869,38876
869,39157
869,39059
869,39478
869,39168
870,39152
870,38895
870,38188
870,37716
870,37886
870,37691
870,38655
870,38216
870,37750
870,38309
870,38132
870,37662
870,37500
870,37440
870,37330
870,37721
871,37311
871,37811
871,37876
871,37741
871,38790
871,38606
871,38557
871,37623
871,37252
871,38269
871,37898
871,37955
871,38202
871,37940
871,37561
871,38046
872,38253
872,37607
872,38000
872,37753
872,37766
872,37389
872,37332
872,37648
872,38202
872,37416
872,37554
872,37874
872,38110
872,37645
872,36755
872,37346
873,37368
873,37622
873,37729
873,37587
873,36876
873,37296
873,36945
873,37232
873,37873
873,37475
873,37104
873,36743
873,36319
873,36321
873,36116
873,35632
874,35490
874,35196
874,35303
874,35165
874,35553
874,35631
874,35606
874,35088
874,35764
874,36355
874,35878
874,35799
874,36487
874,35933
874,35693
874,35960
875,36252
875,36511
875,36175
875,35875
875,36089
875,36898
875,37077
875,37044
875,36619
875,36799
875,37720
875,36978
875,37527
875,37278
875,36177
875,36640
876,37175
876,37088
876,36645
876,36689
876,37207
876,37090
876,36267
876,36282
876,36648
876,36519
876,37068
876,37116
876,37104
876,37544
876,37848
876,37476
877,37413
877,37013
877,37151
877,37160
877,37428
877,37212
877,37527
877,37641
877,37067
877,37390
877,37945
877,37943
877,37802
877,37316
877,38218
877,38272
878,37210
878,38559
878,38831
878,38817
878,39186
878,38411
878,39404
878,38788
878,38881
878,39224
878,38398
878,38873
878,39134
878,38914
878,38237
878,39352
879,39304
879,39452
879,39559
879,39639
879,39163
879,39391
879,40540
879,39610
879,39236
879,39388
879,38894
879,38976
879,39324
879,39572
879,39668
879,39372
880,39882
880,40360
880,39824
880,39287
880,39733
880,39542
880,39336
880,40025
880,40235
880,39318
880,40495
880,40400
880,40226
880,40178
880,39837
880,40334
881,40676
881,41169
881,40555
881,40502
881,40665
881,41002
881,41174
881,41415
881,41348
881,40969
881,40775
881,40857
881,40739
881,41026
881,41022
881,40988
882,41093
882,41118
882,41476
882,41278
882,41406
882,41402
882,41914
882,42202
882,41310
882,41255
882,41889
882,41679
882,41929
882,41742
882,42218
882,42065
883,41757
883,42693
883,42555
883,42725
883,42542
883,42893
883,43342
883,43355
883,43118
883,42150
883,43602
883,43945
883,43773
883,43803
883,44045
883,44170
884,43756
884,44401
884,43957
884,43813
884,44581
884,44443
884,45222
884,44478
884,44407
884,44604
884,44410
884,44784
884,45223
884,44975
884,45485
884,44954
885,44912
885,45125
885,44804
885,44703
885,44507
885,44981
885,45059
885,44822
885,45388
885,45377
885,45137
885,45296
885,45492
885,45082
885,45009
885,45062
886,46024
886,44963
886,45301
886,45133
886,45415
886,45484
886,44761
886,45633
886,44898
886,45475
886,45242
886,45985
886,45017
886,45654
886,45063
886,44488
887,44619
887,45320
887,45153
887,45312
887,44630
887,45384
887,45919
887,45109
887,45055
887,44686
887,45227
887,44846
887,45268
887,44511
887,45910
887,45432
888,44677
888,45379
888,44220
888,45705
888,44491
888,45569
888,45037
888,45092
888,45362
888,44569
888,45098
888,44500
888,44671
888,45716
888,45526
888,45162
889,44936
889,45290
889,44795
889,45133
889,44939
889,45315
889,45593
889,44360
889,45323
889,45062
889,45237
889,45153
889,45334
889,45016
889,45319
889,45783
890,45930
890,46000
890,45835
890,45786
890,45804
890,45971
890,46518
890,45815
890,46008
890,45712
890,46063
890,46541
890,45633
890,46290
890,46408
890,45669
891,45529
891,45335
891,46290
891,46517
891,46448
891,46291
891,46781
891,46769
891,46640
891,46285
891,46222
891,46463
891,46493
891,46034
891,46373
891,46819
892,47376
892,46904
892,46706
892,46423
892,46601
892,47210
892,47160
892,46765
892,47102
892,46893
892,45992
892,46674
892,46901
892,46576
892,46588
892,46439
893,46448
893,46472
893,46685
893,46241
893,46492
893,45875
893,46743
893,46680
893,47042
893,46841
893,47097
893,46612
893,46631
893,47487
893,46386
893,46545
894,46657
894,46553
894,47150
894,47258
894,46754
894,47606
894,47714
894,47313
894,47438
894,47222
894,47600
894,47686
894,46748
894,47430
894,47111
894,47263
895,47298
895,46713
895,46625
895,47504
895,47721
895,47770
895,46676
895,47037
895,47214
895,47516
895,46524
895,46370
895,46774
895,46633
895,46044
895,46537
896,46995
896,46812
896,46615
896,46038
896,45995
896,46684
896,47068
896,46530
896,46139
896,46127
896,46121
896,45797
896,44719
896,45739
896,45289
896,44441
897,44663
897,44373
897,45450
897,44688
897,44373
897,44881
897,44940
897,44207
897,44303
897,44157
897,44386
897,44157
897,44450
897,44397
897,44054
897,44103
898,43659
898,43802
898,44406
898,43449
898,44225
898,43973
898,44007
898,43296
898,43936
898,43330
898,43837
898,43309
898,43935
898,43382
898,43405
898,42976
899,43748
899,43337
899,43041
899,42917
899,42830
899,43056
899,43182
899,43213
899,42700
899,43128
899,42726
899,42912
899,42841
899,42411
899,42794
899,41878
900,42035
900,41712
900,41295
900,41882
900,41423
900,41757
900,41694
900,41528
900,41543
900,41600
900,41342
900,41481
900,41177
900,40956
900,40909
900,40523
901,40693
901,40540
901,40480
901,41819
901,40948
901,40573
901,40820
901,39986
901,40549
901,40349
901,40372
901,39946
901,39728
901,40225
901,40789
901,39556
902,40423
902,39976
902,40317
902,40018
902,39328
902,39283
902,39539
902,39709
902,39266
902,39322
902,39651
902,39492
902,40294
902,39627
902,39465
902,39834
903,40629
903,40236
903,39848
903,39899
903,39469
903,39500
903,39577
903,39796
903,39637
903,39216
903,39337
903,39579
903,39077
903,39200
903,39243
903,39391
904,38556
904,38836
904,38972
904,39658
904,38251
904,38903
904,38598
904,38563
904,38496
904,38206
904,38401
904,38133
904,38475
904,37756
904,37693
904,37875
905,37667
905,37715
905,37915
905,37568
905,38103
905,38208
905,37523
905,37644
905,37365
905,37361
905,36825
905,36617
905,37388
905,36740
905,36965
905,37039
906,36983
906,36623
906,36216
906,36502
906,36853
906,37026
906,36938
906,36813
906,36545
906,36691
906,35702
906,35677
906,35643
906,35593
906,36031
906,35795
907,36076
907,36171
907,36298
907,35482
907,35317
907,35909
907,36167
907,36456
907,36221
907,35551
907,36262
907,35592
907,35920
907,35467
907,36524
907,36103
908,35573
908,36098
908,36184
908,35960
908,35050
908,35376
908,35210
908,35305
908,35480
908,34814
908,35865
908,35234
908,34717
908,35485
908,35456
908,34919
909,34973
909,34772
909,35033
909,34529
909,34462
909,34136
909,34097
909,34696
909,34381
909,34966
909,34313
909,33946
909,34367
909,33828
909,34532
909,34006
910,33413
910,34257
910,33313
910,33569
910,33903
910,33257
910,34279
910,32842
910,33192
910,33599
910,33530
910,34055
910,33389
910,33400
910,34267
910,33997
911,33386
911,34055
911,34234
911,34057
911,33962
911,34368
911,34199
911,34076
911,34911
911,34568
911,34815
911,34834
911,35541
911,35273
911,34761
911,34993
912,34814
912,34734
912,34837
912,34633
912,34917
912,34590
912,34433
912,34257
912,34823
912,34768
912,35212
912,35043
912,35387
912,34804
912,35255
912,34954
913,35173
913,34574
913,34719
913,34966
913,34515
913,34459
913,34578
913,34696
913,33936
913,34249
913,33991
913,33592
913,34428
913,34429
913,34145
913,34410
914,33893
914,34156
914,34169
914,33387
914,33946
914,34277
914,34303
914,34296
914,33552
914,33085
914,33785
914,34002
914,33842
914,33022
914,32767
914,32693
915,32934
915,33113
915,32252
915,32374
915,32448
915,32073
915,32404
915,32256
915,32057
915,32646
915,31834
915,31335
915,31328
915,31640
915,32254
915,31677
916,32141
916,31436
916,32166
916,31795
916,30786
916,30861
916,30018
916,30099
916,29800
916,29900
916,29983
916,29448
916,30030
916,30109
916,30129
916,29861
917,29843
917,29561
917,29492
917,29333
917,28381
917,28804
917,28483
917,28045
917,28007
917,27772
917,28032
917,27866
917,27830
917,27289
917,27611
917,27003
918,27045
918,26576
918,26251
918,26760
918,26681
918,26095
918,26415
918,25893
918,26187
918,25733
918,26234
918,26507
918,26414
918,26371
918,26363
918,26197
919,25824
919,26318
919,26926
919,26354
919,25887
919,26589
919,26313
919,26020
919,25711
919,25318
919,25281
919,26036
919,25872
919,25728
919,25988
919,25741
920,26201
920,26291
920,25828
920,25673
920,25482
920,25064
920,25315
920,25448
920,25199
920,25484
920,24757
920,24095
920,24324
920,24231
920,25030
920,25001
921,24460
921,23979
921,24333
921,24347
921,24223
921,24593
921,24541
921,23844
921,24450
921,24471
921,24861
921,24269
921,24468
921,24787
921,24804
921,24993
922,25193
922,25115
922,24955
922,25257
922,25381
922,24528
922,25333
922,24979
922,24963
922,25558
922,24995
922,24769
922,24431
922,24723
922,24155
922,24534
923,24742
923,24719
923,24268
923,24451
923,23866
923,23869
923,24595
923,25389
923,24542
923,24697
923,24686
923,24598
923,24795
923,24299
923,24695
923,25026
924,24689
924,24778
924,25632
924,25159
924,25016
924,25274
924,24731
924,24685
924,25118
924,24883
924,25370
924,25628
924,24837
924,25514
924,25612
924,24841
925,25003
925,25182
925,25488
925,24581
925,24961
925,24789
925,25018
925,25322
925,25282
925,25548
925,25301
925,25616
925,25420
925,25508
925,25139
925,25220
926,24844
926,24765
926,25165
926,24684
926,24912
926,24913
926,25891
926,25515
926,25316
926,25786
926,26134
926,25469
926,25924
926,26590
926,26121
926,25704
927,26168
927,26773
927,26411
927,26452
927,26579
927,26426
927,26586
927,26308
927,26901
927,26668
927,26782
927,26670
927,26649
927,27365
927,27269
927,26939
928,27309
928,28104
928,27468
928,27576
928,27640
928,27347
928,27838
928,27511
928,27630
928,27943
928,28163
928,28292
928,28375
928,28427
928,28996
928,28698
929,29095
929,29201
929,29530
929,29836
929,30380
929,29877
929,29619
929,30154
929,29860
929,29924
929,29059
929,29272
929,29475
929,29993
929,29909
929,29893
930,29756
930,29660
930,29508
930,30355
930,29850
930,30463
930,30614
930,29539
930,29990
930,29209
930,30133
930,29822
930,30380
930,30025
930,29698
930,29955
931,30049
931,29965
931,30151
931,29957
931,29675
931,29923
931,30784
931,30343
931,30210
931,29941
931,29652
931,30215
931,29717
931,30340
931,30512
931,30499
932,30563
932,30654
932,30189
932,29220
932,29894
932,30007
932,30587
932,30083
932,30863
932,30792
932,30774
932,30645
932,30407
932,30675
932,31088
932,31092
933,30989
933,30549
933,30636
933,29368
933,30644
933,30869
933,30911
933,30690
933,31233
933,30532
933,31486
933,29804
933,30771
933,30565
933,30739
933,30825
934,30286
934,30528
934,30597
934,30602
934,30244
934,29953
934,31630
934,31521
934,31026
934,31346
934,31264
934,30998
934,31177
934,30859
934,31206
934,31638
935,31376
935,31431
935,32145
935,32044
935,31191
935,31287
935,30973
935,32121
935,31332
935,31458
935,31969
935,32174
935,32632
935,32975
935,33101
935,32515
936,32663
936,33209
936,32951
936,33388
936,33087
936,33326
936,34158
936,33634
936,34568
936,34142
936,33855
936,34788
936,34046
936,34522
936,33757
936,34595
937,34620
937,34504
937,34756
937,34714
937,34922
937,34860
937,35470
937,35030
937,34505
937,34275
937,35138
937,35247
937,35212
937,35062
937,34872
937,34697
938,35507
938,35827
938,35569
938,36323
938,36022
938,36092
938,36745
938,36362
938,36187
938,36613
938,36492
938,36487
938,36651
938,36774
938,36571
938,37114
939,37860
939,37434
939,37712
939,37455
939,37214
939,37025
939,36763
939,36074
939,38131
939,37303
939,37381
939,37728
939,37674
939,38308
939,37538
939,37594
940,37032
940,37796
940,38049
940,36986
940,38272
940,37864
940,38789
940,37822
940,37909
940,37563
940,37956
940,37723
940,37471
940,37880
940,37689
940,38125
941,37340
941,37376
941,37674
941,37233
941,37981
941,37824
941,37024
941,37847
941,37171
941,38266
941,37834
941,37719
941,37216
941,38068
941,37487
941,37494
942,38064
942,37002
942,37787
942,37487
942,37064
942,38153
942,37856
942,38115
942,37217
942,38277
942,37937
942,38325
942,38468
942,38186
942,38338
942,38123
943,38681
943,37964
943,38216
943,38185
943,38487
943,37986
943,39601
943,39253
943,39188
943,38937
943,39240
943,38669
943,39207
943,39445
943,40280
943,39971
944,39282
944,39810
944,39276
944,39743
944,39954
944,40061
944,39912
944,40269
944,40988
944,40274
944,41596
944,40817
944,40514
944,41028
944,41549
944,41817
945,41857
945,42071
945,41839
945,41377
945,41638
945,42772
945,42792
945,42615
945,41604
945,42947
945,42233
945,42390
945,42680
945,42801
945,42537
945,42113
946,42955
946,42825
946,42883
946,42925
946,42827
946,43471
946,43834
946,43128
946,42983
946,43425
946,43414
946,43626
946,43134
946,44068
946,44022
946,44637
947,44355
947,43868
947,44535
947,44639
947,44662
947,44437
947,44559
947,43847
947,44901
947,44429
947,45221
947,44883
947,45640
947,45841
947,44985
947,45958
948,45322
948,45366
948,45263
948,45955
948,45584
948,46061
948,45851
948,46031
948,45976
948,45996
948,45803
948,46164
948,45695
948,46102
948,46506
948,46081
949,46614
949,45972
949,46159
949,45650
949,46204
949,46636
949,46559
949,46235
949,46365
949,46013
949,46364
949,46478
949,46156
949,46792
949,46529
949,47211
950,47121
950,47239
950,48153
950,47479
950,46697
950,47414
950,47033
950,47451
950,46957
950,47260
950,47650
950,47584
950,47538
950,47878
950,47625
950,47505
951,48198
951,47726
951,47154
951,47882
951,47844
951,47891
951,47833
951,47342
951,46575
951,47722
951,48132
951,47601
951,47771
951,47756
951,47786
951,47442
952,47846
952,47608
952,47814
952,47833
952,46983
952,48262
952,47612
952,47640
952,48204
952,48081
952,47709
952,47282
952,47358
952,47457
952,47970
952,47156
953,47551
953,48761
953,47364
953,47727
953,48559
953,47920
953,48170
953,48488
953,48137
953,48080
953,48140
953,47752
953,47752
953,47593
953,47834
953,47864
954,48246
954,48740
954,47971
954,48414
954,48089
954,48744
954,49167
954,48420
954,48463
954,48900
954,48383
954,49173
954,49241
954,49926
954,49885
954,50095
955,50098
955,49801
955,50673
955,50969
955,50876
955,50837
955,51224
955,50584
955,50985
955,51238
955,50944
955,51303
955,50661
955,50558
955,50332
955,50428
956,51062
956,51090
956,51898
956,51046
956,51164
956,51209
956,51174
956,51449
956,51622
956,51253
956,51257
956,51548
956,51939
956,51880
956,51816
956,51956
957,51554
957,51632
957,51701
957,51456
957,52105
957,52328
957,52748
957,52926
957,51947
957,53092
957,53050
957,53038
957,53518
957,53061
957,53670
957,53368
958,53017
958,53397
958,53056
958,53538
958,52611
958,52905
958,53174
958,53160
958,53556
958,53531
958,53132
958,53328
958,53004
958,53198
958,53983
958,54232
959,53988
959,54038
959,54670
959,53713
959,54013
959,54021
959,54535
959,54415
959,54641
959,54167
959,54319
959,54765
959,54906
959,54816
959,54534
959,55116
960,54654
960,55259
960,55269
960,55115
960,54991
960,54579
960,55072
960,54896
960,55344
960,54850
960,55194
960,55164
960,54601
960,54604
960,54326
960,54828
961,54520
961,54350
961,54934
961,54636
961,54544
961,55939
961,55186
961,54527
961,55062
961,54446
961,55308
961,55816
961,54686
961,54923
961,55416
961,55299
962,55479
962,54984
962,55049
962,55474
962,55538
962,55296
962,55343
962,55625
962,55575
962,55481
962,55456
962,55946
962,56853
962,56483
962,56613
962,57342
963,56477
963,56612
963,56067
963,56216
963,57066
963,56202
963,56941
963,56602
963,55794
963,56217
963,56761
963,56723
963,56136
963,56000
963,56026
963,57342
964,56634
964,56726
964,56453
964,56701
964,57355
964,56568
964,56634
964,56950
964,56723
964,56528
964,56288
964,56696
964,57148
964,57536
964,57065
964,57399
965,57114
965,56536
965,56000
965,56621
965,56247
965,56095
965,56348
965,55926
965,55793
965,56189
965,56945
965,56502
965,56335
965,55762
965,55927
965,55974
966,55506
966,55929
966,55429
966,55113
966,55889
966,56003
966,55108
966,56094
966,54954
966,55072
966,55153
966,54943
966,55404
966,54987
966,55410
966,55006
967,55090
967,55190
967,55487
967,55368
967,55950
967,55332
967,55256
967,55658
967,55253
967,55746
967,54828
967,55617
967,55637
967,54793
967,54346
967,54299
968,55307
968,55270
968,54396
968,54124
968,54635
968,54228
968,54223
968,53422
968,54073
968,54064
968,54090
968,54555
968,54461
968,54709
968,54683
968,53758
969,53422
969,54331
969,54531
969,54146
969,54159
969,54786
969,54411
969,54506
969,54501
969,54168
969,54617
969,54985
969,55266
969,54031
969,54139
969,54241
970,54440
970,54592
970,54453
970,54712
970,54299
970,54458
970,54861
970,54620
970,54476
970,54490
970,54322
970,53539
970,54243
970,54468
970,53644
970,53755
971,53771
971,53873
971,53464
971,53333
971,53615
971,53673
971,53421
971,54180
971,54315
971,54465
971,53482
971,53027
971,53578
971,53804
971,53413
971,53708
972,53562
972,53403
972,53747
972,53446
972,52868
972,53231
972,54053
972,54496
972,54217
972,53756
972,54252
972,53925
972,54128
972,54357
972,52844
972,53990
973,54400
973,54279
973,53795
973,53289
973,53658
973,53758
973,53869
973,53942
973,53077
973,53938
973,53963
973,53574
973,53359
973,53381
973,53394
973,53342
974,52438
974,53406
974,53600
974,53644
974,53493
974,54085
974,53937
974,53501
974,53800
974,54172
974,53256
974,53237
974,53069
974,52859
974,52439
974,53251
975,53222
975,52837
975,52910
975,52422
975,52659
975,52634
975,52375
975,52812
975,52994
975,52425
975,52203
975,52037
975,52399
975,51934
975,51951
975,51414
976,51274
976,50953
976,51103
976,51387
976,51623
976,50725
976,51254
976,51231
976,50985
976,50777
976,50984
976,51389
976,50857
976,51562
976,50722
976,50533
977,51065
977,50703
977,51297
977,51043
977,50796
977,49977
977,50344
977,50824
977,50394
977,50301
977,50196
977,49819
977,49291
977,50596
977,49894
977,49571
978,50558
978,49541
978,49414
978,50340
978,50431
978,50417
978,50411
978,50475
978,50045
978,50358
978,50387
978,50682
978,50750
978,50171
978,50073
978,51023
979,51109
979,50175
979,50475
979,50719
979,50660
979,50773
979,50877
979,50570
979,49757
979,50458
979,50043
979,49593
979,50598
979,50353
979,49880
979,50582
980,50122
980,50421
980,50093
980,49776
980,49374
980,49095
980,49352
980,49162
980,49035
980,49114
980,49850
980,49726
980,50153
980,49659
980,50162
980,49869
981,49609
981,49845
981,49997
981,50266
981,49585
981,49662
981,49653
981,49753
981,49439
981,50054
981,49768
981,49272
981,49987
981,49644
981,50030
981,49126
982,49622
982,49557
982,50409
982,50158
982,49729
982,50369
982,49837
982,49681
982,49769
982,49931
982,49938
982,49824
982,50557
982,50955
982,50431
982,50418
983,49831
983,50106
983,49769
983,50201
983,50402
983,50407
983,50702
983,50105
983,50093
983,50675
983,50444
983,50795
983,50579
983,50679
983,50840
983,51046
984,50887
984,50751
984,51605
984,51146
984,50973
984,51557
984,51089
984,51648
984,50902
984,51220
984,51444
984,51029
984,50362
984,51518
984,51142
984,50833
985,50518
985,51203
985,50012
985,50484
985,50914
985,50304
985,50981
985,50302
985,50981
985,50935
985,50115
985,50205
985,50078
985,50203
985,50842
985,50072
986,50719
986,50906
986,50372
986,50659
986,50313
986,50429
986,49691
986,49412
986,49164
986,50012
986,49169
986,50397
986,50170
986,49656
986,49217
986,50075
987,50214
987,49320
987,49557
987,49616
987,50172
987,49436
987,49111
987,49406
987,48879
987,48462
987,48360
987,49194
987,48350
987,48548
987,47971
987,48525
988,47929
988,47632
988,48334
988,47656
988,47595
988,48234
988,48116
988,47695
988,47948
988,47886
988,48507
988,47906
988,47546
988,47774
988,47430
988,47509
989,47270
989,47431
989,48152
989,47214
989,48118
989,47325
989,47352
989,47090
989,46688
989,46972
989,47581
989,47359
989,47127
989,47262
989,46914
989,46222
990,46626
990,46241
990,46186
990,46771
990,46275
990,45219
990,45981
990,45758
990,45533
990,46199
990,45562
990,45352
990,45023
990,45077
990,45171
990,45325
991,44720
991,44536
991,44794
991,44056
991,44408
991,43339
991,43322
991,44528
991,43907
991,44401
991,44894
991,43733
991,44805
991,44654
991,43436
991,43257
992,43060
992,43445
992,43528
992,43625
992,44081
992,42307
992,42432
992,42767
992,42721
992,41655
992,42173
992,42192
992,42063
992,41716
992,41588
992,41470
993,41301
993,42150
993,41458
993,41831
993,41619
993,41073
993,41524
993,40372
993,40353
993,40580
993,40394
993,39097
993,40149
993,39733
993,40360
993,40059
994,39675
994,38750
994,38656
994,38749
994,38463
994,38600
994,38202
994,38449
994,38576
994,37951
994,38233
994,37842
994,37532
994,37530
994,37708
994,37945
995,37780
995,38085
995,37702
995,37139
995,37174
995,36626
995,36433
995,36730
995,36924
995,36678
995,36243
995,35996
995,35598
995,35462
995,35913
995,35694
996,34894
996,35159
996,35192
996,34878
996,34277
996,35034
996,34720
996,33782
996,33820
996,33759
996,33587
996,33498
996,33486
996,34082
996,32498
996,32647
997,32735
997,33189
997,32812
997,33123
997,32766
997,33058
997,32616
997,32222
997,31527
997,31517
997,31030
997,31545
997,31406
997,31438
997,30931
997,31378
998,30983
998,30877
998,30630
998,30380
998,31157
998,29882
998,30796
998,30602
998,29742
998,30071
998,29854
998,30198
998,30287
998,29971
998,30093
998,29872
999,29504
999,29488
999,29648
999,29384
999,28360
999,28880
999,29013
999,29154
999,28450
999,27824
999,28123
999,27815
999,28277
999,27707
999,27836
999,27256
1000,27831
1000,27616
1000,26902
1000,26542
1000,26633
1000,26275
1000,26512
1000,26015
1000,27107
1000,25844
1000,26521
1000,25956
1000,25749
1000,26149
1000,25937
1000,26324
1001,25974
1001,25392
1001,25083
1001,25121
1001,24415
1001,25098
1001,24863
1001,25283
1001,24205
1001,23738
1001,24282
1001,22851
1001,23091
1001,22538
1001,22624
1001,22426
1002,22072
1002,21489
1002,21935
1002,21446
1002,20753
1002,21112
1002,20580
1002,20812
1002,19976
1002,19702
1002,19661
1002,19130
1002,18789
1002,18841
1002,18609
1002,17792
1003,18236
1003,17760
1003,17770
1003,17915
1003,17439
1003,17031
1003,17016
1003,15829
1003,16736
1003,16667
1003,15456
1003,15755
1003,15841
1003,15170
1003,14400
1003,15021
1004,15176
1004,13993
1004,14151
1004,13832
1004,13004
1004,13304
1004,13082
1004,13366
1004,12326
1004,12473
1004,12506
1004,12094
1004,11670
1004,10868
1004,10705
1004,11191
1005,10527
1005,10670
1005,10580
1005,10196
1005,10747
1005,9682
1005,10002
1005,8261
1005,8898
1005,8267
1005,8854
1005,8093
1005,7594
1005,7970
1005,7183
1005,7169
1006,6701
1006,5863
1006,5374
1006,5695
1006,5203
1006,4927
1006,4493
1006,4091
1006,3236
1006,3559
1006,3073
1006,2554
1006,2353
1006,2089
1006,2128
1006,1383
1007,1696
1007,1037
1007,1085
1007,1276
1007,1360
1007,549
1007,445
1007,409
1007,-822
1007,-388
1007,-741
1007,-1449
1007,-1333
1007,-1558
1007,-2142
1007,-2571
1008,-2635
1008,-2297
1008,-2499
1008,-3042
1008,-3331
1008,-3842
1008,-3274
1008,-4443
1008,-4787
1008,-4215
1008,-4690
1008,-4722
1008,-4951
1008,-4697
1008,-5514
1008,-5775
1009,-5891
1009,-5885
1009,-6235
1009,-6991
1009,-7239
1009,-7033
1009,-7000
1009,-7537
1009,-7126
1009,-7130
1009,-7203
1009,-8064
1009,-8405
1009,-8105
1009,-8626
1009,-8564
1010,-8402
1010,-8760
1010,-8955
1010,-8675
1010,-9411
1010,-9975
1010,-9780
1010,-10135
1010,-10169
1010,-10153
1010,-10713
1010,-11155
1010,-11160
1010,-11087
1010,-12395
1010,-11796
1011,-11598
1011,-11631
1011,-12526
1011,-12794
1011,-12374
1011,-13194
1011,-13150
1011,-13485
1011,-13678
1011,-13545
1011,-14138
1011,-13682
1011,-14458
1011,-14692
1011,-14707
1011,-15077
1012,-15310
1012,-15210
1012,-15521
1012,-15565
1012,-15613
1012,-15632
1012,-16480
1012,-16689
1012,-16588
1012,-17336
1012,-17254
1012,-17879
1012,-17348
1012,-17290
1012,-17187
1012,-17838
1013,-18709
1013,-17294
1013,-18188
1013,-18218
1013,-19142
1013,-17995
1013,-18278
1013,-19120
1013,-18610
1013,-18408
1013,-18504
1013,-19082
1013,-18586
1013,-19257
1013,-18697
1013,-20012
1014,-19028
1014,-20052
1014,-20501
1014,-21022
1014,-20873
1014,-20791
1014,-20861
1014,-20471
1014,-20889
1014,-21883
1014,-21332
1014,-21780
1014,-21931
1014,-21755
1014,-21722
1014,-21664
1015,-22579
1015,-22725
1015,-21919
1015,-22396
1015,-23070
1015,-22741
1015,-23001
1015,-23274
1015,-24372
1015,-23319
1015,-24367
1015,-24546
1015,-24792
1015,-25647
1015,-25234
1015,-25291
1016,-24767
1016,-25649
1016,-25828
1016,-25176
1016,-26572
1016,-26845
1016,-26314
1016,-26801
1016,-27136
1016,-27085
1016,-26781
1016,-27221
1016,-27296
1016,-27625
1016,-28230
1016,-27579
1017,-28033
1017,-28427
1017,-28747
1017,-29372
1017,-29130
1017,-29530
1017,-30244
1017,-28639
1017,-29663
1017,-29477
1017,-29180
1017,-30640
1017,-30192
1017,-30640
1017,-31338
1017,-30154
1018,-30839
1018,-31182
1018,-31381
1018,-32621
1018,-31341
1018,-31764
1018,-32197
1018,-32777
1018,-32632
1018,-32809
1018,-33201
1018,-33702
1018,-32955
1018,-33288
1018,-33871
1018,-33854
1019,-34166
1019,-34311
1019,-34970
1019,-34597
1019,-34894
1019,-35039
1019,-34333
1019,-34234
1019,-34791
1019,-34649
1019,-34908
1019,-35569
1019,-35408
1019,-34952
1019,-34542
1019,-35498
1020,-36139
1020,-35636
1020,-35954
1020,-36268
1020,-36091
1020,-36731
1020,-36910
1020,-37039
1020,-37710
1020,-37269
1020,-38030
1020,-38249
1020,-38150
1020,-37918
1020,-38448
1020,-38719
1021,-38586
1021,-38702
1021,-38214
1021,-38399
1021,-38443
1021,-38789
1021,-38775
1021,-38938
1021,-38610
1021,-39207
1021,-40209
1021,-39614
1021,-39650
1021,-39737
1021,-39866
1021,-39862
1022,-40842
1022,-39558
1022,-40468
1022,-41156
1022,-41053
1022,-40619
1022,-40753
1022,-41044
1022,-40814
1022,-41242
1022,-41940
1022,-42254
1022,-42168
1022,-42073
1022,-42602
1022,-42651
1023,-43308
1023,-43754
1023,-43301
1023,-43255
1023,-43691
1023,-44963
1023,-44171
1023,-44197
1023,-45081
1023,-44839
1023,-45078
1023,-45604
1023,-44741
1023,-45405
1023,-45579
1023,-45979
RAW_SUMMARY id=10 captured=16384 odd_lsb=8098
