# run: drift5a_D_16k_noalign_2
# firmware: role=drifttest git=throwaway version=sketch board=damp (source: drifttest-sketch/)
# started: 2026-10-09T18:07:58+02:00
RAW_BEGIN id=8 sr=16000 rate=16000 align=0 dmacount=3 dmalen=128 label=D_16k_noalign_2
ms,pcm
0,-97454
0,-96646
0,-94830
0,-94982
0,-97990
0,-98132
0,-97648
0,-100044
0,-99452
0,-101198
0,-100766
0,-100734
0,-99520
0,-98436
0,-101806
0,-101870
1,-103088
1,-100000
1,-102856
1,-101630
1,-103462
1,-104108
1,-102312
1,-105500
1,-103094
1,-103232
1,-103058
1,-102066
1,-102570
1,-103390
1,-103368
1,-103780
2,-104228
2,-105236
2,-104242
2,-104176
2,-104224
2,-107204
2,-107966
2,-108794
2,-107662
2,-107830
2,-108814
2,-108754
2,-109660
2,-110744
2,-111026
2,-110766
3,-110592
3,-110670
3,-109946
3,-110952
3,-112054
3,-112202
3,-112380
3,-111776
3,-112784
3,-113090
3,-112488
3,-112866
3,-113936
3,-112774
3,-113260
3,-114048
4,-111800
4,-111904
4,-113344
4,-111934
4,-111968
4,-115104
4,-114810
4,-114134
4,-114370
4,-112822
4,-112616
4,-112622
4,-114938
4,-114722
4,-114502
4,-114230
5,-115386
5,-113128
5,-114328
5,-113918
5,-115264
5,-115272
5,-115826
5,-115890
5,-115684
5,-114710
5,-113706
5,-114496
5,-114338
5,-115296
5,-114652
5,-115958
6,-114446
6,-114872
6,-114950
6,-115288
6,-115836
6,-117288
6,-115978
6,-117104
6,-116288
6,-116790
6,-116280
6,-116546
6,-116768
6,-116980
6,-116960
6,-114582
7,-114206
7,-114918
7,-114608
7,-114328
7,-113830
7,-113586
7,-112672
7,-113926
7,-114350
7,-114882
7,-115206
7,-113894
7,-114658
7,-114246
7,-113258
7,-114886
8,-113990
8,-112818
8,-113040
8,-114386
8,-115812
8,-114940
8,-114116
8,-113348
8,-116600
8,-115172
8,-116806
8,-118460
8,-117936
8,-117526
8,-116488
8,-114284
9,-116862
9,-116502
9,-115568
9,-114788
9,-114366
9,-114132
9,-114124
9,-114334
9,-114644
9,-114914
9,-114608
9,-115378
9,-115062
9,-115506
9,-116288
9,-118472
10,-114602
10,-115436
10,-117118
10,-115088
10,-114644
10,-115084
10,-116190
10,-114584
10,-112896
10,-113394
10,-113738
10,-113584
10,-114550
10,-111936
10,-112562
10,-113868
11,-114228
11,-114554
11,-114944
11,-113106
11,-115718
11,-114824
11,-114536
11,-115970
11,-117424
11,-116580
11,-116796
11,-116720
11,-118356
11,-118300
11,-115942
11,-117694
12,-117736
12,-115644
12,-115616
12,-117166
12,-117564
12,-115866
12,-118352
12,-115026
12,-116324
12,-119070
12,-118450
12,-119262
12,-117292
12,-116576
12,-117994
12,-117468
13,-119204
13,-118696
13,-118102
13,-117072
13,-116206
13,-117896
13,-117334
13,-115684
13,-114056
13,-115686
13,-115174
13,-116676
13,-118098
13,-117930
13,-117712
13,-115804
14,-115684
14,-115900
14,-115664
14,-117604
14,-118234
14,-117326
14,-115796
14,-116412
14,-115248
14,-116376
14,-115992
14,-117130
14,-118632
14,-117152
14,-119856
14,-116622
15,-117132
15,-116742
15,-116108
15,-118020
15,-116906
15,-117472
15,-117086
15,-116902
15,-115048
15,-117084
15,-116120
15,-117110
15,-117384
15,-116308
15,-115912
15,-116778
16,-116676
16,-114410
16,-115690
16,-116008
16,-118026
16,-117190
16,-116250
16,-115398
16,-116538
16,-116684
16,-116778
16,-119164
16,-120390
16,-119910
16,-119700
16,-118036
17,-119560
17,-120438
17,-119232
17,-119700
17,-122658
17,-120620
17,-119244
17,-119232
17,-118410
17,-119824
17,-121368
17,-121334
17,-122340
17,-120682
17,-121140
17,-122330
18,-121182
18,-123010
18,-121986
18,-122512
18,-122934
18,-122522
18,-122480
18,-121652
18,-120474
18,-121780
18,-121120
18,-121314
18,-122662
18,-121128
18,-119800
18,-118534
19,-118578
19,-117372
19,-119724
19,-121086
19,-121538
19,-121304
19,-121968
19,-120964
19,-121834
19,-122290
19,-122054
19,-122882
19,-123480
19,-123890
19,-122290
19,-122814
20,-124368
20,-125402
20,-123020
20,-124132
20,-123534
20,-125156
20,-123332
20,-121752
20,-123904
20,-126054
20,-125518
20,-125446
20,-127102
20,-124794
20,-125582
20,-125844
21,-128190
21,-128304
21,-130460
21,-130336
21,-129528
21,-129198
21,-127398
21,-129430
21,-130878
21,-131154
21,-131636
21,-130450
21,-130804
21,-131134
21,-130286
21,-130842
22,-131026
22,-132232
22,-132666
22,-132616
22,-132470
22,-133014
22,-130170
22,-133852
22,-135110
22,-134914
22,-136340
22,-135226
22,-134642
22,-133122
22,-134208
22,-134448
23,-138542
23,-137306
23,-136064
23,-135752
23,-134758
23,-134358
23,-133554
23,-134406
23,-133460
23,-135208
23,-135536
23,-136140
23,-136562
23,-135242
23,-136242
23,-137320
24,-140424
24,-140342
24,-140910
24,-138528
24,-138270
24,-140746
24,-140214
24,-142662
24,-144568
24,-142984
24,-145200
24,-145044
24,-144130
24,-143370
24,-143670
24,-145516
25,-146246
25,-147550
25,-146008
25,-146528
25,-147472
25,-146010
25,-148970
25,-148660
25,-150090
25,-148874
25,-150294
25,-151236
25,-149928
25,-150786
25,-149854
25,-152138
26,-152990
26,-153918
26,-152582
26,-152856
26,-152948
26,-151662
26,-150912
26,-153760
26,-155358
26,-155618
26,-153930
26,-153758
26,-153418
26,-153672
26,-155916
26,-156836
27,-157452
27,-156456
27,-155860
27,-155596
27,-156084
27,-155986
27,-156438
27,-158888
27,-159764
27,-160296
27,-160286
27,-159208
27,-161280
27,-161586
27,-162648
27,-163506
28,-164098
28,-164504
28,-163878
28,-164542
28,-161592
28,-162742
28,-163610
28,-164930
28,-164686
28,-164754
28,-163800
28,-162934
28,-162712
28,-164470
28,-164710
28,-164648
29,-164288
29,-164834
29,-163940
29,-163530
29,-164982
29,-167110
29,-168802
29,-168632
29,-167512
29,-168492
29,-166764
29,-166732
29,-166132
29,-167606
29,-168098
29,-167722
30,-167018
30,-165914
30,-166070
30,-166030
30,-166380
30,-167700
30,-168116
30,-169294
30,-168642
30,-166028
30,-167008
30,-168014
30,-169984
30,-167788
30,-166512
30,-167314
31,-168976
31,-168698
31,-169488
31,-169196
31,-168528
31,-166988
31,-167504
31,-168916
31,-170016
31,-169686
31,-167358
31,-168132
31,-168280
31,-165674
31,-168424
31,-168030
32,-167648
32,-166644
32,-167968
32,-166804
32,-166506
32,-165138
32,-166200
32,-167488
32,-167328
32,-169630
32,-168756
32,-166872
32,-168088
32,-167470
32,-168330
32,-169112
33,-170408
33,-171076
33,-170184
33,-168360
33,-168266
33,-169260
33,-168218
33,-170258
33,-172210
33,-172914
33,-169940
33,-168772
33,-168538
33,-169606
33,-170064
33,-172882
34,-171836
34,-171206
34,-170806
34,-169634
34,-170534
34,-171622
34,-170912
34,-171658
34,-172234
34,-172298
34,-170862
34,-170492
34,-169932
34,-172650
34,-172622
34,-174638
35,-174548
35,-174254
35,-173750
35,-173726
35,-172864
35,-172744
35,-174630
35,-174680
35,-174408
35,-173910
35,-174548
35,-173944
35,-174352
35,-172332
35,-173376
35,-174676
36,-174274
36,-174536
36,-174148
36,-173786
36,-174580
36,-173402
36,-173792
36,-173600
36,-176132
36,-176268
36,-175100
36,-176466
36,-176240
36,-175122
36,-175318
36,-176412
37,-176208
37,-177618
37,-177942
37,-179492
37,-177814
37,-175432
37,-176642
37,-177360
37,-178804
37,-177700
37,-177464
37,-176728
37,-175564
37,-176512
37,-176860
37,-177096
38,-177928
38,-177558
38,-179244
38,-177978
38,-179044
38,-179298
38,-177774
38,-176756
38,-177598
38,-176316
38,-178770
38,-178038
38,-176634
38,-175842
38,-175780
38,-177322
39,-178024
39,-177466
39,-178932
39,-177456
39,-177510
39,-177732
39,-179412
39,-178538
39,-176780
39,-177678
39,-178418
39,-179078
39,-179056
39,-180420
39,-180236
39,-181304
40,-180008
40,-181362
40,-180776
40,-180020
40,-182308
40,-179614
40,-178862
40,-178866
40,-180788
40,-180596
40,-181134
40,-181360
40,-180900
40,-180300
40,-181298
40,-182852
41,-180804
41,-179984
41,-181074
41,-181890
41,-181284
41,-181672
41,-181378
41,-180096
41,-181874
41,-180962
41,-180060
41,-180928
41,-181290
41,-182284
41,-181794
41,-182854
42,-180060
42,-180156
42,-181692
42,-182956
42,-183980
42,-184308
42,-182790
42,-184906
42,-184406
42,-183306
42,-184244
42,-182912
42,-184868
42,-184180
42,-185786
42,-187142
43,-188314
43,-186356
43,-185754
43,-185986
43,-187306
43,-188312
43,-189930
43,-189834
43,-190902
43,-187862
43,-186782
43,-188826
43,-188410
43,-191416
43,-192592
43,-190396
44,-191106
44,-189720
44,-190122
44,-189310
44,-190572
44,-192806
44,-194848
44,-193680
44,-194378
44,-194432
44,-190946
44,-191020
44,-192640
44,-193294
44,-194432
44,-196668
45,-193732
45,-192828
45,-192344
45,-190816
45,-192760
45,-195976
45,-194556
45,-196374
45,-195924
45,-195232
45,-194738
45,-195240
45,-195564
45,-196676
45,-197756
45,-198130
46,-197304
46,-197668
46,-196856
46,-197776
46,-197302
46,-195940
46,-197636
46,-197530
46,-196942
46,-196746
46,-197658
46,-197656
46,-198470
46,-196978
46,-196860
46,-196922
47,-198812
47,-198526
47,-197696
47,-197700
47,-198834
47,-198040
47,-197600
47,-198856
47,-200528
47,-199402
47,-199530
47,-198864
47,-198552
47,-198420
47,-198030
47,-199982
48,-200736
48,-200820
48,-200560
48,-200118
48,-197982
48,-198684
48,-199246
48,-198730
48,-200642
48,-201580
48,-200610
48,-198918
48,-197854
48,-197384
48,-198886
48,-199900
49,-200776
49,-201040
49,-199136
49,-198940
49,-197950
49,-196902
49,-200126
49,-198072
49,-201242
49,-202180
49,-200874
49,-201432
49,-201102
49,-200206
49,-199272
49,-202336
50,-201266
50,-201648
50,-202222
50,-202144
50,-201810
50,-199492
50,-201364
50,-201174
50,-202732
50,-203998
50,-202980
50,-202684
50,-202364
50,-201104
50,-201326
50,-204496
51,-204370
51,-204134
51,-205296
51,-206146
51,-203466
51,-204142
51,-203930
51,-204950
51,-204210
51,-204428
51,-205464
51,-205526
51,-205438
51,-202186
51,-201822
51,-201680
52,-202928
52,-203706
52,-203156
52,-204170
52,-203540
52,-202202
52,-202140
52,-202248
52,-203340
52,-204884
52,-207184
52,-208248
52,-206388
52,-207000
52,-206568
52,-206630
53,-207552
53,-206136
53,-207518
53,-207158
53,-205750
53,-204356
53,-204870
53,-203868
53,-204468
53,-202624
53,-203038
53,-202828
53,-201244
53,-201426
53,-201526
53,-201326
54,-201458
54,-201958
54,-201686
54,-201976
54,-201178
54,-201960
54,-203620
54,-203284
54,-200378
54,-199784
54,-200056
54,-197568
54,-198964
54,-199062
54,-196444
54,-199372
55,-197928
55,-196330
55,-196816
55,-198440
55,-196170
55,-197798
55,-197798
55,-198282
55,-197388
55,-195146
55,-196828
55,-196892
55,-198048
55,-198092
55,-197272
55,-198318
56,-197544
56,-197078
56,-196370
56,-196360
56,-196258
56,-195374
56,-196120
56,-194578
56,-194196
56,-196552
56,-194702
56,-194734
56,-195900
56,-195004
56,-194276
56,-192432
57,-193662
57,-193380
57,-191400
57,-193230
57,-193742
57,-192758
57,-189560
57,-187944
57,-188788
57,-188928
57,-189544
57,-191514
57,-190390
57,-189088
57,-188064
57,-186346
58,-187732
58,-186820
58,-188798
58,-187636
58,-186668
58,-186678
58,-183464
58,-183786
58,-185290
58,-185536
58,-186486
58,-185476
58,-185696
58,-184436
58,-184104
58,-184446
59,-183374
59,-183482
59,-184534
59,-183494
59,-181788
59,-183294
59,-180312
59,-181582
59,-180652
59,-180986
59,-181774
59,-181122
59,-180202
59,-177604
59,-178374
59,-179254
60,-178674
60,-180782
60,-179376
60,-177454
60,-176680
60,-175354
60,-176542
60,-177056
60,-176962
60,-178940
60,-176850
60,-176904
60,-175716
60,-175298
60,-175882
60,-174396
61,-173512
61,-174008
61,-175600
61,-174932
61,-175794
61,-174276
61,-174672
61,-176776
61,-175756
61,-177118
61,-177594
61,-176706
61,-176984
61,-176966
61,-174500
61,-176516
62,-176720
62,-176828
62,-177704
62,-177068
62,-176200
62,-175844
62,-175476
62,-176128
62,-176252
62,-176732
62,-175576
62,-176126
62,-176180
62,-173224
62,-171748
62,-171920
63,-172072
63,-172422
63,-172202
63,-173104
63,-171650
63,-170606
63,-169514
63,-170502
63,-171408
63,-170050
63,-171472
63,-169352
63,-169594
63,-169784
63,-170226
63,-170478
64,-170436
64,-169838
64,-169206
64,-169748
64,-169266
64,-168780
64,-168470
64,-167840
64,-167908
64,-167236
64,-167844
64,-165686
64,-165060
64,-164894
64,-165124
64,-165680
65,-163782
65,-164006
65,-164320
65,-162640
65,-164286
65,-163996
65,-165518
65,-165414
65,-162326
65,-162582
65,-162740
65,-163152
65,-165456
65,-166372
65,-164500
65,-163848
66,-163508
66,-162360
66,-163424
66,-165078
66,-166442
66,-164620
66,-164596
66,-162652
66,-160756
66,-161500
66,-161994
66,-161298
66,-163176
66,-163382
66,-162340
66,-162860
67,-162984
67,-163296
67,-162510
67,-163302
67,-163978
67,-163854
67,-164338
67,-163518
67,-163408
67,-163610
67,-164320
67,-162578
67,-163860
67,-164134
67,-162330
67,-162036
68,-160512
68,-162046
68,-161116
68,-160574
68,-160244
68,-160186
68,-160944
68,-158382
68,-159190
68,-160926
68,-161422
68,-160352
68,-160700
68,-161974
68,-161342
68,-160252
69,-159868
69,-159930
69,-161958
69,-163070
69,-163070
69,-161978
69,-161810
69,-160996
69,-161432
69,-161910
69,-162118
69,-161950
69,-161964
69,-162434
69,-162350
69,-162514
70,-163842
70,-162638
70,-163338
70,-164502
70,-164544
70,-165046
70,-164138
70,-164686
70,-163424
70,-165240
70,-164394
70,-163738
70,-164966
70,-164038
70,-165068
70,-165888
71,-164280
71,-163636
71,-166878
71,-163042
71,-163004
71,-163616
71,-165328
71,-165422
71,-163278
71,-165192
71,-165844
71,-167118
71,-167004
71,-167304
71,-166936
71,-168008
72,-166914
72,-168602
72,-169426
72,-169186
72,-168650
72,-167896
72,-166626
72,-167582
72,-168304
72,-168886
72,-169958
72,-169852
72,-168850
72,-167936
72,-169174
72,-169736
73,-168826
73,-171306
73,-170100
73,-171354
73,-172318
73,-169710
73,-169330
73,-171028
73,-171770
73,-171950
73,-173532
73,-171196
73,-169420
73,-168788
73,-169874
73,-170758
74,-170878
74,-171340
74,-170514
74,-168268
74,-169450
74,-169268
74,-171044
74,-170586
74,-171070
74,-170602
74,-170510
74,-170706
74,-170250
74,-170224
74,-171036
74,-173016
75,-173974
75,-172900
75,-172342
75,-171402
75,-171136
75,-171704
75,-172526
75,-172310
75,-172938
75,-175664
75,-175926
75,-173546
75,-173634
75,-175838
75,-174498
75,-175030
76,-176422
76,-178064
76,-176150
76,-175718
76,-174502
76,-176450
76,-177132
76,-175954
76,-177522
76,-176640
76,-178318
76,-177366
76,-176998
76,-177904
76,-178574
76,-180036
77,-179980
77,-178766
77,-177900
77,-177264
77,-179146
77,-180550
77,-179866
77,-179738
77,-177544
77,-175786
77,-176476
77,-176496
77,-177096
77,-177716
77,-177136
77,-177138
78,-173854
78,-174396
78,-175078
78,-176648
78,-178074
78,-178912
78,-177946
78,-178152
78,-177676
78,-177606
78,-176180
78,-178378
78,-179368
78,-179300
78,-179490
78,-176342
79,-176496
79,-176082
79,-175738
79,-178984
79,-177356
79,-178374
79,-178210
79,-174994
79,-173488
79,-171184
79,-174236
79,-175250
79,-175566
79,-175080
79,-175844
79,-174610
80,-171668
80,-170628
80,-171964
80,-174048
80,-175402
80,-176156
80,-175608
80,-174774
80,-172950
80,-172288
80,-173050
80,-173550
80,-175630
80,-175576
80,-172824
80,-172180
81,-171148
81,-169602
81,-171814
81,-172678
81,-173010
81,-173038
81,-171792
81,-172218
81,-169396
81,-169856
81,-172140
81,-171366
81,-173202
81,-171216
81,-170114
81,-170942
82,-170160
82,-170934
82,-173084
82,-173214
82,-173464
82,-172988
82,-170636
82,-170432
82,-170354
82,-170734
82,-172470
82,-173154
82,-172344
82,-171716
82,-171982
82,-171970
83,-170978
83,-171072
83,-171390
83,-171396
83,-171174
83,-170044
83,-169740
83,-167278
83,-169294
83,-169506
83,-171270
83,-170658
83,-170740
83,-170446
83,-168240
83,-167096
84,-167960
84,-168694
84,-172274
84,-171318
84,-171862
84,-168990
84,-167386
84,-165474
84,-164942
84,-168946
84,-169746
84,-169884
84,-167162
84,-167150
84,-166194
84,-164270
85,-165878
85,-167538
85,-167300
85,-169010
85,-165792
85,-166484
85,-164536
85,-163194
85,-163934
85,-165222
85,-168044
85,-168656
85,-168350
85,-165054
85,-165432
85,-164966
86,-167504
86,-168968
86,-171070
86,-170426
86,-168966
86,-165914
86,-164952
86,-165724
86,-167042
86,-169868
86,-169412
86,-171032
86,-169704
86,-167470
86,-169536
86,-169508
87,-168968
87,-171434
87,-170836
87,-171698
87,-170394
87,-170710
87,-169630
87,-171384
87,-173768
87,-173832
87,-175052
87,-173970
87,-173022
87,-170588
87,-168554
87,-170072
88,-171692
88,-171382
88,-171682
88,-169906
88,-169784
88,-168820
88,-167846
88,-168654
88,-169948
88,-170650
88,-170792
88,-169464
88,-167950
88,-166114
88,-165998
88,-167268
89,-167228
89,-168268
89,-169940
89,-169558
89,-168498
89,-167274
89,-167800
89,-169172
89,-166908
89,-169290
89,-169370
89,-170098
89,-168968
89,-168258
89,-170018
89,-168546
90,-169234
90,-171038
90,-171180
90,-170432
90,-169738
90,-169200
90,-169644
90,-168950
90,-167626
90,-169296
90,-169074
90,-170160
90,-169012
90,-169136
90,-170430
90,-171656
91,-171090
91,-170418
91,-169552
91,-169118
91,-168724
91,-169560
91,-170216
91,-169952
91,-169912
91,-170628
91,-170588
91,-168800
91,-168214
91,-168070
91,-166834
91,-168626
92,-170184
92,-169320
92,-167544
92,-166968
92,-166254
92,-167386
92,-167586
92,-169146
92,-169206
92,-167366
92,-167878
92,-166002
92,-164894
92,-165722
92,-166336
92,-166366
93,-166272
93,-166522
93,-166322
93,-164400
93,-163434
93,-163820
93,-164382
93,-164544
93,-163236
93,-165928
93,-162642
93,-162238
93,-161270
93,-161860
93,-163496
93,-162128
94,-162542
94,-163104
94,-162906
94,-161736
94,-162950
94,-162468
94,-161532
94,-161694
94,-161936
94,-160190
94,-160956
94,-163242
94,-162102
94,-161572
94,-161528
94,-160228
95,-161778
95,-161264
95,-160516
95,-159722
95,-158730
95,-157650
95,-158768
95,-160068
95,-160372
95,-161592
95,-157382
95,-158964
95,-159258
95,-158600
95,-158570
95,-158734
96,-158344
96,-158566
96,-157232
96,-157212
96,-157366
96,-158154
96,-157036
96,-155930
96,-156360
96,-158982
96,-157758
96,-157096
96,-159248
96,-156892
96,-157116
96,-157866
97,-158882
97,-160720
97,-158470
97,-158430
97,-159740
97,-160300
97,-161244
97,-159980
97,-162410
97,-161576
97,-161820
97,-161104
97,-160854
97,-160250
97,-160200
97,-158612
98,-158688
98,-160690
98,-160428
98,-160666
98,-160254
98,-159320
98,-159592
98,-160284
98,-158298
98,-159090
98,-158736
98,-158732
98,-159104
98,-159278
98,-157538
98,-157302
99,-158424
99,-156904
99,-156752
99,-157972
99,-158486
99,-156888
99,-156866
99,-155392
99,-154886
99,-156578
99,-155546
99,-155768
99,-155402
99,-155932
99,-155306
99,-155600
100,-155040
100,-156710
100,-156144
100,-155748
100,-155882
100,-155916
100,-155170
100,-154298
100,-153542
100,-154906
100,-154960
100,-155912
100,-156572
100,-155478
100,-153786
100,-153236
101,-153386
101,-152898
101,-153846
101,-154432
101,-153682
101,-153454
101,-151692
101,-150940
101,-151484
101,-152372
101,-153254
101,-151650
101,-152240
101,-150100
101,-150186
101,-148054
102,-148578
102,-148284
102,-150358
102,-151208
102,-149478
102,-149494
102,-149458
102,-149018
102,-150608
102,-149900
102,-151072
102,-149660
102,-149568
102,-148824
102,-146458
102,-145582
103,-144816
103,-145408
103,-147294
103,-147464
103,-146256
103,-145720
103,-145442
103,-144588
103,-144842
103,-143900
103,-143980
103,-144504
103,-144470
103,-144992
103,-143556
103,-142912
104,-142414
104,-141890
104,-142754
104,-142930
104,-142134
104,-140390
104,-140438
104,-139570
104,-140134
104,-140060
104,-139700
104,-140670
104,-142736
104,-143082
104,-140816
104,-138598
105,-139414
105,-139608
105,-140586
105,-139908
105,-139934
105,-140210
105,-139942
105,-139476
105,-138176
105,-138734
105,-139110
105,-139322
105,-140900
105,-140654
105,-139352
105,-139148
106,-138274
106,-138308
106,-140188
106,-139830
106,-139550
106,-139240
106,-137970
106,-137306
106,-136960
106,-138304
106,-137920
106,-137392
106,-136500
106,-136142
106,-134864
106,-134418
107,-135380
107,-135882
107,-135140
107,-134684
107,-135688
107,-134724
107,-134666
107,-134036
107,-133022
107,-134042
107,-135038
107,-132618
107,-131156
107,-132318
107,-131664
107,-131814
108,-132020
108,-130912
108,-128856
108,-129596
108,-129446
108,-128956
108,-130182
108,-129916
108,-129612
108,-128882
108,-128096
108,-128114
108,-127330
108,-127178
108,-126026
108,-124480
109,-125260
109,-125076
109,-124826
109,-123692
109,-123042
109,-122088
109,-123300
109,-123886
109,-122940
109,-123998
109,-123462
109,-122426
109,-121160
109,-120570
109,-121114
109,-120230
110,-120418
110,-119734
110,-120232
110,-119432
110,-120042
110,-117234
110,-117304
110,-118642
110,-116812
110,-117610
110,-118964
110,-118658
110,-115908
110,-114304
110,-115044
110,-114974
111,-116624
111,-116824
111,-113948
111,-113248
111,-115948
111,-112748
111,-112994
111,-114102
111,-114226
111,-114792
111,-114844
111,-111566
111,-111244
111,-112854
111,-112576
111,-112926
112,-111830
112,-112732
112,-111684
112,-110510
112,-108532
112,-109696
112,-110290
112,-111760
112,-111016
112,-109934
112,-108796
112,-108592
112,-108376
112,-110632
112,-110028
112,-111680
113,-110978
113,-110874
113,-110534
113,-109004
113,-109900
113,-110204
113,-110410
113,-110422
113,-109660
113,-108870
113,-108626
113,-108058
113,-106162
113,-105038
113,-105644
113,-105690
114,-106098
114,-104716
114,-103106
114,-103878
114,-102890
114,-104368
114,-105714
114,-105024
114,-104618
114,-103754
114,-103100
114,-103646
114,-103108
114,-104582
114,-105278
114,-106394
115,-104996
115,-105174
115,-106200
115,-104732
115,-105418
115,-105572
115,-105756
115,-105734
115,-106104
115,-105182
115,-104836
115,-105080
115,-103998
115,-105834
115,-106922
115,-106916
116,-107240
116,-106580
116,-106188
116,-103318
116,-104534
116,-105834
116,-106982
116,-107062
116,-106684
116,-105850
116,-104812
116,-104646
116,-106220
116,-106602
116,-106744
116,-106396
117,-106102
117,-105106
117,-104676
117,-104520
117,-104818
117,-106596
117,-107448
117,-105676
117,-103762
117,-103952
117,-105500
117,-105904
117,-106434
117,-106754
117,-109052
117,-107038
118,-105962
118,-106480
118,-104834
118,-105448
118,-106386
118,-106284
118,-106716
118,-106834
118,-103642
118,-104268
118,-105294
118,-106536
118,-105876
118,-105218
118,-106296
118,-104772
119,-103930
119,-100848
119,-102104
119,-104108
119,-104210
119,-103950
119,-102456
119,-101954
119,-101874
119,-102894
119,-102590
119,-103868
119,-104492
119,-104194
119,-103500
119,-102978
120,-102344
120,-100798
120,-103126
120,-104440
120,-103524
120,-104666
120,-104068
120,-102996
120,-103696
120,-102574
120,-105226
120,-106206
120,-104410
120,-104868
120,-105348
120,-105760
121,-103374
121,-105884
121,-105290
121,-105598
121,-106602
121,-106616
121,-104888
121,-102780
121,-103520
121,-102846
121,-104830
121,-106382
121,-106624
121,-104384
121,-103046
121,-100932
122,-101898
122,-103504
122,-102826
122,-103276
122,-103906
122,-102390
122,-103476
122,-102038
122,-102510
122,-103576
122,-103950
122,-105696
122,-105308
122,-104464
122,-102638
122,-102838
123,-102906
123,-101966
123,-103712
123,-103106
123,-102896
123,-103290
123,-101340
123,-102066
123,-101806
123,-100776
123,-101222
123,-102868
123,-102186
123,-100686
123,-100378
123,-100652
124,-100716
124,-101496
124,-101152
124,-100654
124,-100430
124,-99222
124,-99846
124,-99168
124,-98630
124,-97970
124,-99708
124,-99618
124,-99220
124,-98004
124,-98932
124,-98330
125,-97964
125,-99402
125,-100244
125,-99380
125,-98180
125,-97796
125,-97444
125,-98210
125,-97940
125,-99800
125,-99550
125,-98924
125,-98528
125,-98370
125,-96318
125,-97264
126,-98942
126,-99072
126,-100276
126,-98242
126,-98936
126,-97866
126,-97878
126,-98936
126,-99476
126,-99346
126,-99910
126,-98830
126,-96878
126,-98340
126,-98444
126,-100702
127,-100226
127,-101856
127,-100982
127,-98876
127,-98494
127,-99012
127,-99554
127,-99132
127,-100120
127,-100096
127,-100378
127,-98804
127,-99260
127,-96586
127,-98046
127,-97882
128,-96654
128,-97668
128,-96730
128,-95182
128,-93744
128,-93532
128,-93442
128,-94030
128,-94086
128,-94602
128,-93482
128,-91902
128,-91368
128,-91434
128,-91792
128,-91618
129,-91312
129,-92722
129,-90946
129,-90698
129,-89586
129,-91734
129,-91104
129,-90194
129,-89252
129,-89544
129,-91074
129,-90670
129,-91570
129,-93414
129,-92470
129,-93590
130,-93260
130,-92068
130,-91806
130,-92258
130,-92200
130,-93148
130,-92076
130,-91056
130,-91912
130,-90190
130,-91592
130,-92122
130,-92046
130,-93456
130,-92748
130,-92996
131,-91766
131,-92238
131,-89992
131,-90670
131,-89986
131,-88994
131,-88936
131,-90326
131,-88784
131,-89134
131,-88366
131,-88980
131,-87688
131,-88840
131,-89614
131,-88898
132,-89574
132,-86778
132,-87846
132,-88776
132,-89186
132,-89424
132,-89860
132,-88892
132,-88812
132,-88870
132,-87324
132,-85594
132,-86740
132,-86590
132,-86722
132,-87676
133,-87712
133,-86428
133,-84476
133,-83786
133,-84010
133,-83314
133,-85172
133,-86038
133,-85316
133,-82236
133,-82760
133,-84342
133,-83134
133,-83714
133,-84930
133,-85312
134,-86160
134,-83086
134,-83968
134,-84034
134,-83398
134,-83548
134,-83402
134,-85646
134,-86520
134,-84240
134,-85498
134,-84808
134,-84998
134,-86646
134,-86998
134,-85742
135,-85912
135,-86482
135,-84738
135,-85016
135,-84384
135,-84868
135,-82804
135,-84056
135,-83180
135,-83324
135,-84304
135,-84316
135,-82902
135,-83932
135,-84242
135,-84054
136,-84928
136,-86414
136,-84780
136,-83620
136,-85540
136,-86042
136,-87250
136,-86154
136,-87684
136,-88814
136,-86182
136,-87802
136,-87380
136,-87128
136,-88328
136,-88714
137,-89310
137,-88846
137,-89746
137,-89430
137,-89584
137,-87544
137,-88066
137,-88290
137,-89446
137,-90446
137,-88914
137,-88194
137,-89168
137,-89394
137,-88538
137,-88978
138,-88884
138,-90312
138,-89980
138,-90444
138,-90578
138,-90242
138,-88976
138,-88900
138,-88756
138,-90184
138,-90696
138,-90134
138,-91348
138,-90516
138,-89190
138,-88734
139,-90432
139,-91118
139,-92530
139,-92448
139,-91628
139,-90668
139,-91784
139,-93426
139,-92010
139,-91646
139,-91024
139,-91998
139,-92132
139,-90600
139,-91260
139,-92472
140,-92872
140,-94018
140,-94102
140,-95150
140,-97222
140,-95084
140,-94742
140,-95402
140,-96204
140,-95200
140,-96034
140,-95148
140,-96118
140,-95522
140,-94606
140,-95364
141,-96086
141,-98534
141,-98512
141,-98674
141,-100452
141,-98358
141,-97730
141,-98226
141,-96824
141,-99098
141,-100040
141,-98870
141,-99702
141,-99638
141,-98432
141,-99698
142,-100896
142,-100818
142,-101710
142,-102156
142,-101930
142,-101848
142,-102528
142,-102882
142,-102024
142,-102272
142,-101530
142,-102426
142,-103280
142,-100368
142,-102364
142,-102112
143,-101772
143,-102618
143,-102136
143,-103142
143,-103074
143,-103528
143,-103446
143,-101646
143,-102908
143,-102298
143,-103750
143,-104378
143,-104662
143,-104668
143,-103830
143,-105296
144,-104974
144,-104644
144,-105440
144,-105856
144,-106124
144,-105644
144,-104716
144,-104954
144,-105722
144,-107154
144,-107800
144,-107854
144,-107890
144,-107592
144,-108108
144,-107968
145,-110122
145,-108786
145,-110646
145,-111720
145,-111110
145,-111552
145,-111776
145,-111332
145,-111212
145,-111620
145,-114014
145,-114660
145,-113814
145,-113390
145,-111846
145,-113600
146,-113208
146,-114042
146,-113756
146,-115658
146,-112456
146,-113470
146,-114366
146,-113846
146,-114384
146,-114810
146,-114698
146,-116018
146,-115540
146,-116322
146,-115040
146,-113996
147,-115324
147,-116052
147,-116798
147,-115846
147,-114326
147,-113888
147,-115658
147,-113030
147,-114010
147,-113898
147,-114722
147,-116994
147,-112610
147,-113864
147,-113418
147,-114134
148,-113414
148,-116712
148,-116970
148,-116460
148,-117200
148,-115168
148,-114752
148,-116636
148,-116828
148,-116432
148,-115922
148,-116410
148,-115896
148,-113616
148,-114118
148,-114982
149,-114160
149,-114622
149,-115480
149,-115450
149,-115064
149,-115440
149,-115108
149,-118156
149,-117450
149,-117370
149,-117150
149,-117250
149,-115994
149,-116606
149,-115924
149,-116454
150,-118564
150,-118072
150,-118482
150,-117926
150,-115564
150,-115656
150,-113660
150,-116574
150,-116278
150,-117334
150,-116990
150,-115846
150,-116248
150,-115592
150,-115198
150,-118240
151,-118128
151,-118608
151,-120468
151,-120432
151,-120052
151,-119116
151,-119820
151,-120982
151,-122120
151,-123112
151,-121722
151,-121508
151,-119004
151,-118608
151,-118062
151,-118994
152,-120926
152,-121922
152,-120422
152,-118854
152,-118424
152,-117020
152,-118848
152,-120042
152,-120176
152,-122224
152,-121308
152,-119444
152,-120732
152,-121274
152,-122490
152,-122430
153,-123134
153,-120556
153,-122494
153,-121348
153,-120662
153,-119502
153,-119400
153,-120582
153,-119708
153,-121780
153,-120770
153,-119614
153,-120946
153,-120552
153,-121008
153,-122602
154,-122518
154,-122356
154,-123418
154,-121832
154,-123156
154,-124978
154,-124414
154,-126792
154,-127184
154,-125638
154,-125312
154,-124438
154,-124822
154,-125486
154,-123604
154,-124278
155,-124494
155,-123198
155,-124316
155,-124698
155,-124456
155,-123104
155,-123896
155,-126234
155,-127470
155,-128168
155,-128008
155,-125548
155,-125024
155,-125340
155,-126616
155,-127728
156,-127992
156,-124172
156,-124682
156,-123492
156,-122602
156,-124152
156,-124482
156,-126008
156,-125372
156,-125564
156,-124136
156,-123078
156,-123726
156,-124526
156,-126390
156,-125976
157,-126362
157,-124992
157,-125900
157,-124700
157,-125604
157,-125228
157,-125156
157,-125290
157,-124758
157,-125714
157,-124918
157,-124750
157,-124554
157,-124444
157,-123360
157,-124560
158,-123106
158,-121984
158,-123058
158,-120542
158,-120226
158,-121228
158,-120570
158,-120732
158,-119664
158,-122568
158,-122956
158,-121812
158,-121154
158,-120192
158,-120462
158,-120500
159,-119024
159,-119978
159,-119702
159,-118908
159,-118448
159,-118644
159,-119022
159,-117882
159,-117402
159,-117204
159,-118272
159,-117134
159,-117962
159,-118526
159,-118458
159,-118898
160,-118240
160,-118110
160,-117716
160,-119252
160,-119426
160,-117482
160,-118258
160,-118760
160,-118860
160,-119276
160,-119770
160,-117994
160,-119302
160,-118472
160,-116304
160,-115796
161,-116558
161,-116788
161,-116332
161,-115722
161,-117170
161,-116020
161,-116106
161,-115524
161,-115176
161,-115862
161,-115812
161,-116552
161,-116812
161,-116508
161,-115434
161,-116212
162,-117144
162,-115488
162,-115992
162,-116394
162,-117684
162,-117044
162,-117468
162,-116002
162,-115858
162,-117952
162,-117356
162,-117296
162,-117300
162,-117470
162,-116210
162,-118174
163,-117780
163,-116812
163,-117826
163,-117482
163,-117894
163,-118772
163,-118132
163,-117144
163,-114956
163,-115000
163,-115478
163,-114932
163,-116682
163,-117686
163,-115584
163,-116262
164,-116284
164,-114514
164,-116864
164,-116058
164,-115954
164,-115720
164,-114556
164,-115680
164,-116362
164,-117014
164,-115844
164,-113828
164,-113760
164,-114912
164,-114076
164,-115010
165,-115896
165,-115872
165,-114198
165,-114456
165,-114710
165,-114870
165,-114742
165,-114070
165,-114462
165,-115702
165,-113720
165,-114878
165,-113196
165,-113188
165,-115104
165,-114010
166,-113194
166,-114994
166,-113522
166,-112170
166,-111066
166,-112362
166,-111288
166,-112542
166,-112014
166,-110290
166,-109244
166,-109278
166,-109582
166,-108518
166,-108752
166,-109516
167,-111536
167,-110652
167,-108830
167,-109850
167,-107578
167,-108586
167,-110144
167,-107990
167,-109266
167,-106942
167,-107268
167,-107446
167,-105662
167,-105462
167,-104748
167,-106298
168,-106482
168,-105422
168,-106594
168,-104474
168,-105776
168,-105752
168,-106190
168,-105158
168,-106212
168,-106036
168,-105050
168,-104556
168,-105230
168,-103470
168,-103004
168,-104014
169,-103904
169,-104054
169,-101632
169,-100952
169,-102374
169,-101596
169,-103950
169,-103502
169,-101284
169,-100742
169,-98482
169,-99298
169,-100084
169,-101356
169,-101428
169,-101386
170,-100776
170,-99256
170,-99582
170,-99060
170,-99572
170,-99268
170,-97194
170,-97630
170,-98524
170,-96382
170,-97076
170,-96720
170,-96076
170,-96716
170,-96874
170,-96690
171,-95562
171,-96608
171,-95866
171,-94610
171,-96624
171,-94310
171,-93834
171,-95284
171,-93598
171,-94644
171,-93570
171,-92062
171,-93274
171,-93090
171,-93464
171,-94706
172,-92112
172,-91788
172,-90800
172,-91412
172,-90584
172,-89398
172,-89572
172,-88980
172,-89142
172,-89966
172,-88358
172,-87960
172,-87876
172,-87610
172,-88134
172,-88824
173,-89178
173,-89954
173,-87844
173,-87790
173,-88198
173,-87786
173,-88488
173,-88576
173,-88134
173,-88134
173,-86840
173,-85324
173,-85934
173,-85888
173,-85658
173,-86210
174,-84186
174,-82856
174,-82880
174,-84554
174,-82996
174,-83602
174,-82492
174,-82350
174,-82466
174,-83210
174,-83420
174,-82942
174,-80952
174,-81202
174,-82176
174,-81972
175,-82624
175,-81676
175,-81240
175,-80308
175,-80078
175,-80558
175,-79524
175,-80340
175,-80766
175,-80636
175,-82310
175,-81020
175,-79614
175,-79710
175,-79648
175,-80792
176,-80606
176,-80996
176,-80970
176,-80628
176,-79590
176,-79374
176,-79710
176,-80494
176,-81210
176,-80888
176,-80336
176,-78866
176,-77528
176,-77230
176,-78306
176,-78458
177,-78384
177,-76108
177,-76576
177,-76086
177,-75702
177,-74914
177,-75076
177,-76234
177,-75292
177,-73608
177,-73860
177,-72042
177,-72444
177,-71712
177,-71226
177,-72496
178,-72084
178,-71586
178,-71410
178,-71236
178,-73736
178,-71990
178,-70846
178,-71340
178,-71894
178,-72026
178,-70766
178,-70004
178,-70984
178,-71030
178,-71300
178,-72082
179,-71060
179,-70574
179,-69020
179,-69088
179,-68290
179,-70566
179,-70238
179,-71810
179,-70008
179,-69948
179,-68736
179,-68292
179,-69870
179,-68052
179,-69844
179,-69834
180,-69536
180,-69230
180,-68664
180,-67952
180,-68176
180,-70790
180,-70174
180,-69084
180,-68850
180,-69238
180,-68948
180,-68770
180,-68320
180,-68764
180,-68448
180,-69882
181,-71478
181,-69066
181,-68588
181,-70022
181,-69202
181,-69782
181,-71302
181,-69334
181,-68712
181,-69314
181,-68744
181,-68942
181,-69196
181,-69258
181,-70494
181,-71290
182,-70738
182,-70664
182,-70156
182,-69394
182,-70118
182,-70912
182,-71634
182,-71468
182,-70412
182,-68804
182,-69712
182,-68298
182,-67966
182,-68472
182,-68598
182,-68914
183,-70020
183,-66822
183,-67408
183,-66502
183,-66904
183,-67542
183,-68494
183,-68430
183,-66898
183,-66468
183,-66266
183,-67764
183,-66262
183,-68562
183,-67526
183,-67168
184,-65182
184,-64146
184,-64978
184,-66132
184,-67172
184,-67030
184,-66494
184,-64888
184,-65032
184,-64756
184,-65094
184,-64990
184,-64976
184,-66808
184,-66144
184,-65060
185,-65920
185,-63006
185,-64466
185,-64204
185,-63194
185,-63674
185,-65440
185,-64666
185,-63100
185,-62472
185,-61596
185,-62132
185,-62856
185,-62962
185,-63108
185,-63724
186,-61908
186,-62778
186,-61986
186,-63188
186,-64200
186,-64494
186,-62900
186,-63056
186,-61210
186,-60120
186,-61926
186,-62940
186,-65050
186,-64430
186,-63570
186,-61994
187,-61528
187,-63998
187,-64812
187,-64806
187,-64022
187,-64032
187,-64016
187,-63428
187,-65406
187,-64856
187,-65242
187,-65326
187,-65296
187,-63442
187,-63376
187,-63612
188,-62928
188,-63078
188,-64024
188,-62812
188,-62910
188,-62016
188,-60614
188,-60052
188,-60224
188,-62114
188,-61112
188,-63330
188,-61498
188,-60390
188,-60320
188,-60752
189,-61854
189,-62566
189,-61118
189,-62110
189,-61742
189,-61156
189,-62010
189,-62574
189,-61756
189,-61720
189,-60908
189,-60994
189,-61162
189,-60914
189,-61336
189,-61134
190,-63100
190,-62232
190,-62792
190,-64132
190,-63194
190,-61628
190,-61572
190,-61786
190,-64898
190,-65110
190,-65980
190,-65706
190,-65090
190,-63846
190,-65122
190,-64578
191,-65208
191,-64898
191,-65840
191,-64612
191,-64780
191,-62566
191,-61640
191,-63636
191,-64598
191,-65958
191,-64798
191,-65858
191,-64418
191,-64040
191,-64428
191,-65698
192,-65984
192,-66122
192,-65250
192,-66660
192,-65460
192,-65822
192,-65106
192,-65708
192,-66088
192,-65086
192,-64350
192,-63700
192,-64018
192,-62864
192,-62236
192,-62490
193,-63474
193,-65344
193,-64214
193,-61870
193,-62886
193,-61946
193,-62502
193,-64018
193,-65496
193,-66022
193,-63028
193,-60552
193,-61528
193,-63182
193,-64112
193,-64546
194,-63226
194,-63498
194,-63484
194,-62866
194,-62476
194,-61786
194,-60916
194,-61694
194,-60836
194,-61532
194,-60678
194,-60980
194,-62638
194,-62842
194,-62902
194,-62576
195,-63422
195,-63690
195,-61122
195,-60176
195,-62366
195,-62472
195,-63708
195,-63232
195,-63222
195,-62190
195,-62314
195,-61290
195,-61808
195,-62794
195,-61816
195,-62470
196,-61404
196,-62140
196,-59956
196,-60048
196,-61990
196,-62386
196,-62824
196,-63540
196,-64266
196,-63032
196,-63028
196,-62972
196,-62726
196,-64916
196,-65772
196,-64208
197,-63258
197,-61810
197,-60652
197,-61864
197,-61964
197,-62690
197,-63576
197,-63976
197,-64144
197,-64130
197,-63010
197,-62488
197,-64464
197,-64442
197,-65200
197,-64226
198,-63938
198,-63292
198,-62510
198,-62734
198,-63362
198,-65966
198,-64460
198,-62254
198,-59878
198,-58254
198,-57368
198,-60640
198,-62152
198,-63916
198,-62140
198,-60164
199,-59710
199,-60016
199,-60020
199,-60254
199,-59542
199,-60822
199,-60478
199,-58700
199,-58044
199,-57246
199,-56542
199,-57728
199,-58182
199,-59132
199,-58548
199,-59316
200,-58578
200,-57644
200,-58138
200,-59142
200,-59094
200,-58848
200,-59518
200,-59972
200,-58874
200,-59672
200,-58338
200,-61440
200,-61384
200,-60084
200,-59948
200,-58606
201,-58560
201,-59558
201,-60368
201,-61752
201,-62790
201,-61884
201,-62074
201,-60576
201,-59080
201,-60610
201,-60072
201,-60708
201,-59682
201,-59684
201,-58490
201,-57824
202,-58094
202,-58890
202,-57842
202,-59936
202,-59968
202,-59994
202,-58408
202,-57604
202,-57128
202,-58358
202,-59434
202,-61152
202,-59326
202,-60388
202,-59368
202,-58702
203,-55724
203,-56618
203,-59244
203,-58814
203,-59018
203,-58980
203,-57588
203,-56094
203,-58284
203,-58262
203,-56976
203,-59086
203,-60088
203,-59938
203,-57320
203,-55998
204,-55290
204,-55952
204,-58752
204,-58238
204,-58416
204,-56380
204,-54456
204,-55836
204,-55960
204,-57788
204,-59834
204,-58784
204,-58570
204,-57986
204,-56278
204,-57546
205,-56978
205,-58128
205,-59184
205,-59498
205,-58536
205,-57328
205,-58254
205,-57462
205,-58108
205,-61526
205,-60570
205,-59894
205,-59836
205,-57058
205,-57506
205,-58766
206,-59184
206,-59694
206,-60766
206,-59884
206,-58696
206,-57110
206,-57104
206,-57242
206,-57514
206,-58086
206,-58232
206,-57790
206,-55760
206,-56176
206,-55456
206,-56626
207,-58606
207,-60282
207,-60822
207,-58094
207,-58306
207,-56932
207,-56796
207,-58458
207,-60436
207,-59926
207,-60130
207,-59820
207,-58514
207,-57466
207,-57136
207,-59956
208,-60992
208,-62126
208,-62672
208,-60856
208,-59994
208,-58480
208,-60594
208,-61314
208,-61032
208,-61930
208,-60840
208,-58676
208,-58668
208,-58878
208,-59866
208,-61138
209,-60304
209,-60852
209,-61556
209,-60900
209,-60444
209,-61880
209,-60782
209,-61590
209,-61730
209,-60784
209,-62264
209,-61516
209,-61830
209,-61306
209,-62076
209,-63144
210,-64392
210,-65188
210,-63032
210,-62216
210,-62602
210,-64396
210,-64238
210,-67100
210,-66622
210,-67606
210,-66754
210,-65808
210,-64762
210,-65888
210,-69474
210,-68148
211,-69044
211,-68492
211,-67428
211,-66898
211,-66424
211,-66118
211,-66894
211,-67306
211,-66620
211,-65822
211,-64582
211,-64696
211,-66686
211,-66782
211,-68298
211,-67356
212,-68756
212,-69296
212,-68454
212,-67102
212,-67708
212,-68744
212,-66802
212,-68214
212,-68282
212,-67906
212,-68792
212,-66540
212,-65796
212,-67484
212,-68482
212,-70368
213,-69088
213,-67522
213,-66322
213,-67166
213,-68744
213,-70202
213,-69758
213,-69358
213,-69054
213,-67890
213,-67478
213,-68626
213,-68754
213,-70170
213,-67966
213,-69872
214,-69674
214,-68470
214,-68090
214,-68736
214,-68312
214,-69168
214,-68018
214,-68454
214,-68984
214,-66842
214,-65570
214,-65474
214,-66494
214,-66458
214,-66776
214,-66864
215,-67006
215,-66342
215,-64072
215,-66042
215,-67174
215,-67528
215,-68952
215,-68116
215,-67154
215,-65178
215,-64310
215,-65954
215,-67136
215,-66314
215,-67398
215,-67096
216,-65684
216,-64464
216,-64180
216,-64136
216,-66380
216,-66002
216,-67026
216,-66412
216,-66480
216,-66218
216,-65642
216,-64798
216,-66814
216,-68326
216,-69244
216,-67974
217,-69720
217,-68298
217,-68934
217,-70818
217,-71172
217,-71092
217,-70986
217,-71060
217,-67526
217,-68778
217,-68634
217,-70590
217,-69672
217,-70918
217,-70794
217,-69904
218,-69786
218,-69316
218,-69902
218,-72352
218,-71594
218,-72118
218,-70880
218,-71668
218,-70872
218,-70098
218,-69700
218,-71286
218,-70288
218,-69946
218,-70018
218,-69322
219,-67666
219,-68208
219,-68370
219,-70304
219,-69318
219,-69614
219,-69294
219,-70068
219,-71178
219,-70378
219,-72766
219,-73336
219,-74728
219,-74962
219,-74308
219,-72458
220,-73024
220,-73768
220,-73996
220,-75138
220,-76386
220,-74942
220,-74760
220,-72696
220,-70730
220,-72860
220,-74184
220,-75194
220,-74192
220,-73372
220,-72286
220,-73110
221,-72972
221,-73480
221,-74388
221,-75668
221,-75630
221,-76686
221,-75764
221,-75078
221,-73670
221,-74062
221,-75548
221,-76416
221,-77504
221,-75246
221,-76998
221,-75216
222,-75446
222,-76042
222,-75644
222,-78412
222,-77754
222,-78116
222,-77550
222,-76260
222,-77296
222,-76862
222,-79794
222,-80596
222,-80600
222,-81962
222,-80240
222,-80486
223,-78690
223,-79760
223,-81182
223,-83220
223,-82060
223,-81674
223,-82382
223,-80888
223,-81294
223,-80154
223,-80976
223,-81398
223,-80914
223,-79792
223,-79238
223,-79416
224,-78796
224,-80026
224,-82192
224,-81584
224,-81210
224,-80802
224,-81204
224,-82516
224,-82072
224,-84180
224,-85278
224,-85832
224,-86606
224,-84562
224,-84880
224,-85428
225,-86640
225,-87278
225,-88464
225,-88394
225,-88040
225,-87564
225,-85004
225,-85666
225,-85756
225,-87024
225,-86220
225,-87130
225,-88384
225,-86144
225,-86970
225,-86850
226,-88926
226,-89464
226,-90508
226,-90680
226,-90136
226,-88806
226,-89116
226,-89008
226,-89780
226,-92054
226,-91496
226,-91534
226,-91378
226,-89056
226,-90456
226,-91404
227,-92698
227,-93462
227,-94926
227,-94846
227,-92514
227,-92760
227,-94036
227,-95712
227,-97468
227,-98080
227,-98972
227,-98526
227,-97142
227,-98062
227,-100400
227,-100862
228,-103714
228,-104708
228,-103540
228,-103524
228,-102434
228,-101306
228,-103454
228,-102454
228,-103786
228,-105784
228,-103938
228,-104050
228,-103458
228,-103526
228,-101842
228,-104410
229,-105652
229,-106738
229,-107118
229,-108494
229,-106992
229,-107052
229,-106038
229,-108888
229,-110284
229,-109398
229,-109594
229,-109156
229,-108972
229,-108898
229,-110560
229,-112404
230,-114718
230,-114724
230,-113324
230,-111808
230,-111850
230,-110640
230,-114262
230,-112548
230,-114302
230,-113692
230,-112264
230,-111428
230,-111272
230,-112340
230,-113438
230,-113378
231,-116156
231,-116636
231,-116466
231,-115096
231,-115676
231,-116208
231,-117732
231,-119538
231,-119904
231,-120348
231,-120846
231,-119774
231,-119394
231,-120274
231,-121956
231,-122222
232,-123360
232,-123110
232,-121032
232,-121822
232,-120896
232,-121930
232,-123546
232,-122972
232,-124392
232,-124938
232,-123166
232,-124098
232,-125470
232,-127408
232,-126878
232,-127746
233,-127140
233,-126908
233,-126178
233,-126320
233,-127298
233,-127612
233,-130504
233,-131254
233,-129410
233,-128428
233,-128632
233,-128916
233,-131132
233,-131114
233,-131754
233,-130522
234,-131454
234,-131108
234,-130758
234,-130062
234,-128788
234,-129788
234,-129400
234,-128592
234,-129746
234,-131394
234,-131180
234,-130744
234,-132082
234,-132494
234,-132110
234,-133702
235,-135358
235,-132732
235,-133472
235,-132830
235,-131606
235,-130652
235,-132074
235,-132980
235,-131506
235,-130870
235,-130560
235,-130888
235,-130266
235,-130512
235,-130122
235,-131876
236,-131786
236,-133176
236,-133682
236,-133712
236,-133250
236,-135000
236,-134408
236,-134636
236,-136790
236,-135020
236,-135568
236,-134078
236,-135644
236,-136254
236,-134822
236,-134264
237,-133270
237,-132378
237,-133112
237,-132768
237,-133078
237,-134478
237,-134026
237,-133726
237,-133842
237,-134724
237,-134598
237,-134968
237,-135800
237,-136104
237,-136796
237,-135344
238,-136712
238,-136924
238,-135756
238,-137810
238,-137154
238,-137824
238,-138994
238,-139832
238,-139360
238,-139854
238,-139540
238,-140008
238,-139418
238,-139664
238,-139376
238,-138222
239,-138670
239,-138060
239,-139298
239,-140556
239,-141062
239,-141550
239,-141058
239,-141554
239,-140134
239,-140084
239,-141442
239,-142464
239,-143206
239,-142076
239,-139520
239,-138796
240,-139028
240,-140134
240,-142446
240,-143750
240,-140378
240,-140346
240,-138560
240,-138494
240,-138748
240,-139618
240,-141326
240,-142008
240,-141416
240,-140986
240,-140266
240,-140880
241,-140354
241,-143246
241,-142746
241,-143096
241,-142596
241,-140966
241,-140898
241,-142170
241,-142418
241,-141956
241,-142416
241,-142820
241,-142494
241,-141438
241,-141338
241,-141330
242,-141178
242,-141378
242,-142448
242,-143484
242,-143438
242,-144308
242,-143036
242,-143380
242,-143486
242,-143166
242,-142310
242,-142922
242,-142044
242,-141658
242,-142422
242,-142914
243,-143180
243,-142618
243,-142876
243,-143188
243,-143756
243,-142574
243,-142596
243,-142112
243,-142538
243,-142606
243,-141272
243,-140656
243,-142798
243,-141546
243,-142040
243,-142826
244,-143304
244,-143278
244,-143910
244,-142628
244,-143422
244,-142296
244,-142476
244,-143604
244,-143300
244,-142702
244,-141776
244,-140442
244,-141050
244,-142280
244,-143822
244,-143986
245,-142620
245,-141662
245,-141962
245,-141912
245,-143082
245,-142232
245,-141650
245,-140780
245,-140062
245,-140948
245,-139722
245,-140462
245,-140428
245,-142014
245,-142360
245,-142304
246,-143106
246,-142646
246,-142972
246,-142148
246,-141346
246,-141788
246,-141612
246,-141228
246,-142922
246,-142386
246,-140244
246,-142206
246,-139958
246,-142012
246,-142228
246,-140988
247,-142414
247,-142834
247,-142082
247,-142152
247,-141550
247,-142154
247,-141416
247,-142520
247,-143124
247,-142920
247,-142032
247,-142064
247,-140582
247,-140846
247,-141236
247,-141454
248,-141898
248,-141512
248,-139662
248,-139564
248,-138294
248,-139910
248,-139506
248,-140452
248,-139634
248,-138168
248,-139974
248,-138828
248,-137904
248,-138560
248,-139522
248,-138968
249,-139142
249,-139098
249,-138834
249,-137684
249,-137330
249,-136780
249,-136962
249,-137604
249,-139106
249,-138332
249,-137172
249,-135584
249,-135554
249,-135432
249,-135780
249,-136260
250,-135338
250,-137334
250,-134736
250,-134472
250,-134742
250,-135824
250,-135960
250,-134596
250,-136036
250,-136028
250,-135318
250,-135866
250,-135806
250,-135478
250,-137114
250,-137242
251,-134672
251,-135324
251,-134636
251,-133936
251,-133290
251,-133070
251,-133474
251,-133556
251,-133046
251,-134964
251,-134490
251,-134084
251,-133672
251,-133422
251,-132762
251,-132726
252,-133124
252,-134416
252,-134872
252,-133768
252,-133508
252,-134364
252,-135296
252,-133950
252,-133884
252,-133534
252,-132592
252,-131530
252,-132876
252,-133548
252,-132908
252,-133668
253,-131012
253,-130390
253,-132550
253,-131330
253,-131858
253,-130414
253,-129890
253,-130068
253,-129604
253,-128592
253,-129560
253,-129564
253,-129822
253,-130062
253,-127346
253,-128102
254,-130448
254,-130670
254,-131396
254,-131068
254,-128872
254,-129478
254,-128266
254,-128240
254,-129066
254,-129288
254,-129684
254,-128464
254,-129024
254,-128066
254,-130048
254,-130202
255,-128706
255,-127280
255,-128698
255,-130412
255,-130516
255,-130038
255,-130816
255,-128762
255,-128430
255,-128790
255,-130660
255,-131354
255,-130236
255,-128928
255,-129772
255,-128146
256,-127494
256,-127666
256,-129188
256,-129330
256,-130206
256,-128690
256,-129134
256,-127454
256,-128574
256,-129716
256,-128818
256,-128884
256,-130126
256,-128122
256,-129466
256,-129518
257,-129596
257,-130802
257,-130110
257,-130048
257,-128540
257,-128528
257,-128756
257,-128684
257,-127944
257,-127218
257,-129422
257,-129062
257,-129732
257,-128172
257,-127874
257,-128694
258,-129206
258,-128138
258,-129280
258,-127448
258,-127908
258,-129194
258,-128784
258,-128668
258,-128712
258,-129492
258,-129322
258,-130232
258,-130038
258,-130506
258,-129944
258,-130170
259,-130506
259,-129952
259,-129208
259,-129650
259,-131194
259,-129444
259,-128092
259,-127910
259,-129784
259,-130726
259,-130846
259,-130956
259,-130288
259,-129458
259,-130242
259,-131080
260,-130014
260,-128862
260,-128756
260,-128402
260,-127702
260,-128126
260,-127334
260,-128902
260,-129518
260,-128304
260,-128314
260,-129518
260,-129930
260,-128212
260,-129298
260,-128442
261,-129038
261,-129664
261,-128568
261,-127706
261,-126892
261,-126916
261,-128294
261,-127040
261,-128854
261,-128670
261,-127658
261,-127054
261,-126736
261,-128314
261,-128264
261,-128480
262,-127684
262,-128584
262,-128724
262,-127220
262,-128684
262,-128856
262,-127238
262,-125946
262,-126634
262,-127454
262,-126904
262,-126472
262,-128336
262,-126614
262,-124518
262,-124058
263,-123542
263,-122972
263,-122804
263,-121482
263,-123894
263,-124258
263,-122216
263,-123974
263,-122700
263,-122566
263,-123150
263,-122304
263,-122870
263,-123222
263,-121984
263,-121040
264,-120468
264,-122816
264,-122184
264,-122020
264,-122628
264,-121824
264,-119238
264,-119860
264,-120854
264,-121432
264,-121134
264,-120630
264,-120500
264,-119166
264,-120480
264,-119468
265,-120882
265,-121278
265,-119482
265,-120690
265,-120020
265,-120340
265,-120338
265,-119676
265,-119246
265,-120870
265,-119710
265,-121314
265,-119696
265,-118696
265,-117668
265,-118444
266,-119712
266,-121116
266,-119938
266,-118570
266,-117684
266,-115992
266,-116570
266,-116332
266,-116506
266,-117714
266,-116784
266,-116916
266,-114846
266,-114982
266,-117312
266,-117198
267,-117266
267,-117302
267,-118438
267,-118158
267,-117150
267,-116424
267,-116668
267,-116230
267,-115564
267,-115322
267,-113596
267,-114302
267,-114144
267,-114018
267,-114464
267,-114058
268,-113116
268,-111976
268,-113698
268,-113284
268,-112880
268,-112804
268,-112902
268,-112288
268,-111290
268,-111412
268,-111504
268,-112388
268,-111898
268,-112698
268,-112504
268,-111536
269,-111930
269,-111522
269,-112846
269,-112428
269,-111536
269,-110542
269,-110376
269,-110828
269,-110498
269,-110116
269,-110208
269,-109992
269,-110200
269,-110550
269,-110612
269,-111310
270,-111190
270,-112418
270,-111930
270,-110988
270,-112616
270,-110836
270,-109796
270,-112408
270,-110844
270,-110154
270,-111086
270,-111658
270,-110732
270,-110536
270,-111180
270,-110298
271,-110828
271,-108686
271,-109482
271,-110640
271,-106430
271,-108414
271,-109736
271,-112028
271,-109906
271,-108986
271,-110044
271,-109706
271,-107324
271,-108318
271,-110382
271,-110802
272,-112024
272,-110538
272,-109488
272,-110276
272,-110308
272,-108786
272,-110198
272,-111648
272,-110070
272,-112124
272,-111330
272,-108334
272,-109466
272,-108992
272,-109518
272,-110618
273,-111620
273,-112290
273,-111954
273,-110136
273,-111446
273,-110018
273,-111700
273,-113012
273,-112522
273,-113416
273,-112852
273,-112870
273,-111754
273,-113076
273,-113248
273,-112252
274,-113296
274,-113030
274,-110878
274,-110286
274,-111304
274,-112562
274,-111918
274,-112550
274,-113362
274,-112984
274,-114814
274,-113688
274,-115140
274,-113946
274,-114668
274,-115568
275,-113496
275,-115616
275,-113870
275,-114044
275,-113900
275,-114060
275,-114568
275,-115002
275,-113286
275,-113446
275,-113888
275,-113914
275,-112902
275,-112706
275,-114680
275,-113124
276,-114334
276,-112970
276,-112352
276,-112632
276,-113802
276,-113968
276,-113346
276,-114452
276,-115420
276,-114564
276,-116274
276,-114890
276,-114648
276,-113322
276,-116040
276,-114248
277,-113848
277,-113822
277,-113176
277,-113738
277,-115012
277,-115014
277,-113094
277,-111878
277,-111996
277,-111934
277,-113082
277,-113958
277,-116118
277,-114094
277,-115056
277,-113388
278,-113182
278,-114948
278,-114968
278,-116518
278,-118392
278,-117342
278,-115594
278,-115156
278,-115498
278,-114408
278,-116228
278,-115466
278,-115536
278,-114204
278,-114808
278,-113628
279,-112898
279,-113350
279,-113604
279,-114382
279,-117090
279,-117706
279,-117496
279,-117044
279,-115718
279,-117188
279,-118072
279,-119364
279,-119928
279,-119990
279,-118546
279,-119306
280,-118470
280,-119110
280,-119060
280,-118310
280,-119706
280,-116942
280,-118442
280,-118626
280,-116524
280,-119670
280,-117968
280,-117198
280,-117292
280,-118602
280,-116954
280,-117438
281,-117654
281,-118310
281,-119808
281,-118976
281,-118748
281,-118226
281,-119260
281,-118940
281,-119976
281,-119870
281,-120308
281,-119802
281,-120986
281,-121498
281,-120578
281,-121862
282,-120686
282,-120112
282,-121042
282,-119680
282,-119020
282,-119090
282,-119048
282,-119770
282,-120280
282,-121094
282,-121504
282,-121232
282,-120756
282,-119242
282,-119074
282,-119102
283,-120420
283,-120538
283,-119678
283,-119690
283,-119660
283,-118800
283,-117866
283,-119076
283,-119416
283,-121168
283,-120356
283,-121076
283,-119900
283,-118840
283,-119050
283,-117746
284,-118680
284,-118782
284,-119284
284,-117562
284,-117734
284,-116752
284,-117194
284,-117034
284,-117396
284,-119840
284,-118266
284,-118090
284,-117296
284,-117872
284,-117130
284,-117572
285,-118758
285,-118470
285,-118704
285,-118252
285,-118374
285,-118360
285,-115184
285,-114768
285,-115466
285,-115748
285,-114886
285,-115572
285,-114448
285,-113764
285,-114266
285,-113514
286,-113638
286,-114604
286,-113864
286,-113298
286,-113216
286,-113470
286,-113066
286,-112858
286,-113986
286,-116142
286,-115408
286,-114274
286,-113808
286,-113266
286,-112884
286,-112892
287,-112486
287,-113774
287,-113156
287,-112770
287,-112936
287,-111690
287,-112336
287,-112950
287,-113354
287,-113576
287,-112764
287,-112792
287,-112540
287,-111488
287,-111458
287,-113386
288,-113692
288,-110540
288,-111610
288,-111656
288,-112454
288,-111376
288,-110526
288,-112084
288,-109600
288,-109408
288,-109880
288,-109352
288,-110958
288,-111762
288,-109892
288,-110608
289,-112050
289,-112690
289,-111056
289,-110624
289,-110270
289,-111166
289,-111380
289,-110892
289,-109100
289,-111378
289,-110766
289,-110404
289,-111118
289,-109800
289,-110638
289,-110590
290,-112342
290,-111410
290,-110922
290,-110906
290,-111006
290,-109100
290,-110488
290,-111404
290,-111786
290,-110890
290,-111280
290,-109002
290,-109604
290,-109588
290,-109638
290,-110838
291,-110440
291,-109994
291,-109904
291,-109308
291,-108732
291,-111144
291,-111044
291,-109950
291,-109958
291,-109862
291,-109630
291,-111290
291,-110294
291,-110102
291,-109550
291,-109526
292,-109266
292,-109332
292,-110392
292,-109768
292,-109406
292,-109382
292,-108300
292,-108394
292,-107276
292,-108698
292,-109900
292,-110452
292,-109838
292,-107934
292,-110624
292,-109118
293,-109342
293,-108788
293,-110044
293,-111198
293,-110922
293,-111156
293,-112564
293,-112044
293,-113540
293,-112346
293,-112980
293,-114944
293,-113784
293,-115720
293,-112316
293,-113352
294,-113114
294,-113720
294,-115124
294,-115630
294,-116154
294,-115348
294,-117012
294,-116770
294,-115666
294,-115090
294,-116024
294,-117156
294,-117858
294,-117284
294,-116220
294,-116346
295,-116668
295,-116506
295,-117306
295,-117042
295,-118340
295,-116980
295,-116482
295,-115724
295,-116722
295,-116702
295,-116248
295,-116014
295,-116800
295,-115826
295,-114768
295,-116266
296,-114618
296,-113378
296,-114896
296,-115376
296,-115102
296,-117032
296,-116320
296,-115210
296,-116696
296,-116006
296,-115122
296,-116636
296,-116812
296,-117558
296,-117216
296,-117300
297,-117704
297,-117116
297,-116082
297,-116460
297,-117854
297,-118160
297,-119556
297,-117250
297,-116514
297,-117548
297,-118824
297,-118418
297,-119104
297,-120210
297,-118608
297,-120260
298,-119276
298,-119654
298,-119924
298,-120294
298,-120926
298,-121746
298,-119512
298,-120372
298,-119836
298,-119204
298,-119040
298,-119630
298,-120452
298,-120892
298,-120930
298,-117664
299,-119746
299,-116506
299,-119344
299,-118192
299,-118884
299,-119240
299,-118970
299,-119492
299,-119058
299,-121466
299,-120306
299,-120092
299,-120496
299,-122308
299,-122126
299,-121740
300,-122236
300,-122360
300,-122032
300,-123694
300,-122644
300,-122976
300,-124366
300,-122602
300,-121580
300,-122158
300,-122770
300,-124220
300,-125272
300,-124064
300,-123648
300,-121966
301,-122234
301,-122952
301,-124846
301,-123888
301,-123834
301,-122264
301,-122616
301,-121800
301,-122816
301,-123072
301,-124222
301,-124524
301,-126262
301,-124762
301,-123738
301,-123150
302,-124810
302,-125740
302,-125618
302,-125628
302,-126292
302,-124688
302,-127080
302,-124400
302,-125828
302,-126998
302,-128878
302,-128408
302,-129182
302,-127574
302,-127270
302,-127852
303,-130002
303,-131292
303,-130178
303,-130872
303,-131982
303,-130254
303,-129628
303,-129384
303,-130694
303,-130124
303,-130364
303,-131714
303,-129402
303,-128304
303,-127632
303,-127356
304,-128684
304,-128120
304,-129000
304,-127432
304,-127314
304,-128702
304,-129046
304,-131076
304,-132156
304,-132150
304,-132610
304,-130150
304,-130990
304,-130684
304,-131222
304,-131592
305,-132406
305,-131036
305,-131872
305,-132088
305,-131020
305,-131146
305,-131530
305,-130484
305,-130788
305,-130578
305,-130082
305,-130492
305,-131452
305,-130374
305,-131302
305,-131102
306,-131486
306,-133376
306,-132284
306,-132514
306,-132230
306,-130242
306,-131372
306,-133068
306,-131606
306,-131234
306,-132660
306,-132982
306,-133026
306,-131868
306,-130100
306,-129698
307,-130246
307,-130672
307,-129782
307,-129916
307,-128910
307,-127726
307,-128010
307,-128830
307,-130070
307,-131394
307,-129542
307,-129660
307,-129878
307,-128514
307,-128850
307,-128036
308,-129230
308,-128908
308,-128408
308,-128400
308,-127398
308,-125952
308,-126474
308,-127512
308,-126784
308,-127240
308,-128358
308,-125470
308,-125888
308,-125632
308,-125970
308,-126918
309,-126924
309,-128504
309,-127582
309,-127800
309,-126828
309,-125706
309,-127146
309,-127082
309,-129182
309,-129196
309,-128312
309,-127476
309,-126784
309,-128060
309,-128116
309,-127774
310,-128302
310,-128042
310,-127790
310,-128324
310,-127082
310,-127278
310,-126346
310,-126610
310,-125446
310,-125286
310,-124866
310,-125594
310,-126664
310,-125622
310,-124918
310,-124114
311,-124526
311,-123050
311,-124086
311,-125610
311,-124674
311,-125612
311,-125342
311,-124764
311,-122878
311,-123240
311,-123890
311,-124500
311,-124706
311,-125102
311,-124754
311,-123210
312,-123468
312,-123134
312,-122858
312,-123080
312,-122938
312,-126524
312,-125872
312,-126334
312,-123884
312,-123478
312,-124380
312,-123568
312,-124112
312,-124734
312,-124616
312,-123160
313,-122708
313,-122376
313,-121766
313,-122276
313,-121762
313,-123656
313,-124920
313,-123476
313,-122340
313,-122080
313,-122074
313,-121776
313,-122880
313,-123442
313,-123934
313,-124434
314,-122136
314,-121230
314,-122816
314,-124086
314,-124924
314,-125536
314,-124714
314,-124726
314,-124078
314,-124928
314,-123820
314,-124846
314,-124266
314,-123716
314,-125402
314,-124356
315,-125204
315,-124404
315,-125452
315,-123874
315,-123338
315,-124140
315,-123312
315,-124942
315,-124046
315,-123116
315,-122360
315,-123682
315,-124296
315,-121824
315,-121388
315,-121600
316,-122176
316,-121020
316,-121604
316,-122452
316,-120622
316,-121684
316,-121340
316,-121502
316,-122964
316,-122568
316,-122298
316,-122138
316,-122636
316,-122656
316,-123864
316,-124010
317,-124634
317,-124190
317,-125334
317,-125236
317,-124976
317,-124742
317,-124694
317,-124110
317,-124400
317,-124254
317,-123962
317,-123716
317,-123774
317,-123944
317,-122944
317,-123050
318,-122518
318,-123244
318,-122794
318,-123420
318,-123054
318,-122818
318,-122714
318,-122458
318,-121428
318,-121694
318,-121338
318,-121696
318,-123192
318,-122140
318,-122490
318,-122734
319,-121472
319,-120314
319,-121800
319,-122220
319,-123410
319,-121908
319,-121440
319,-122058
319,-121514
319,-122216
319,-124272
319,-125598
319,-126064
319,-125986
319,-124726
319,-126806
320,-126020
320,-125188
320,-126438
320,-128268
320,-126686
320,-125726
320,-124478
320,-124314
320,-124300
320,-125284
320,-126636
320,-127056
320,-128344
320,-126896
320,-126210
320,-127854
321,-127476
321,-128208
321,-129554
321,-127936
321,-127716
321,-127178
321,-126854
321,-129254
321,-128532
321,-129646
321,-131102
321,-129446
321,-131292
321,-130560
321,-130524
321,-129034
322,-128532
322,-129526
322,-129090
322,-130000
322,-129586
322,-128974
322,-129602
322,-128814
322,-127174
322,-126548
322,-127480
322,-128982
322,-128906
322,-128966
322,-128098
322,-127488
323,-128726
323,-129418
323,-130732
323,-131152
323,-131502
323,-132548
323,-131570
323,-130864
323,-131528
323,-132292
323,-130410
323,-131460
323,-129334
323,-129894
323,-129404
323,-130388
324,-129700
324,-129252
324,-130106
324,-129428
324,-128846
324,-127842
324,-127560
324,-128146
324,-128484
324,-129664
324,-130740
324,-130316
324,-129830
324,-128482
324,-130130
324,-130154
325,-130218
325,-129982
325,-131608
325,-132118
325,-130058
325,-129724
325,-129418
325,-129358
325,-130956
325,-129962
325,-130120
325,-128482
325,-129668
325,-130164
325,-129440
325,-130834
326,-130726
326,-130364
326,-130362
326,-129150
326,-128966
326,-128000
326,-129166
326,-130062
326,-131822
326,-131314
326,-131730
326,-131320
326,-130066
326,-128940
326,-129936
326,-130840
327,-131060
327,-131494
327,-131516
327,-130658
327,-129088
327,-129676
327,-130198
327,-130834
327,-132098
327,-132216
327,-129772
327,-128410
327,-129522
327,-129890
327,-129128
327,-130696
328,-130560
328,-130464
328,-131576
328,-131390
328,-131400
328,-131382
328,-129170
328,-130588
328,-130556
328,-130710
328,-131276
328,-130194
328,-130554
328,-130186
328,-130148
328,-129272
329,-129936
329,-128572
329,-127778
329,-126656
329,-127152
329,-128494
329,-127998
329,-126738
329,-128142
329,-128546
329,-126642
329,-127606
329,-127862
329,-127950
329,-128536
329,-128188
330,-128634
330,-126982
330,-127684
330,-128418
330,-126772
330,-127422
330,-127438
330,-126316
330,-127796
330,-128126
330,-127036
330,-127032
330,-127252
330,-126966
330,-125356
330,-126658
331,-127684
331,-126944
331,-126056
331,-124968
331,-125804
331,-125872
331,-124736
331,-125818
331,-124756
331,-122402
331,-123092
331,-123258
331,-123630
331,-124072
331,-123566
331,-123246
332,-123276
332,-122836
332,-122980
332,-123170
332,-121410
332,-122564
332,-120618
332,-121712
332,-122578
332,-120886
332,-121670
332,-120864
332,-121152
332,-120712
332,-119640
332,-120036
333,-121112
333,-121066
333,-119954
333,-120928
333,-119520
333,-118486
333,-119144
333,-121036
333,-120640
333,-118474
333,-120182
333,-117850
333,-118622
333,-120310
333,-117390
333,-120928
334,-120536
334,-119678
334,-119656
334,-119790
334,-120016
334,-119816
334,-120214
334,-119816
334,-120042
334,-119074
334,-120106
334,-119468
334,-120040
334,-118226
334,-117452
334,-117702
335,-119670
335,-117706
335,-118504
335,-118024
335,-118618
335,-119112
335,-118076
335,-117844
335,-117142
335,-117506
335,-118602
335,-116558
335,-114626
335,-114970
335,-113588
335,-114314
336,-114020
336,-114768
336,-114978
336,-114922
336,-115512
336,-115282
336,-113620
336,-114298
336,-114768
336,-114880
336,-115490
336,-115002
336,-115444
336,-114308
336,-115116
336,-116324
337,-116834
337,-116636
337,-115842
337,-117070
337,-116198
337,-115622
337,-115820
337,-115396
337,-115610
337,-114876
337,-114646
337,-114982
337,-113668
337,-113982
337,-113804
337,-113304
338,-114106
338,-114052
338,-113530
338,-114556
338,-114636
338,-115208
338,-114748
338,-114726
338,-114392
338,-114950
338,-114570
338,-112992
338,-113408
338,-114836
338,-113724
338,-114542
339,-113978
339,-113832
339,-114194
339,-114064
339,-113746
339,-113430
339,-114472
339,-114352
339,-114452
339,-113428
339,-113790
339,-112890
339,-113676
339,-114636
339,-113958
339,-111772
340,-112894
340,-111624
340,-112454
340,-112522
340,-112820
340,-112482
340,-112640
340,-112232
340,-113024
340,-113028
340,-111932
340,-112964
340,-112164
340,-113746
340,-113330
340,-113362
341,-113134
341,-112382
341,-111400
341,-111996
341,-111262
341,-111372
341,-109374
341,-111208
341,-112246
341,-109236
341,-109580
341,-109084
341,-110018
341,-109304
341,-110400
341,-109180
342,-110518
342,-112336
342,-110792
342,-111678
342,-111264
342,-112036
342,-111392
342,-111458
342,-111836
342,-113450
342,-111136
342,-111742
342,-111198
342,-111444
342,-112506
342,-111252
343,-111836
343,-112104
343,-112480
343,-112432
343,-111098
343,-111312
343,-112046
343,-112766
343,-112548
343,-113802
343,-112418
343,-113244
343,-111762
343,-110272
343,-112582
343,-112586
344,-112896
344,-112000
344,-111646
344,-111010
344,-111540
344,-111808
344,-111204
344,-112378
344,-111906
344,-112002
344,-112630
344,-109002
344,-110164
344,-111098
344,-112144
344,-111474
345,-112108
345,-110976
345,-111344
345,-111850
345,-111544
345,-110502
345,-109284
345,-110698
345,-110578
345,-109722
345,-110968
345,-110876
345,-110728
345,-109200
345,-107744
345,-108356
346,-108402
346,-110522
346,-110768
346,-110284
346,-109184
346,-110074
346,-109866
346,-108472
346,-108992
346,-110124
346,-109704
346,-109562
346,-109914
346,-109568
346,-111250
346,-110666
347,-110096
347,-109906
347,-112246
347,-112440
347,-112574
347,-114180
347,-113268
347,-112704
347,-112590
347,-113474
347,-113430
347,-113624
347,-112454
347,-113278
347,-114666
347,-114132
348,-114846
348,-112874
348,-114594
348,-112834
348,-115188
348,-116046
348,-115200
348,-114954
348,-115888
348,-116350
348,-114914
348,-117392
348,-117658
348,-117354
348,-117020
348,-117576
349,-118302
349,-116624
349,-118982
349,-118180
349,-117972
349,-118686
349,-119350
349,-118070
349,-120074
349,-119624
349,-121256
349,-120898
349,-119422
349,-121334
349,-120376
349,-120498
350,-122402
350,-120770
350,-117918
350,-116382
350,-118628
350,-119386
350,-119354
350,-120502
350,-120556
350,-119814
350,-120052
350,-120290
350,-121582
350,-121406
350,-121694
350,-123308
351,-121476
351,-121204
351,-121862
351,-121280
351,-120522
351,-122680
351,-122028
351,-123378
351,-124004
351,-123268
351,-123896
351,-123182
351,-124426
351,-123930
351,-124476
351,-124618
352,-125362
352,-127142
352,-125802
352,-127108
352,-125008
352,-124404
352,-124596
352,-124724
352,-126554
352,-125370
352,-125868
352,-125330
352,-125752
352,-125594
352,-125796
352,-127408
353,-127320
353,-126582
353,-125688
353,-126082
353,-126578
353,-125710
353,-128066
353,-125454
353,-126482
353,-126404
353,-126482
353,-126050
353,-126506
353,-128174
353,-127486
353,-129486
354,-129418
354,-129268
354,-128874
354,-127492
354,-128964
354,-128170
354,-129206
354,-129460
354,-128136
354,-129760
354,-129368
354,-128624
354,-129322
354,-129224
354,-129850
354,-130054
355,-130862
355,-127778
355,-130048
355,-129522
355,-131048
355,-131994
355,-131360
355,-131976
355,-132506
355,-131482
355,-132804
355,-131948
355,-133236
355,-134818
355,-136380
355,-135450
356,-133668
356,-134768
356,-134840
356,-136506
356,-136446
356,-136936
356,-138108
356,-135950
356,-134516
356,-135142
356,-134330
356,-135040
356,-136252
356,-136928
356,-137860
356,-137306
357,-136734
357,-136358
357,-138308
357,-140034
357,-140148
357,-141254
357,-141714
357,-141932
357,-142074
357,-141484
357,-142358
357,-143158
357,-141962
357,-144024
357,-142440
357,-141930
358,-142042
358,-142436
358,-142220
358,-142500
358,-142628
358,-144544
358,-144370
358,-145140
358,-144862
358,-144002
358,-145150
358,-145408
358,-146680
358,-145738
358,-148454
358,-148230
359,-148328
359,-148118
359,-144968
359,-146876
359,-148966
359,-148238
359,-149858
359,-149916
359,-150202
359,-150230
359,-148324
359,-148560
359,-148266
359,-149912
359,-150694
359,-149832
360,-148426
360,-150932
360,-151422
360,-150274
360,-152142
360,-151874
360,-152712
360,-152300
360,-152356
360,-151184
360,-150178
360,-150896
360,-149950
360,-148950
360,-150878
360,-151644
361,-150526
361,-150700
361,-149372
361,-148884
361,-150538
361,-151396
361,-151490
361,-151162
361,-150988
361,-151770
361,-152464
361,-152714
361,-152942
361,-154834
361,-154080
361,-155238
362,-155926
362,-154432
362,-153678
362,-155606
362,-154998
362,-155452
362,-156236
362,-157212
362,-155534
362,-155650
362,-155922
362,-155106
362,-155754
362,-156040
362,-157318
362,-157960
363,-157134
363,-156960
363,-157710
363,-158364
363,-157738
363,-157652
363,-158388
363,-157036
363,-157166
363,-158408
363,-159508
363,-160984
363,-158856
363,-159630
363,-160120
363,-158502
364,-160378
364,-159348
364,-158692
364,-159178
364,-160072
364,-158444
364,-160152
364,-159858
364,-159872
364,-160702
364,-161312
364,-160434
364,-161428
364,-162134
364,-163350
364,-163636
365,-163280
365,-164584
365,-165050
365,-164250
365,-165474
365,-165126
365,-163668
365,-163604
365,-165912
365,-164000
365,-165720
365,-166698
365,-166688
365,-166122
365,-168110
365,-166896
366,-168626
366,-167656
366,-168766
366,-168926
366,-168348
366,-170558
366,-168822
366,-168698
366,-168880
366,-167708
366,-166292
366,-168042
366,-168528
366,-167186
366,-167380
366,-166576
367,-166188
367,-167196
367,-166988
367,-167538
367,-167798
367,-168180
367,-168064
367,-168702
367,-169350
367,-168370
367,-169984
367,-171772
367,-170500
367,-170672
367,-171202
367,-171528
368,-171326
368,-171530
368,-172490
368,-171924
368,-172740
368,-171818
368,-171736
368,-172046
368,-171828
368,-172348
368,-172600
368,-174150
368,-173846
368,-172820
368,-172596
368,-172812
369,-173686
369,-175596
369,-176594
369,-175184
369,-174384
369,-176038
369,-176104
369,-175372
369,-177698
369,-176602
369,-176854
369,-177004
369,-176102
369,-177028
369,-175788
369,-174432
370,-174284
370,-175070
370,-176044
370,-175034
370,-174656
370,-174946
370,-176002
370,-175798
370,-175114
370,-173512
370,-174996
370,-174312
370,-174922
370,-174268
370,-172604
370,-174360
371,-173982
371,-175208
371,-175844
371,-174836
371,-173184
371,-172744
371,-174628
371,-173154
371,-174708
371,-173860
371,-173966
371,-172950
371,-171986
371,-169736
371,-169898
371,-170806
372,-171956
372,-172920
372,-172512
372,-173394
372,-172970
372,-171614
372,-171780
372,-173922
372,-174288
372,-173578
372,-173214
372,-172780
372,-171680
372,-172334
372,-171364
372,-172908
373,-173676
373,-174082
373,-173072
373,-171120
373,-172506
373,-171236
373,-171554
373,-171402
373,-172082
373,-172946
373,-170572
373,-171718
373,-170092
373,-169050
373,-169584
373,-169786
374,-171758
374,-171980
374,-170754
374,-169838
374,-167622
374,-169144
374,-168064
374,-169216
374,-168280
374,-169574
374,-168480
374,-167804
374,-166192
374,-165770
374,-167692
374,-167012
375,-168106
375,-166794
375,-166838
375,-167150
375,-166122
375,-164786
375,-164586
375,-166080
375,-164484
375,-165036
375,-166506
375,-164918
375,-164300
375,-163050
375,-163764
375,-164470
376,-165016
376,-165626
376,-163968
376,-163464
376,-163552
376,-161794
376,-161348
376,-162888
376,-162872
376,-163360
376,-163024
376,-161946
376,-160378
376,-162004
376,-162332
376,-160260
377,-162340
377,-162102
377,-162498
377,-162260
377,-161624
377,-161670
377,-163504
377,-162772
377,-164516
377,-163040
377,-161172
377,-161626
377,-161626
377,-160954
377,-162180
377,-161992
378,-160500
378,-162022
378,-160608
378,-159398
378,-160406
378,-160346
378,-159290
378,-159426
378,-159082
378,-159494
378,-157176
378,-158756
378,-157886
378,-159602
378,-158428
378,-159200
379,-159098
379,-157404
379,-155890
379,-156102
379,-156264
379,-156356
379,-157016
379,-155914
379,-155230
379,-153350
379,-151838
379,-153646
379,-152716
379,-154084
379,-153830
379,-153070
380,-150724
380,-150608
380,-150724
380,-150654
380,-150668
380,-151164
380,-150184
380,-150724
380,-150258
380,-150388
380,-149330
380,-149286
380,-148756
380,-149492
380,-148846
380,-149242
381,-147892
381,-147614
381,-145784
381,-145572
381,-146228
381,-146470
381,-144196
381,-143988
381,-144110
381,-143158
381,-143470
381,-142304
381,-143398
381,-141136
381,-141590
381,-142516
382,-142048
382,-141538
382,-142732
382,-143038
382,-142436
382,-142522
382,-140188
382,-142076
382,-140234
382,-140688
382,-139870
382,-140132
382,-139220
382,-137564
382,-136878
382,-137238
383,-137774
383,-138964
383,-138756
383,-136956
383,-138270
383,-135904
383,-137752
383,-136066
383,-135612
383,-136468
383,-135486
383,-135046
383,-135166
383,-134854
383,-133720
383,-134102
384,-133064
384,-134580
384,-132794
384,-133892
384,-133456
384,-132652
384,-134058
384,-134028
384,-132436
384,-131862
384,-133048
384,-131928
384,-132548
384,-133276
384,-132462
384,-131360
385,-131012
385,-131338
385,-130464
385,-131006
385,-131338
385,-131584
385,-130320
385,-130042
385,-129880
385,-131336
385,-132038
385,-130694
385,-131464
385,-130414
385,-131222
385,-129680
386,-128444
386,-128882
386,-127838
386,-128162
386,-129604
386,-129482
386,-128034
386,-127946
386,-127630
386,-126658
386,-127196
386,-127888
386,-127746
386,-125446
386,-124146
386,-123744
387,-125878
387,-123394
387,-125160
387,-124564
387,-123968
387,-122928
387,-123044
387,-122622
387,-122438
387,-123168
387,-123796
387,-123034
387,-123398
387,-123292
387,-122574
387,-122124
388,-122710
388,-121232
388,-123580
388,-122832
388,-122104
388,-120268
388,-121500
388,-121012
388,-119668
388,-119150
388,-120794
388,-120474
388,-121152
388,-119970
388,-118944
388,-119170
389,-119944
389,-120970
389,-119670
389,-119882
389,-119490
389,-117246
389,-116934
389,-118896
389,-118498
389,-119144
389,-119580
389,-120528
389,-118528
389,-115986
389,-117140
389,-119420
390,-118476
390,-117714
390,-117682
390,-117266
390,-116276
390,-115202
390,-115562
390,-114638
390,-114278
390,-115520
390,-114976
390,-114534
390,-114740
390,-112496
390,-113174
390,-113462
391,-113102
391,-114668
391,-114108
391,-114660
391,-113182
391,-113982
391,-114910
391,-113334
391,-114638
391,-113412
391,-113996
391,-113256
391,-112248
391,-112724
391,-111980
391,-111728
392,-113124
392,-111358
392,-110638
392,-111772
392,-110722
392,-110572
392,-110528
392,-110118
392,-109796
392,-110082
392,-108368
392,-109258
392,-109632
392,-110344
392,-108192
392,-108636
393,-109908
393,-109726
393,-110566
393,-111078
393,-109660
393,-108132
393,-108564
393,-108770
393,-109696
393,-107760
393,-106796
393,-106442
393,-107732
393,-105730
393,-105666
393,-106668
394,-106648
394,-107758
394,-106532
394,-105848
394,-106422
394,-104534
394,-105436
394,-107770
394,-105996
394,-106578
394,-106654
394,-106216
394,-104888
394,-105314
394,-105438
394,-105290
395,-105668
395,-105498
395,-104612
395,-104938
395,-104220
395,-104118
395,-104990
395,-105418
395,-106122
395,-106604
395,-107552
395,-107268
395,-105742
395,-105594
395,-105268
395,-105930
396,-105902
396,-106012
396,-104800
396,-103990
396,-103412
396,-103806
396,-103144
396,-103288
396,-102542
396,-102442
396,-103616
396,-102242
396,-102160
396,-101602
396,-102168
396,-102160
397,-103798
397,-104038
397,-102400
397,-102902
397,-102364
397,-102046
397,-101830
397,-101150
397,-102334
397,-100686
397,-101082
397,-102496
397,-102384
397,-102116
397,-103008
397,-103032
398,-102616
398,-102234
398,-102518
398,-101500
398,-99652
398,-100620
398,-101894
398,-102590
398,-101254
398,-102680
398,-102262
398,-103218
398,-102328
398,-102138
398,-102194
398,-103646
399,-101148
399,-101620
399,-101598
399,-100384
399,-99944
399,-99904
399,-100284
399,-99920
399,-99692
399,-100266
399,-99774
399,-99750
399,-99314
399,-98032
399,-96076
399,-95906
400,-96466
400,-96070
400,-96120
400,-94882
400,-93832
400,-94220
400,-96598
400,-96018
400,-95562
400,-94266
400,-93308
400,-93258
400,-93598
400,-93684
400,-92868
400,-92524
401,-91164
401,-91264
401,-90632
401,-91606
401,-89988
401,-90736
401,-90228
401,-90412
401,-90700
401,-89322
401,-88264
401,-87534
401,-87020
401,-86582
401,-88716
401,-89706
402,-89336
402,-86904
402,-84190
402,-84496
402,-83704
402,-82202
402,-83732
402,-83588
402,-82982
402,-83368
402,-81242
402,-81648
402,-82092
402,-80726
402,-81414
402,-80658
403,-80172
403,-80510
403,-78806
403,-79902
403,-79378
403,-80192
403,-79926
403,-79144
403,-78796
403,-78446
403,-78786
403,-78010
403,-77030
403,-76940
403,-76544
403,-77918
404,-76262
404,-76112
404,-76852
404,-75832
404,-76082
404,-75748
404,-76668
404,-74980
404,-75134
404,-74082
404,-74124
404,-72686
404,-74922
404,-74748
404,-72192
404,-72328
405,-74222
405,-74018
405,-72558
405,-72794
405,-72830
405,-73516
405,-72082
405,-72398
405,-71426
405,-71404
405,-70322
405,-70108
405,-70336
405,-68796
405,-69126
405,-69514
406,-68234
406,-69338
406,-67824
406,-67960
406,-67700
406,-67204
406,-67266
406,-66470
406,-67260
406,-67820
406,-66152
406,-68978
406,-67574
406,-66522
406,-66514
406,-67748
407,-67398
407,-67042
407,-66220
407,-67796
407,-63782
407,-67478
407,-65460
407,-63352
407,-65866
407,-65030
407,-64444
407,-63906
407,-63492
407,-62744
407,-61782
407,-60588
408,-60890
408,-60448
408,-60556
408,-60880
408,-61336
408,-60246
408,-60232
408,-61320
408,-59650
408,-59636
408,-57478
408,-57764
408,-58930
408,-56310
408,-55936
408,-53908
409,-54490
409,-53434
409,-54236
409,-54332
409,-52522
409,-52276
409,-53018
409,-51282
409,-53286
409,-53074
409,-51528
409,-51910
409,-49494
409,-50882
409,-50348
409,-51178
410,-50788
410,-49796
410,-49180
410,-48754
410,-47286
410,-47510
410,-47380
410,-46072
410,-46936
410,-45186
410,-44056
410,-43530
410,-42888
410,-43186
410,-42610
410,-41528
411,-41006
411,-40880
411,-38694
411,-39678
411,-38052
411,-38252
411,-37304
411,-36818
411,-37724
411,-37358
411,-35388
411,-33954
411,-32898
411,-33204
411,-33584
411,-34134
412,-33570
412,-33934
412,-33274
412,-32974
412,-31754
412,-31376
412,-31514
412,-30904
412,-30470
412,-31354
412,-29652
412,-29092
412,-28050
412,-28468
412,-27694
412,-27384
413,-26820
413,-27070
413,-26508
413,-25624
413,-24316
413,-25936
413,-24308
413,-23532
413,-25484
413,-23876
413,-24444
413,-24092
413,-24378
413,-25034
413,-23666
413,-24284
414,-23822
414,-22800
414,-23546
414,-21064
414,-19672
414,-18838
414,-19764
414,-20312
414,-20752
414,-19306
414,-19778
414,-18426
414,-18496
414,-17928
414,-17616
414,-17610
415,-15992
415,-17662
415,-14628
415,-17004
415,-16354
415,-17020
415,-16296
415,-16702
415,-15154
415,-14624
415,-15188
415,-14490
415,-15080
415,-13750
415,-15622
415,-14016
416,-12606
416,-12328
416,-10668
416,-11568
416,-10768
416,-10792
416,-11764
416,-11862
416,-11268
416,-11148
416,-9344
416,-9422
416,-9172
416,-9502
416,-8216
416,-8952
417,-8054
417,-5822
417,-7226
417,-6410
417,-7676
417,-6410
417,-6698
417,-6718
417,-5322
417,-6196
417,-5848
417,-6540
417,-6516
417,-5600
417,-6130
417,-6102
418,-6904
418,-5870
418,-5138
418,-4588
418,-3992
418,-3638
418,-3892
418,-4416
418,-3668
418,-4108
418,-2912
418,-2476
418,-3892
418,-1660
418,-752
418,-3786
419,-976
419,-1880
419,-1004
419,-82
419,-842
419,-1170
419,908
419,418
419,602
419,-6
419,-1006
419,1040
419,-398
419,1986
419,1808
419,2092
420,3994
420,4132
420,4426
420,4762
420,4500
420,6052
420,7046
420,7414
420,6960
420,9602
420,8086
420,7842
420,8730
420,7678
420,8000
420,8474
421,8512
421,8218
421,8464
421,8156
421,8202
421,7842
421,9192
421,9356
421,10868
421,9590
421,9152
421,9322
421,10584
421,11792
421,12090
421,11704
422,10564
422,10298
422,10848
422,12538
422,11786
422,13068
422,13228
422,14046
422,13860
422,14986
422,14914
422,12946
422,14424
422,14888
422,15348
422,15868
423,15870
423,17038
423,16360
423,16920
423,17416
423,18596
423,17280
423,17010
423,16284
423,16336
423,16782
423,17156
423,17904
423,17624
423,16658
423,16500
424,16838
424,16496
424,17430
424,17624
424,17734
424,17988
424,18732
424,16946
424,18954
424,17130
424,16346
424,18574
424,18414
424,18100
424,15952
424,16852
425,18688
425,18598
425,18970
425,20028
425,20130
425,19252
425,19180
425,19806
425,18518
425,19212
425,19044
425,19664
425,21662
425,20634
425,18552
425,20048
426,19142
426,18736
426,19122
426,18412
426,18588
426,18408
426,19672
426,17954
426,18174
426,19308
426,20308
426,20100
426,20426
426,19582
426,19096
426,18892
427,17464
427,17862
427,19022
427,20306
427,21000
427,19306
427,21066
427,19344
427,20290
427,19316
427,18456
427,20130
427,19976
427,19606
427,19116
427,17652
428,17980
428,18900
428,19662
428,19218
428,18480
428,18726
428,17652
428,17738
428,18390
428,16380
428,18014
428,17706
428,18324
428,18272
428,17104
428,15526
429,17200
429,17180
429,17940
429,17956
429,17990
429,17262
429,16050
429,15736
429,16950
429,18486
429,18024
429,16320
429,19430
429,16732
429,16960
429,17000
430,17178
430,17118
430,19574
430,19062
430,17950
430,17752
430,18726
430,17248
430,17694
430,19724
430,19522
430,19274
430,17624
430,18056
430,18062
430,18294
431,16830
431,17440
431,16982
431,15326
431,16170
431,13908
431,14918
431,14848
431,14506
431,13228
431,14326
431,14778
431,13144
431,12660
431,13978
431,12940
432,12104
432,12542
432,12306
432,13154
432,13268
432,11162
432,11968
432,12778
432,12726
432,11936
432,12348
432,12912
432,11402
432,12452
432,11162
432,10402
433,11270
433,11664
433,11252
433,10552
433,9506
433,10130
433,9354
433,9200
433,9994
433,10428
433,11516
433,10166
433,10364
433,11430
433,11832
433,10088
434,12336
434,10938
434,9478
434,7714
434,7282
434,6674
434,6468
434,7712
434,6324
434,5670
434,5824
434,4306
434,4964
434,4668
434,3262
434,3262
435,4800
435,3300
435,3390
435,2140
435,2562
435,2170
435,3534
435,2900
435,2430
435,1274
435,2636
435,1236
435,2724
435,2930
435,1288
435,2644
436,1598
436,-66
436,40
436,-624
436,-976
436,1260
436,152
436,652
436,-372
436,-722
436,-906
436,-806
436,404
436,1670
436,2056
436,1542
437,2150
437,4336
437,1628
437,2166
437,2230
437,1168
437,-990
437,-1788
437,-1404
437,-1544
437,200
437,76
437,-64
437,-2638
437,-988
437,-1492
438,-1308
438,-674
438,-1034
438,-366
438,-380
438,-110
438,1034
438,-2120
438,-1028
438,-2754
438,-2432
438,-1284
438,-1596
438,-70
438,-794
438,-1526
439,-1838
439,-970
439,-1462
439,-2842
439,-538
439,-1982
439,-3738
439,-1604
439,-1398
439,-2236
439,-3798
439,-2724
439,-3662
439,-3000
439,-3140
439,-3276
440,-3586
440,-2544
440,-4106
440,-4662
440,-4578
440,-2230
440,-3410
440,-3780
440,-4230
440,-4366
440,-4558
440,-3590
440,-3634
440,-4156
440,-3228
440,-5074
441,-4566
441,-4116
441,-4318
441,-4792
441,-5334
441,-4902
441,-4006
441,-6382
441,-4902
441,-6392
441,-5948
441,-4874
441,-4306
441,-3698
441,-4884
441,-4656
442,-5348
442,-4388
442,-3772
442,-4518
442,-3398
442,-4840
442,-4884
442,-6520
442,-6986
442,-6286
442,-5790
442,-6526
442,-7404
442,-6070
442,-7200
442,-6836
443,-6940
443,-6534
443,-6178
443,-5676
443,-5408
443,-6256
443,-7594
443,-7724
443,-7952
443,-8090
443,-8482
443,-8734
443,-8350
443,-8532
443,-8594
443,-9210
444,-7626
444,-9408
444,-5984
444,-8386
444,-8384
444,-8088
444,-9320
444,-9926
444,-10570
444,-10316
444,-9732
444,-10964
444,-10318
444,-10178
444,-11204
444,-11558
445,-11760
445,-11716
445,-12062
445,-11240
445,-11088
445,-10294
445,-11470
445,-13214
445,-12922
445,-12544
445,-13218
445,-12934
445,-12164
445,-13478
445,-11374
445,-11768
446,-11892
446,-10872
446,-11908
446,-11194
446,-12908
446,-11862
446,-13712
446,-12082
446,-13266
446,-14104
446,-12320
446,-14538
446,-13264
446,-14800
446,-14472
446,-12950
447,-13680
447,-13290
447,-13464
447,-12784
447,-13466
447,-11638
447,-10636
447,-10548
447,-11204
447,-12146
447,-12532
447,-11786
447,-12194
447,-11586
447,-10104
447,-12038
448,-11404
448,-10544
448,-13652
448,-13980
448,-11534
448,-10248
448,-11264
448,-12138
448,-12162
448,-11634
448,-12336
448,-11942
448,-11744
448,-11048
448,-9746
448,-10796
449,-9546
449,-9548
449,-9168
449,-10456
449,-9514
449,-9640
449,-9674
449,-9778
449,-9082
449,-7974
449,-10752
449,-10260
449,-10754
449,-10814
449,-10298
449,-11702
450,-11442
450,-10984
450,-10910
450,-12784
450,-10856
450,-9510
450,-10144
450,-9274
450,-10242
450,-10926
450,-10420
450,-9906
450,-10160
450,-8120
450,-10630
450,-9570
451,-9984
451,-9614
451,-9646
451,-10198
451,-9106
451,-9418
451,-9008
451,-7848
451,-7932
451,-10114
451,-9814
451,-9908
451,-9686
451,-9622
451,-9254
451,-9886
452,-10698
452,-10966
452,-11578
452,-10906
452,-10078
452,-10176
452,-11568
452,-11102
452,-12414
452,-9954
452,-10480
452,-10026
452,-11404
452,-10956
452,-11940
452,-12154
453,-12710
453,-13150
453,-14060
453,-15202
453,-14296
453,-13602
453,-15616
453,-13942
453,-13310
453,-13010
453,-12408
453,-12566
453,-13510
453,-13074
453,-15692
453,-13968
454,-14316
454,-15482
454,-13830
454,-13322
454,-14234
454,-13772
454,-13880
454,-14586
454,-14358
454,-12926
454,-13212
454,-13204
454,-13976
454,-13880
454,-15426
454,-14718
455,-14484
455,-16278
455,-15570
455,-14918
455,-16048
455,-16298
455,-16820
455,-16816
455,-15106
455,-16538
455,-15174
455,-15264
455,-16198
455,-14110
455,-16638
455,-16904
456,-17324
456,-16596
456,-15274
456,-15958
456,-16224
456,-16336
456,-15524
456,-16096
456,-14930
456,-16118
456,-15268
456,-15092
456,-15360
456,-15698
456,-15884
456,-15626
457,-16534
457,-16524
457,-17872
457,-17308
457,-16540
457,-16552
457,-17040
457,-16510
457,-18052
457,-17490
457,-17154
457,-15800
457,-16812
457,-17200
457,-17334
457,-18304
458,-18694
458,-18298
458,-19250
458,-19370
458,-18496
458,-18410
458,-19114
458,-18906
458,-18598
458,-18736
458,-18342
458,-20364
458,-20936
458,-19556
458,-19256
458,-20786
459,-20912
459,-20460
459,-22698
459,-21920
459,-22584
459,-22048
459,-22782
459,-23202
459,-23410
459,-24638
459,-22960
459,-22674
459,-23320
459,-23960
459,-24274
459,-24838
460,-25196
460,-25082
460,-25346
460,-26122
460,-25320
460,-25980
460,-25902
460,-25544
460,-23794
460,-24126
460,-25200
460,-26258
460,-25586
460,-25478
460,-25432
460,-24434
461,-24184
461,-24702
461,-24396
461,-25798
461,-26522
461,-25066
461,-26702
461,-27032
461,-27068
461,-25750
461,-26616
461,-26724
461,-25758
461,-27152
461,-27784
461,-27650
462,-27658
462,-27356
462,-28672
462,-28348
462,-29932
462,-30104
462,-30396
462,-30292
462,-29964
462,-30636
462,-31194
462,-31384
462,-31724
462,-31446
462,-32150
462,-31528
463,-32360
463,-32384
463,-32744
463,-32848
463,-33416
463,-32624
463,-32310
463,-33526
463,-31698
463,-33224
463,-32470
463,-32778
463,-35178
463,-33554
463,-34488
463,-35058
464,-32848
464,-33936
464,-33756
464,-33084
464,-35384
464,-35850
464,-34202
464,-36184
464,-36290
464,-35890
464,-35792
464,-34166
464,-36272
464,-36738
464,-37718
464,-36650
465,-37064
465,-37294
465,-36554
465,-38226
465,-38140
465,-37776
465,-38408
465,-39378
465,-39508
465,-39184
465,-41470
465,-40808
465,-40588
465,-39756
465,-41116
465,-41174
466,-40338
466,-40618
466,-40752
466,-41756
466,-42372
466,-42850
466,-42864
466,-42844
466,-42538
466,-40954
466,-42624
466,-43566
466,-43114
466,-43656
466,-43708
466,-43410
467,-43956
467,-44536
467,-43028
467,-43172
467,-43352
467,-43514
467,-43444
467,-43676
467,-43114
467,-43074
467,-43894
467,-43290
467,-43148
467,-42238
467,-43416
467,-43546
468,-44574
468,-43528
468,-45070
468,-44276
468,-45832
468,-44314
468,-44250
468,-45708
468,-46492
468,-46194
468,-45390
468,-46968
468,-47316
468,-45440
468,-46364
468,-47690
469,-46848
469,-47408
469,-48100
469,-47192
469,-47278
469,-48632
469,-48282
469,-48496
469,-49256
469,-51304
469,-49628
469,-48732
469,-50394
469,-50436
469,-48974
469,-48836
470,-50628
470,-49648
470,-50202
470,-50996
470,-51236
470,-50548
470,-52372
470,-52804
470,-52054
470,-52780
470,-53096
470,-52962
470,-52616
470,-52382
470,-54676
470,-54436
471,-52998
471,-51958
471,-52976
471,-52950
471,-54044
471,-54938
471,-54058
471,-53866
471,-53962
471,-53702
471,-52500
471,-53432
471,-55244
471,-55656
471,-55674
471,-56944
472,-55362
472,-55926
472,-57112
472,-57100
472,-57944
472,-56646
472,-58092
472,-58306
472,-58308
472,-57526
472,-56792
472,-59224
472,-59642
472,-59724
472,-59010
472,-58520
473,-58446
473,-58266
473,-58566
473,-59406
473,-60882
473,-61496
473,-59256
473,-60226
473,-59280
473,-61116
473,-61140
473,-60298
473,-61422
473,-61540
473,-62492
473,-60504
474,-60378
474,-60900
474,-60388
474,-60598
474,-60560
474,-60610
474,-60976
474,-59218
474,-58784
474,-59258
474,-60730
474,-59152
474,-62048
474,-61672
474,-59680
474,-60738
475,-59404
475,-61216
475,-61856
475,-61882
475,-62250
475,-60412
475,-62814
475,-60510
475,-61232
475,-59540
475,-59704
475,-61586
475,-61666
475,-60592
475,-61486
475,-60100
476,-60498
476,-61018
476,-61864
476,-60560
476,-60818
476,-60630
476,-60920
476,-60754
476,-60114
476,-61124
476,-59808
476,-59140
476,-61110
476,-59120
476,-57318
476,-59190
477,-58442
477,-59186
477,-59816
477,-59144
477,-57610
477,-58568
477,-57810
477,-56944
477,-57932
477,-57006
477,-56766
477,-56470
477,-57478
477,-57142
477,-57154
477,-56856
478,-56200
478,-56754
478,-57108
478,-57206
478,-56496
478,-55492
478,-55268
478,-55856
478,-55732
478,-56798
478,-56306
478,-57896
478,-56320
478,-56330
478,-55388
478,-55694
479,-55140
479,-55484
479,-56114
479,-53952
479,-54798
479,-52890
479,-54230
479,-53808
479,-53688
479,-54486
479,-54574
479,-54088
479,-53966
479,-53814
479,-54912
479,-55262
480,-54418
480,-53180
480,-52292
480,-53884
480,-54068
480,-52452
480,-53738
480,-53774
480,-54750
480,-55270
480,-53880
480,-54444
480,-53324
480,-54754
480,-53938
480,-53858
481,-54214
481,-53620
481,-53550
481,-52886
481,-53624
481,-53602
481,-54300
481,-52896
481,-51628
481,-51788
481,-51260
481,-50802
481,-49710
481,-50970
481,-51608
481,-51288
482,-50640
482,-50984
482,-51242
482,-51506
482,-50576
482,-50032
482,-50336
482,-49508
482,-49850
482,-50220
482,-47892
482,-48462
482,-48972
482,-50244
482,-48458
482,-48924
483,-48948
483,-48372
483,-48302
483,-48528
483,-48438
483,-49450
483,-48980
483,-47000
483,-47824
483,-48778
483,-48426
483,-48418
483,-47840
483,-45904
483,-48856
483,-47606
484,-47176
484,-49292
484,-48866
484,-49880
484,-48866
484,-48444
484,-48804
484,-49128
484,-49672
484,-49726
484,-49186
484,-48294
484,-48632
484,-48582
484,-49720
484,-48868
485,-47816
485,-47288
485,-47562
485,-46196
485,-48990
485,-47330
485,-47296
485,-47330
485,-46542
485,-45276
485,-46060
485,-45578
485,-44956
485,-44736
485,-44806
485,-45896
486,-44434
486,-43872
486,-44872
486,-43950
486,-43932
486,-43588
486,-43026
486,-42850
486,-42346
486,-42924
486,-43026
486,-41898
486,-40778
486,-41778
486,-43226
486,-41350
487,-41088
487,-42160
487,-41862
487,-41994
487,-41720
487,-42302
487,-41504
487,-42206
487,-40380
487,-41404
487,-41506
487,-39552
487,-39326
487,-40346
487,-39160
487,-39180
488,-39280
488,-38128
488,-39514
488,-39066
488,-40118
488,-40072
488,-38986
488,-39568
488,-38026
488,-39324
488,-38362
488,-38800
488,-39006
488,-39100
488,-39636
488,-38910
489,-39894
489,-38322
489,-38864
489,-39464
489,-40144
489,-40388
489,-39166
489,-38988
489,-38988
489,-39286
489,-39862
489,-38490
489,-38678
489,-39426
489,-38492
489,-37304
490,-39304
490,-38656
490,-36102
490,-37450
490,-39038
490,-37294
490,-38918
490,-38296
490,-38012
490,-37204
490,-38452
490,-38978
490,-36704
490,-37510
490,-37478
490,-36686
491,-34294
491,-33684
491,-33940
491,-35342
491,-34888
491,-35562
491,-34850
491,-34172
491,-32574
491,-33244
491,-33472
491,-31678
491,-33120
491,-33518
491,-32310
491,-31956
492,-31924
492,-31624
492,-32200
492,-32120
492,-32394
492,-31830
492,-30822
492,-33076
492,-32132
492,-32736
492,-32294
492,-31748
492,-32462
492,-32232
492,-31374
492,-32846
493,-30464
493,-30888
493,-30686
493,-31242
493,-31708
493,-31778
493,-31260
493,-30156
493,-29940
493,-31058
493,-30696
493,-30082
493,-30194
493,-30844
493,-32354
493,-30806
494,-31968
494,-30912
494,-31454
494,-31592
494,-31740
494,-29808
494,-30416
494,-29490
494,-29208
494,-30434
494,-31786
494,-31920
494,-31570
494,-31036
494,-30794
494,-32014
495,-31636
495,-32318
495,-33882
495,-31288
495,-31310
495,-29698
495,-29450
495,-31500
495,-30486
495,-31468
495,-31776
495,-30526
495,-31734
495,-30968
495,-30760
495,-30986
496,-30916
496,-31400
496,-31924
496,-31572
496,-32628
496,-32108
496,-30576
496,-31004
496,-31706
496,-32072
496,-32616
496,-33770
496,-32576
496,-30308
496,-31724
496,-31106
497,-31448
497,-31912
497,-30854
497,-31978
497,-31690
497,-31228
497,-30966
497,-29500
497,-31114
497,-31940
497,-30482
497,-29974
497,-29066
497,-27854
497,-30356
497,-30028
498,-30680
498,-30554
498,-29864
498,-28780
498,-30130
498,-29156
498,-29526
498,-30318
498,-30654
498,-28792
498,-29730
498,-31136
498,-30744
498,-28492
498,-29032
498,-28932
499,-28416
499,-28490
499,-27526
499,-28976
499,-29762
499,-28140
499,-27784
499,-27680
499,-28140
499,-27940
499,-28306
499,-29296
499,-28346
499,-29392
499,-29934
499,-31584
500,-31194
500,-31634
500,-32424
500,-31662
500,-30302
500,-30908
500,-30670
500,-31456
500,-31096
500,-30202
500,-29892
500,-30232
500,-30258
500,-29498
500,-30428
500,-31646
501,-31186
501,-30286
501,-31268
501,-30916
501,-31706
501,-31080
501,-29050
501,-30190
501,-31200
501,-32596
501,-30266
501,-31570
501,-30652
501,-29340
501,-30498
501,-28498
502,-29450
502,-28958
502,-28550
502,-27136
502,-28280
502,-28280
502,-27546
502,-26848
502,-28264
502,-28184
502,-27112
502,-27880
502,-27976
502,-27694
502,-28134
502,-26846
503,-28428
503,-28040
503,-27146
503,-27228
503,-28354
503,-27478
503,-26968
503,-28322
503,-27280
503,-28450
503,-27782
503,-27740
503,-26714
503,-28148
503,-28106
503,-28194
504,-27646
504,-28476
504,-27194
504,-29080
504,-28074
504,-29298
504,-28590
504,-27118
504,-28132
504,-27642
504,-27892
504,-27160
504,-28210
504,-28074
504,-27746
504,-28986
505,-30460
505,-28628
505,-29298
505,-27976
505,-28452
505,-28878
505,-29078
505,-30020
505,-29786
505,-30040
505,-27826
505,-29790
505,-29510
505,-29934
505,-30376
505,-29038
506,-29336
506,-28428
506,-30370
506,-30054
506,-30386
506,-28348
506,-28386
506,-28626
506,-27768
506,-28810
506,-27330
506,-27430
506,-27298
506,-27040
506,-26456
506,-26632
507,-27426
507,-26310
507,-27258
507,-27074
507,-26840
507,-26628
507,-26456
507,-28204
507,-27416
507,-25720
507,-26306
507,-28208
507,-26680
507,-26914
507,-27808
507,-28738
508,-28738
508,-26874
508,-27232
508,-28164
508,-27048
508,-27582
508,-28114
508,-28024
508,-28590
508,-29052
508,-28452
508,-26740
508,-27510
508,-27956
508,-27936
508,-29370
509,-29794
509,-30366
509,-30928
509,-29840
509,-30830
509,-29742
509,-29478
509,-29384
509,-27870
509,-29116
509,-28612
509,-28326
509,-30430
509,-30716
509,-28756
509,-29806
510,-30266
510,-30784
510,-30056
510,-31536
510,-31236
510,-31248
510,-31832
510,-31936
510,-32074
510,-32756
510,-31620
510,-29306
510,-28188
510,-31032
510,-31634
510,-31980
511,-31354
511,-31164
511,-30966
511,-31418
511,-31430
511,-30936
511,-32350
511,-32704
511,-30980
511,-30670
511,-31220
511,-30134
511,-30416
511,-29030
511,-29500
511,-28178
512,-28198
512,-29706
512,-28260
512,-29612
512,-28868
512,-30056
512,-29438
512,-29368
512,-27776
512,-27344
512,-26486
512,-26520
512,-26604
512,-26956
512,-27492
512,-25950
513,-25206
513,-25522
513,-25556
513,-27288
513,-26530
513,-27598
513,-27050
513,-26316
513,-25136
513,-24638
513,-25084
513,-24472
513,-25398
513,-25620
513,-24452
513,-25098
514,-26630
514,-25430
514,-25226
514,-25246
514,-26190
514,-24902
514,-24336
514,-25134
514,-24140
514,-23718
514,-23016
514,-25290
514,-24800
514,-23430
514,-25496
514,-23222
515,-23934
515,-25128
515,-24414
515,-25554
515,-25448
515,-24066
515,-25132
515,-24200
515,-24538
515,-24200
515,-24318
515,-23686
515,-25008
515,-25866
515,-25126
515,-25456
516,-23686
516,-23878
516,-23178
516,-22304
516,-23768
516,-23006
516,-21636
516,-22054
516,-24020
516,-22846
516,-22998
516,-22758
516,-23592
516,-22912
516,-20200
516,-20938
517,-19548
517,-20414
517,-19812
517,-20298
517,-20572
517,-20038
517,-20962
517,-21544
517,-19820
517,-19432
517,-20682
517,-19022
517,-19894
517,-19660
517,-17046
517,-17746
518,-17742
518,-16882
518,-16618
518,-15946
518,-17106
518,-17284
518,-17188
518,-15618
518,-15208
518,-14104
518,-15832
518,-15514
518,-16224
518,-15228
518,-16258
518,-15712
519,-15728
519,-15536
519,-16020
519,-14666
519,-14694
519,-14100
519,-12052
519,-11466
519,-12662
519,-12678
519,-13642
519,-12942
519,-12720
519,-13508
519,-11194
519,-10628
520,-10504
520,-9778
520,-9440
520,-9032
520,-10186
520,-9136
520,-9626
520,-8350
520,-9226
520,-9638
520,-9604
520,-8890
520,-8510
520,-7996
520,-8474
520,-8424
521,-8150
521,-8660
521,-7866
521,-7340
521,-7152
521,-6434
521,-6346
521,-7384
521,-6206
521,-5308
521,-4832
521,-6630
521,-4958
521,-3852
521,-2998
521,-1774
522,-3186
522,-2290
522,-3098
522,-2624
522,-2016
522,-2044
522,380
522,-874
522,-336
522,-224
522,584
522,-546
522,-1228
522,1810
522,2164
522,886
523,1852
523,2820
523,2698
523,1956
523,2904
523,4120
523,3774
523,4962
523,5330
523,5880
523,4068
523,6508
523,6630
523,5164
523,5842
523,6016
524,7574
524,7202
524,6490
524,7092
524,7952
524,7984
524,7696
524,8050
524,6144
524,8444
524,8546
524,8132
524,9190
524,7382
524,9432
524,9758
525,9706
525,10736
525,9788
525,9890
525,8680
525,10842
525,9868
525,10864
525,11398
525,11216
525,11526
525,13482
525,13076
525,14150
525,14030
525,15310
526,13326
526,14430
526,17412
526,16542
526,17396
526,17876
526,16790
526,18490
526,16598
526,18450
526,19592
526,18218
526,18114
526,17774
526,18356
526,18980
527,19702
527,18122
527,19236
527,19988
527,21422
527,21912
527,21996
527,22392
527,24160
527,22330
527,22176
527,24668
527,24922
527,25390
527,25948
527,24782
528,25104
528,24904
528,25556
528,24624
528,26190
528,26856
528,26470
528,24660
528,25612
528,26490
528,26324
528,26702
528,27438
528,27224
528,26934
528,27706
529,26282
529,26686
529,27622
529,26910
529,27730
529,29350
529,29394
529,28888
529,29052
529,28788
529,29344
529,29378
529,30732
529,30146
529,30928
529,30342
530,29298
530,31690
530,29900
530,29792
530,30724
530,29584
530,29806
530,31592
530,30408
530,30404
530,30704
530,29754
530,31088
530,29854
530,32710
530,32488
531,32432
531,32448
531,33184
531,32578
531,33008
531,34676
531,33922
531,34942
531,34666
531,33548
531,35508
531,34742
531,34004
531,34438
531,36416
531,35972
532,36810
532,35962
532,36438
532,36232
532,35628
532,36886
532,35304
532,36286
532,36586
532,38160
532,37618
532,35938
532,36566
532,36294
532,36100
532,35924
533,38104
533,38776
533,38896
533,39132
533,38530
533,37546
533,38150
533,39630
533,38782
533,38718
533,40116
533,38582
533,39816
533,39324
533,39756
533,37674
534,40450
534,40282
534,39892
534,39092
534,39886
534,42102
534,40708
534,40738
534,41980
534,41312
534,41420
534,39770
534,40572
534,39552
534,39886
534,40708
535,40388
535,42060
535,40224
535,40796
535,41424
535,40184
535,39556
535,40634
535,41570
535,39674
535,38940
535,38806
535,39340
535,39480
535,40378
535,40030
536,39678
536,39560
536,40038
536,40738
536,38204
536,40912
536,40638
536,38666
536,39252
536,38746
536,41024
536,38786
536,41094
536,39886
536,38644
536,41082
537,39794
537,39824
537,40532
537,42604
537,40158
537,40418
537,41664
537,39886
537,39394
537,39242
537,39330
537,40424
537,40358
537,40140
537,39632
537,41374
538,38904
538,39564
538,40828
538,40044
538,40930
538,40484
538,40322
538,41236
538,42042
538,40490
538,41224
538,41042
538,41738
538,42006
538,41294
538,41524
539,40644
539,38408
539,39334
539,38798
539,39534
539,40418
539,41970
539,41254
539,40544
539,41818
539,40520
539,40332
539,41116
539,41754
539,42048
539,41562
540,42298
540,40116
540,41826
540,41024
540,42254
540,42228
540,42434
540,42890
540,42978
540,42766
540,41730
540,41990
540,42050
540,41722
540,41468
540,41848
541,42968
541,42700
541,41500
541,42740
541,42862
541,43970
541,44488
541,42398
541,43180
541,42972
541,41658
541,42188
541,42354
541,41246
541,43578
541,43122
542,43798
542,43970
542,42974
542,41540
542,44396
542,42504
542,42580
542,42728
542,43654
542,43952
542,44584
542,43174
542,44112
542,45316
542,45046
542,44778
543,45222
543,45546
543,45558
543,45290
543,46426
543,45880
543,48268
543,47446
543,47092
543,47652
543,46610
543,45798
543,47464
543,47616
543,47864
543,48058
544,49090
544,49230
544,47798
544,49942
544,49620
544,48782
544,48862
544,48014
544,48430
544,47778
544,47340
544,48794
544,49282
544,49500
544,50680
544,50252
545,49704
545,50556
545,50128
545,50360
545,50156
545,50560
545,52194
545,52018
545,51680
545,51370
545,50782
545,51330
545,52644
545,50568
545,51760
545,52284
546,51342
546,51638
546,51426
546,52062
546,52698
546,53406
546,53478
546,53310
546,54300
546,52898
546,51966
546,52324
546,53678
546,53046
546,53352
546,55000
547,55544
547,53948
547,53450
547,53620
547,55486
547,53252
547,55338
547,54270
547,52884
547,53458
547,54688
547,54052
547,54704
547,53794
547,53778
547,53488
548,55610
548,55234
548,54544
548,52434
548,54764
548,54742
548,52726
548,53260
548,53820
548,53218
548,52660
548,53052
548,53450
548,52604
548,53842
548,53300
549,52778
549,51902
549,53460
549,53046
549,52646
549,52306
549,52340
549,53444
549,51596
549,52578
549,51268
549,52590
549,51828
549,52092
549,51298
549,50214
550,49868
550,50214
550,50836
550,51120
550,50460
550,52112
550,51030
550,52016
550,51660
550,50014
550,49696
550,48740
550,49412
550,51170
550,51208
550,49214
551,50864
551,48938
551,49762
551,50634
551,51126
551,51816
551,51430
551,52504
551,50638
551,51944
551,51486
551,52114
551,52468
551,52202
551,53730
551,52126
552,51734
552,52256
552,51510
552,52704
552,52082
552,52708
552,54276
552,53148
552,53202
552,53044
552,52780
552,53724
552,54570
552,54948
552,55214
552,55292
553,55014
553,54398
553,55192
553,54604
553,54510
553,56820
553,54974
553,55754
553,56704
553,56022
553,56482
553,56796
553,55562
553,56722
553,57134
553,57504
554,57018
554,55530
554,55892
554,54866
554,54730
554,55594
554,55186
554,55404
554,56114
554,54082
554,55646
554,56590
554,56632
554,57776
554,56906
554,56544
555,56616
555,56496
555,57790
555,55830
555,55098
555,54898
555,56756
555,57146
555,55546
555,54724
555,54232
555,54482
555,55064
555,55100
555,53734
555,55124
556,55064
556,55590
556,54722
556,52236
556,52694
556,53768
556,53768
556,54610
556,53844
556,53514
556,55290
556,55174
556,55702
556,54628
556,56862
556,56778
557,54876
557,55728
557,55092
557,54376
557,56296
557,56718
557,57028
557,56654
557,56714
557,56828
557,57030
557,56486
557,57730
557,57050
557,57668
557,57046
558,57124
558,57420
558,57862
558,58570
558,58464
558,58362
558,58520
558,59214
558,57922
558,59852
558,59964
558,59418
558,59304
558,60506
558,60004
558,59840
559,60016
559,59104
559,59148
559,61082
559,61318
559,60882
559,60410
559,60704
559,61398
559,61978
559,61336
559,60302
559,59530
559,62204
559,61322
559,61646
560,62168
560,62120
560,63380
560,61850
560,64156
560,62538
560,64260
560,64794
560,64922
560,64058
560,64794
560,65914
560,64966
560,64158
560,64902
560,65270
561,64520
561,65080
561,65184
561,64628
561,65702
561,65662
561,66408
561,67346
561,65588
561,66558
561,68168
561,67898
561,68268
561,67838
561,67118
561,67972
562,66788
562,68252
562,66376
562,67666
562,68170
562,68970
562,68014
562,67358
562,67992
562,69220
562,70578
562,67684
562,67794
562,70052
562,69548
562,67186
563,69512
563,69272
563,69354
563,69808
563,68506
563,68950
563,68930
563,69536
563,68476
563,71560
563,70976
563,71186
563,71802
563,70008
563,69958
563,69450
564,70166
564,69834
564,71426
564,71914
564,70972
564,69810
564,71150
564,71564
564,70822
564,71222
564,70692
564,70126
564,69454
564,69826
564,71112
564,68618
565,69546
565,68744
565,69382
565,69210
565,68214
565,69846
565,69656
565,68258
565,68600
565,69776
565,68164
565,69618
565,68430
565,70254
565,70084
565,69562
566,69656
566,70066
566,69528
566,69110
566,69462
566,69006
566,69226
566,69142
566,70542
566,69664
566,69940
566,70698
566,71108
566,71618
566,70314
566,70886
567,72508
567,70736
567,70444
567,70506
567,70310
567,71314
567,71502
567,71290
567,71366
567,70408
567,69564
567,68682
567,69334
567,70046
567,69900
567,70278
568,71408
568,70550
568,70966
568,69392
568,69350
568,69896
568,69938
568,70906
568,70674
568,69818
568,69348
568,68758
568,69414
568,68850
568,67942
568,70216
569,68600
569,68744
569,67752
569,69310
569,69144
569,69912
569,68870
569,67742
569,68984
569,68276
569,69158
569,67760
569,67888
569,68326
569,67420
569,66542
570,67906
570,66154
570,64930
570,67080
570,65980
570,66732
570,68066
570,66176
570,67508
570,67144
570,66156
570,66858
570,66646
570,66924
570,67160
570,66310
571,65288
571,64552
571,66162
571,65668
571,66116
571,65810
571,64014
571,65340
571,66040
571,66166
571,65720
571,65262
571,66338
571,64956
571,65048
571,64048
572,64662
572,64900
572,63734
572,65608
572,64524
572,64990
572,64526
572,64722
572,63766
572,64336
572,64090
572,64760
572,63780
572,64638
572,63866
572,64458
573,65384
573,63814
573,64484
573,61932
573,64280
573,63760
573,62448
573,61250
573,62594
573,63720
573,64106
573,63134
573,63706
573,62774
573,63412
573,63290
574,61190
574,61542
574,61404
574,62572
574,61920
574,61110
574,61202
574,59676
574,60232
574,59540
574,61192
574,60662
574,61266
574,58948
574,59970
574,57374
575,56826
575,59246
575,57980
575,57996
575,58288
575,57654
575,56964
575,56442
575,56076
575,57626
575,57302
575,57314
575,56262
575,56672
575,53784
575,53762
576,54394
576,53700
576,53518
576,54902
576,54304
576,54574
576,54894
576,54618
576,54706
576,52956
576,55074
576,54292
576,55050
576,53418
576,52522
576,53174
577,53090
577,51876
577,52644
577,53238
577,51288
577,52440
577,50156
577,49874
577,49478
577,50832
577,49520
577,49664
577,51586
577,49188
577,48950
577,50318
578,49382
578,48960
578,48948
578,50392
578,49828
578,48204
578,47968
578,47164
578,47206
578,49142
578,48564
578,48670
578,47318
578,45446
578,48446
578,46232
579,47500
579,48192
579,47388
579,47072
579,46116
579,46498
579,45544
579,46224
579,47242
579,46898
579,46224
579,45920
579,46466
579,45534
579,46188
579,45740
580,46348
580,45954
580,46878
580,45486
580,44752
580,43698
580,43848
580,43994
580,43494
580,44400
580,44626
580,43204
580,43220
580,43444
580,43386
580,42218
581,43320
581,41660
581,44298
581,43054
581,40454
581,42426
581,40852
581,42140
581,40938
581,42046
581,43066
581,42132
581,41164
581,40340
581,43122
581,41994
582,41170
582,42466
582,41010
582,40378
582,40786
582,38950
582,39324
582,38350
582,40000
582,39024
582,40266
582,37442
582,36158
582,38414
582,37212
582,37254
583,37958
583,37278
583,36092
583,36488
583,36946
583,36058
583,36402
583,36956
583,35602
583,33864
583,34184
583,33294
583,32210
583,33250
583,31220
583,33304
584,32324
584,31910
584,31392
584,31684
584,31394
584,30760
584,31620
584,31030
584,30322
584,30370
584,30992
584,29622
584,29552
584,30502
584,29906
584,28198
585,31350
585,30450
585,29290
585,28784
585,28676
585,30490
585,30646
585,29932
585,28894
585,29772
585,28990
585,29150
585,29666
585,30046
585,28778
585,29114
586,29138
586,26740
586,27378
586,25630
586,26942
586,26176
586,27114
586,27964
586,27406
586,25954
586,27162
586,27270
586,26880
586,26906
586,26876
586,28836
587,25516
587,25562
587,25942
587,24882
587,26054
587,26140
587,24932
587,23896
587,24142
587,23512
587,22380
587,22454
587,23306
587,21228
587,22356
587,22686
588,22602
588,21736
588,20852
588,21246
588,21552
588,20314
588,21092
588,20766
588,21088
588,20064
588,20946
588,20018
588,19990
588,19944
588,18342
588,18928
589,18318
589,17062
589,18002
589,18084
589,17090
589,15624
589,15798
589,16630
589,16380
589,14846
589,14876
589,16196
589,15078
589,14434
589,14328
589,15538
590,14900
590,13892
590,15084
590,15284
590,13838
590,14428
590,13642
590,13890
590,15170
590,13874
590,13286
590,14146
590,15282
590,12938
590,14324
590,14108
591,12706
591,14390
591,15110
591,13834
591,15910
591,15136
591,15016
591,15026
591,14658
591,14742
591,16126
591,16572
591,17142
591,16596
591,16732
591,17262
592,13816
592,15452
592,15388
592,15560
592,16374
592,16420
592,15616
592,15318
592,14260
592,14260
592,15554
592,16474
592,15796
592,16958
592,15810
592,14894
593,14666
593,15588
593,16998
593,16980
593,18374
593,17554
593,18666
593,16814
593,16438
593,16508
593,17928
593,18932
593,18312
593,20362
593,20304
593,19882
594,20094
594,19878
594,20148
594,20712
594,20920
594,21122
594,20354
594,21704
594,21090
594,21384
594,21592
594,21958
594,22766
594,23008
594,23934
594,23290
595,23802
595,22648
595,22984
595,22568
595,23124
595,23678
595,22056
595,22166
595,22910
595,23992
595,23752
595,23942
595,24860
595,24328
595,24488
595,24972
596,25604
596,24468
596,25324
596,25940
596,22828
596,24152
596,26546
596,25114
596,25918
596,26244
596,26648
596,27580
596,27824
596,27564
596,29052
596,27688
597,26804
597,28380
597,28870
597,29236
597,29174
597,28614
597,30210
597,29980
597,29652
597,29130
597,30842
597,30832
597,30576
597,31090
597,32270
597,32452
598,32630
598,31940
598,34266
598,32978
598,33530
598,34988
598,34582
598,33162
598,34920
598,35648
598,36022
598,36056
598,37144
598,36640
598,36536
598,37128
599,39024
599,37462
599,38134
599,36608
599,37238
599,35648
599,37828
599,37032
599,37808
599,38316
599,39472
599,38858
599,39136
599,40242
599,39628
599,39036
600,39946
600,40750
600,40340
600,40920
600,41384
600,39752
600,40370
600,41070
600,43598
600,43622
600,43546
600,43108
600,41872
600,43808
600,42076
600,43168
601,42916
601,45308
601,43344
601,44294
601,43222
601,43130
601,43100
601,44408
601,44118
601,44354
601,44152
601,44380
601,44886
601,44526
601,45502
601,44002
602,44460
602,45954
602,45976
602,45650
602,46216
602,45618
602,44596
602,44180
602,45334
602,45204
602,46022
602,47498
602,46288
602,47700
602,49422
602,48026
603,47390
603,48396
603,49080
603,48280
603,48248
603,48386
603,47848
603,48746
603,49344
603,49904
603,51296
603,50600
603,50754
603,52258
603,53790
603,51038
604,49566
604,51096
604,52000
604,52144
604,51956
604,53384
604,53820
604,52772
604,54318
604,52826
604,53250
604,51896
604,53596
604,52988
604,52724
604,55302
605,54380
605,53262
605,54104
605,54760
605,56102
605,54946
605,57160
605,56830
605,55732
605,56188
605,56364
605,57722
605,57224
605,56426
605,57518
605,57176
606,56698
606,56188
606,59008
606,58192
606,59366
606,58766
606,57474
606,58958
606,58348
606,58840
606,59810
606,57732
606,60418
606,57374
606,60990
606,60702
607,58686
607,59324
607,59424
607,59162
607,60564
607,60780
607,59824
607,60404
607,61024
607,61140
607,59478
607,60784
607,59862
607,60022
607,61748
607,57934
608,60274
608,60330
608,61950
608,62058
608,62076
608,62068
608,62924
608,60672
608,60502
608,60926
608,61444
608,60878
608,59462
608,60728
608,60862
608,61140
609,61662
609,61614
609,61064
609,62602
609,61774
609,61672
609,62554
609,63642
609,62566
609,63158
609,62488
609,62586
609,63500
609,63162
609,63488
609,62662
610,63418
610,63148
610,63900
610,65172
610,65324
610,64832
610,66074
610,64530
610,64782
610,65230
610,66890
610,66296
610,67252
610,67390
610,67578
610,68932
611,67232
611,68552
611,67190
611,69154
611,68686
611,70706
611,68326
611,69680
611,70424
611,72200
611,69102
611,72180
611,72134
611,70290
611,72288
611,73086
612,73586
612,72938
612,73258
612,74012
612,74554
612,74424
612,74410
612,73842
612,73896
612,74656
612,75800
612,74794
612,74990
612,75298
612,76156
612,75638
613,76590
613,74832
613,76432
613,75766
613,76356
613,75362
613,76212
613,75222
613,75630
613,74494
613,74978
613,74554
613,76306
613,76050
613,77736
613,76454
614,74966
614,75366
614,75304
614,75490
614,76738
614,75878
614,76860
614,75278
614,76400
614,76742
614,77498
614,76270
614,76542
614,77258
614,76698
614,78146
615,77360
615,78094
615,77572
615,79564
615,78782
615,79292
615,79726
615,78060
615,77994
615,79962
615,78700
615,80288
615,81730
615,80032
615,79852
615,81970
616,81410
616,80880
616,83180
616,81246
616,82632
616,81558
616,81240
616,82330
616,82710
616,82266
616,82454
616,81772
616,82382
616,81652
616,82248
616,81438
617,82446
617,82384
617,83196
617,82122
617,82728
617,81302
617,83672
617,82706
617,82156
617,81884
617,82696
617,82914
617,83046
617,84630
617,81708
617,83468
618,82730
618,82588
618,84372
618,84708
618,83310
618,83022
618,83234
618,83218
618,83042
618,83928
618,83462
618,82056
618,82478
618,82126
618,82696
618,83460
619,83476
619,82676
619,83314
619,82002
619,83848
619,84332
619,83986
619,83720
619,83626
619,85036
619,84334
619,84524
619,84700
619,83896
619,84098
619,84024
620,85438
620,84264
620,85052
620,84224
620,84536
620,85192
620,85638
620,84850
620,84090
620,83502
620,84660
620,84420
620,83840
620,84752
620,85396
620,84700
621,86426
621,85290
621,85456
621,83702
621,83870
621,86316
621,85852
621,85682
621,85160
621,84722
621,84826
621,84360
621,83708
621,83728
621,83374
621,83142
622,82562
622,82074
622,81860
622,83166
622,83698
622,81966
622,82966
622,84266
622,84834
622,84874
622,84468
622,83778
622,84858
622,83612
622,84068
622,84482
623,83942
623,84708
623,85490
623,84932
623,83874
623,85204
623,86098
623,84860
623,85284
623,83612
623,85374
623,85222
623,85658
623,85048
623,83638
623,84788
624,84790
624,85672
624,86334
624,87116
624,86670
624,86222
624,85412
624,86776
624,86544
624,85670
624,86750
624,87144
624,89102
624,88376
624,89172
624,88694
625,87434
625,88268
625,87418
625,88296
625,88812
625,90838
625,92276
625,91020
625,90246
625,90316
625,90418
625,91020
625,92584
625,90536
625,90128
625,91826
626,92064
626,92270
626,90808
626,93224
626,92070
626,94056
626,94324
626,95458
626,94050
626,92796
626,94022
626,92212
626,94210
626,93386
626,95032
626,93070
627,93928
627,94144
627,93758
627,94002
627,95102
627,95074
627,94994
627,95978
627,94026
627,94098
627,93422
627,93676
627,95718
627,95888
627,96352
627,95794
628,96424
628,96584
628,97782
628,96072
628,96458
628,97776
628,97558
628,98520
628,96248
628,96138
628,97066
628,97898
628,99332
628,98950
628,99272
628,99724
629,97714
629,97666
629,97724
629,97680
629,97700
629,97988
629,100566
629,98230
629,98244
629,99686
629,99442
629,99958
629,100626
629,99724
629,99902
629,99818
630,98034
630,98278
630,99242
630,98424
630,98196
630,97828
630,98398
630,98324
630,98850
630,100438
630,98550
630,99032
630,99416
630,97724
630,97832
630,98076
631,98176
631,99224
631,97606
631,98398
631,98416
631,98004
631,99004
631,98006
631,96994
631,98250
631,98642
631,98700
631,98536
631,100732
631,100588
631,101454
632,100708
632,97924
632,100192
632,98132
632,99248
632,100738
632,98056
632,99124
632,98878
632,101504
632,98834
632,100320
632,101264
632,101504
632,100134
632,100204
633,100140
633,100630
633,100520
633,100762
633,99154
633,100280
633,99740
633,98882
633,101710
633,100834
633,100724
633,100524
633,100396
633,98616
633,99870
633,99974
634,99716
634,101526
634,100984
634,100652
634,101954
634,101494
634,100976
634,100144
634,99826
634,101260
634,100152
634,101298
634,100118
634,100414
634,101158
634,100156
635,101118
635,100192
635,99842
635,100652
635,100578
635,99048
635,99858
635,99774
635,99830
635,100610
635,99732
635,100730
635,101206
635,102304
635,100828
635,101406
636,101522
636,101716
636,101402
636,100804
636,99900
636,101302
636,100636
636,100740
636,102898
636,102000
636,102192
636,101856
636,101410
636,102876
636,102008
636,102776
637,102844
637,102360
637,101570
637,100740
637,101436
637,100998
637,102068
637,102680
637,102626
637,102630
637,103746
637,101652
637,102322
637,102756
637,104892
637,104700
638,104932
638,105248
638,105828
638,105006
638,105686
638,106714
638,105822
638,104818
638,104542
638,104898
638,102770
638,104750
638,105010
638,106186
638,105980
638,105920
639,105636
639,105116
639,104266
639,103614
639,105082
639,105974
639,105012
639,105162
639,104862
639,102884
639,103958
639,105090
639,104166
639,104722
639,105614
639,104724
640,105952
640,104078
640,104292
640,104558
640,104318
640,103484
640,105338
640,105296
640,104374
640,105250
640,104246
640,102650
640,103834
640,104548
640,105436
640,105424
641,103820
641,104178
641,102904
641,105328
641,105304
641,104002
641,105382
641,104064
641,104914
641,103786
641,104310
641,104486
641,104114
641,105964
641,105708
641,105226
642,105856
642,105144
642,105860
642,106064
642,107474
642,105754
642,105988
642,106638
642,104690
642,105264
642,106212
642,106816
642,104910
642,108110
642,107004
642,104954
643,105404
643,105366
643,106412
643,105166
643,105364
643,107572
643,108570
643,108756
643,108010
643,109090
643,108136
643,108306
643,108272
643,107524
643,108064
643,107122
644,107160
644,106470
644,104514
644,107274
644,105822
644,105832
644,107014
644,106670
644,106700
644,107358
644,106858
644,106976
644,108036
644,107802
644,108446
644,107590
645,105308
645,107414
645,107606
645,107574
645,107414
645,107434
645,107592
645,108654
645,106726
645,107950
645,107138
645,107318
645,107644
645,108222
645,107376
645,109402
646,108858
646,108954
646,109236
646,109676
646,108514
646,108338
646,108594
646,109266
646,108878
646,110444
646,109330
646,109700
646,111562
646,111434
646,110864
646,109690
647,109360
647,110326
647,109950
647,111058
647,108274
647,110320
647,109430
647,107506
647,108398
647,109390
647,108388
647,108120
647,108836
647,107540
647,108508
647,107294
648,107752
648,109490
648,108378
648,109078
648,108074
648,109898
648,108516
648,108832
648,108152
648,108448
648,107078
648,108548
648,107180
648,106124
648,107596
648,107098
649,105874
649,106754
649,105532
649,105234
649,106012
649,105878
649,105454
649,106698
649,106458
649,106156
649,104760
649,105320
649,105626
649,105670
649,104110
649,105624
650,106810
650,106652
650,106984
650,105824
650,107836
650,105638
650,105496
650,105042
650,107230
650,107416
650,107686
650,108298
650,107410
650,108782
650,106058
650,106566
651,106730
651,106770
651,107236
651,107430
651,108234
651,107154
651,106654
651,107316
651,107218
651,106650
651,106614
651,106824
651,106578
651,107406
651,107920
651,107770
652,106406
652,107454
652,107868
652,107912
652,106748
652,106824
652,107528
652,107710
652,107514
652,107050
652,108394
652,107462
652,106760
652,106360
652,106020
652,104686
653,106502
653,106180
653,104518
653,105464
653,104406
653,103806
653,104792
653,104740
653,101878
653,103082
653,102478
653,103134
653,103894
653,103100
653,103636
653,104016
654,102324
654,102662
654,104486
654,102584
654,102926
654,101368
654,100562
654,100214
654,101590
654,101750
654,100658
654,100216
654,101070
654,99748
654,99640
654,99504
655,99432
655,98596
655,98918
655,99972
655,99886
655,100996
655,99028
655,98968
655,99124
655,99536
655,99778
655,100536
655,98788
655,99018
655,99062
655,99938
656,99896
656,98890
656,99298
656,98132
656,98846
656,97926
656,101046
656,98418
656,98764
656,98838
656,98124
656,98702
656,99502
656,97156
656,98424
656,99068
657,99192
657,98076
657,96274
657,95976
657,96690
657,97656
657,96088
657,95820
657,95778
657,95300
657,95608
657,96060
657,94950
657,95854
657,95616
657,95392
658,95016
658,96160
658,95056
658,94518
658,93492
658,94140
658,95086
658,95074
658,93456
658,93978
658,93484
658,92494
658,92816
658,93200
658,92500
658,92526
659,92934
659,91456
659,91032
659,91964
659,92088
659,92730
659,92232
659,91742
659,92548
659,91730
659,90794
659,90664
659,91050
659,91814
659,92160
659,91300
660,91952
660,90826
660,92136
660,92118
660,92402
660,90326
660,92316
660,90938
660,89808
660,90450
660,89862
660,90506
660,90140
660,90938
660,91100
660,91138
661,89124
661,89298
661,89246
661,89388
661,90548
661,88448
661,87570
661,87082
661,88066
661,88186
661,88366
661,87740
661,87282
661,87680
661,88778
661,87128
662,85906
662,86504
662,88494
662,86768
662,86874
662,86948
662,84840
662,86556
662,85376
662,83822
662,83980
662,85126
662,85230
662,84574
662,85112
662,84642
663,83126
663,82124
663,81522
663,82526
663,82490
663,82586
663,82154
663,82922
663,81944
663,81480
663,81816
663,80996
663,81094
663,79974
663,80652
663,81106
664,80866
664,80478
664,80046
664,77262
664,79122
664,78838
664,80382
664,79430
664,79108
664,77546
664,78308
664,78094
664,79338
664,77598
664,76132
664,77040
665,76758
665,76870
665,77094
665,75634
665,76308
665,76102
665,76956
665,76526
665,75450
665,76654
665,76492
665,75120
665,74746
665,75096
665,74038
665,75230
666,73216
666,72672
666,72036
666,73346
666,73664
666,73348
666,73554
666,71054
666,73398
666,71424
666,71230
666,72162
666,73026
666,71882
666,72564
666,71814
667,72046
667,71374
667,71440
667,72178
667,71684
667,70982
667,72474
667,72256
667,71042
667,71618
667,72618
667,71760
667,71952
667,71488
667,72294
667,72342
668,71318
668,72414
668,71686
668,72626
668,71552
668,72104
668,70336
668,71332
668,71374
668,71452
668,73060
668,71040
668,71360
668,71166
668,71524
668,71342
669,70364
669,72972
669,72088
669,72720
669,72014
669,72082
669,70364
669,69502
669,71334
669,70362
669,70940
669,70880
669,71102
669,71842
669,70506
669,70976
670,71662
670,70852
670,71570
670,71702
670,71078
670,72658
670,72470
670,72936
670,73596
670,71980
670,72946
670,72876
670,72666
670,72326
670,73166
670,72338
671,73744
671,72758
671,73892
671,73442
671,73442
671,72538
671,72952
671,72140
671,73000
671,72754
671,72946
671,73478
671,73854
671,73378
671,74000
671,72608
672,72538
672,74674
672,73114
672,74602
672,73564
672,75202
672,74796
672,74280
672,74260
672,74406
672,75234
672,75238
672,74588
672,75762
672,75116
672,74252
673,72378
673,74100
673,74002
673,74050
673,74852
673,73404
673,74392
673,73712
673,73882
673,73364
673,71742
673,72806
673,71354
673,71570
673,72300
673,72128
674,71416
674,71820
674,71032
674,69878
674,71054
674,72698
674,71620
674,72442
674,73844
674,72098
674,72382
674,70060
674,71144
674,71314
674,71970
674,71026
675,70814
675,72792
675,70686
675,72294
675,72514
675,72360
675,71592
675,73278
675,72402
675,72274
675,71812
675,73908
675,74820
675,74174
675,74190
675,76174
676,75280
676,74990
676,73770
676,74346
676,72224
676,73812
676,74620
676,74338
676,76852
676,75630
676,76352
676,73758
676,75168
676,75416
676,77456
676,76640
677,75578
677,76132
677,75184
677,77092
677,77868
677,78170
677,78614
677,77766
677,77950
677,79014
677,77786
677,79010
677,79454
677,77686
677,79242
677,79760
678,80430
678,79208
678,81206
678,79102
678,79202
678,79926
678,80662
678,79682
678,82358
678,80688
678,80918
678,80344
678,82082
678,80446
678,81354
678,83374
679,81410
679,82024
679,82152
679,82910
679,83004
679,83876
679,83388
679,85928
679,83492
679,82938
679,84070
679,82586
679,83952
679,84158
679,84572
679,83882
680,85110
680,85442
680,85052
680,84414
680,84396
680,86220
680,85050
680,86622
680,86134
680,86850
680,87780
680,87256
680,87930
680,88066
680,87812
680,88220
681,87268
681,86212
681,85784
681,87088
681,86248
681,86504
681,86672
681,86954
681,87646
681,87860
681,87848
681,88152
681,87264
681,88976
681,89898
681,88666
682,87288
682,88630
682,89062
682,87974
682,88642
682,89372
682,88666
682,88540
682,88290
682,88812
682,87426
682,88256
682,88914
682,88860
682,89244
682,87918
683,87448
683,86712
683,87230
683,87834
683,87702
683,89428
683,88180
683,86232
683,89020
683,87946
683,87050
683,88100
683,87484
683,87998
683,86876
683,85060
684,86706
684,85832
684,86152
684,85762
684,86886
684,86836
684,88432
684,88542
684,87392
684,87762
684,87642
684,87446
684,86602
684,87966
684,87804
684,87410
685,88016
685,87594
685,88002
685,87980
685,87492
685,87846
685,89194
685,89290
685,89212
685,87802
685,89118
685,88894
685,88702
685,89674
685,89308
685,89068
686,89042
686,87606
686,89916
686,89038
686,87720
686,89744
686,88258
686,90144
686,91712
686,90942
686,91056
686,90848
686,91528
686,91920
686,88954
686,90838
687,91466
687,90566
687,90326
687,92412
687,89428
687,89384
687,89342
687,90944
687,89894
687,91374
687,93184
687,92858
687,92624
687,91158
687,90786
687,91942
688,91866
688,91666
688,91198
688,92000
688,91748
688,90520
688,91270
688,92380
688,92434
688,91770
688,91860
688,91626
688,91232
688,91064
688,90942
688,92728
689,90294
689,89842
689,92364
689,91036
689,90240
689,90852
689,90846
689,90798
689,90262
689,90964
689,89692
689,88252
689,88776
689,89960
689,91724
689,91444
690,91106
690,91760
690,91216
690,90422
690,88886
690,90126
690,92320
690,90744
690,91486
690,90378
690,90630
690,90010
690,90888
690,89702
690,90654
690,89378
691,89452
691,91170
691,89018
691,92088
691,91544
691,91176
691,91838
691,90224
691,92224
691,90882
691,91800
691,90522
691,90162
691,89806
691,90636
691,88446
692,89824
692,90844
692,87696
692,89114
692,89734
692,88028
692,89466
692,88326
692,90226
692,90200
692,88710
692,88622
692,89110
692,89954
692,88020
692,88814
693,88568
693,89378
693,88600
693,88972
693,88690
693,88448
693,87736
693,87958
693,86098
693,85588
693,87228
693,86950
693,87514
693,86278
693,88810
693,87940
694,88242
694,87670
694,86780
694,86534
694,87828
694,84134
694,82952
694,84876
694,84252
694,84718
694,86416
694,84434
694,85200
694,86578
694,85156
694,86836
695,86274
695,85522
695,86116
695,83462
695,85004
695,83230
695,82766
695,82800
695,84574
695,83868
695,84002
695,83806
695,84380
695,83116
695,82006
695,83026
696,82344
696,83618
696,83712
696,81974
696,83722
696,84450
696,83010
696,83806
696,82200
696,82384
696,83892
696,83624
696,82234
696,82670
696,82472
696,82780
697,84304
697,82836
697,84540
697,84820
697,84234
697,84924
697,84268
697,82768
697,82586
697,83082
697,83682
697,80756
697,81078
697,82332
697,82760
697,81416
698,81368
698,81566
698,81530
698,81278
698,82448
698,83486
698,80740
698,81564
698,82984
698,80780
698,79886
698,80492
698,79650
698,79608
698,81130
698,80236
699,80382
699,78996
699,79326
699,79080
699,79616
699,77824
699,78904
699,79522
699,76758
699,78982
699,79138
699,78118
699,75322
699,78838
699,77016
699,76074
700,75462
700,75680
700,77002
700,75356
700,77770
700,77724
700,78712
700,77770
700,76808
700,75598
700,75758
700,74548
700,75574
700,74812
700,73494
700,73360
701,74022
701,73368
701,73362
701,73084
701,73602
701,74578
701,75206
701,72306
701,73784
701,71654
701,72242
701,71458
701,70402
701,71316
701,72062
701,71348
702,68762
702,69402
702,68412
702,69840
702,68746
702,67378
702,68440
702,66550
702,68424
702,67776
702,66350
702,66462
702,65896
702,65268
702,65162
702,65170
703,64792
703,64486
703,62910
703,62266
703,62084
703,62426
703,62648
703,60848
703,60356
703,61906
703,61458
703,60868
703,60080
703,61292
703,62090
703,60408
704,59132
704,59492
704,61632
704,56870
704,59290
704,57464
704,56792
704,57802
704,57772
704,57842
704,56908
704,58298
704,58720
704,58014
704,56940
704,57996
705,58300
705,57950
705,55796
705,56262
705,55142
705,55848
705,55632
705,55544
705,56286
705,55832
705,54938
705,55662
705,55434
705,53476
705,55282
705,55222
706,52858
706,52464
706,52366
706,52226
706,51952
706,52532
706,52432
706,50488
706,51862
706,52302
706,52032
706,51298
706,50166
706,51120
706,51766
706,51450
707,48542
707,50268
707,50338
707,48724
707,50718
707,49462
707,49704
707,49718
707,49368
707,48590
707,48362
707,48706
707,49212
707,49190
707,46872
707,46886
708,47572
708,46926
708,48020
708,48138
708,47652
708,48064
708,47164
708,46918
708,48050
708,47394
708,47770
708,48520
708,48780
708,47220
708,45336
708,47096
709,45690
709,45364
709,45634
709,46242
709,48194
709,47368
709,45774
709,44672
709,44876
709,45372
709,45978
709,46354
709,47378
709,46904
709,45804
709,46912
710,45486
710,44626
710,44640
710,45564
710,46386
710,45410
710,43946
710,44862
710,43490
710,44374
710,43674
710,44196
710,44592
710,45606
710,43760
710,44800
711,44842
711,43598
711,45472
711,43890
711,43266
711,43770
711,43132
711,42540
711,42734
711,42504
711,42246
711,41190
711,40466
711,43100
711,42126
711,42606
712,41544
712,41544
712,40982
712,42104
712,42378
712,42470
712,41352
712,42574
712,42536
712,40034
712,41038
712,39682
712,40832
712,41610
712,41982
712,42104
713,40798
713,41082
713,38910
713,40254
713,41496
713,40900
713,40874
713,41056
713,41410
713,41554
713,41722
713,41228
713,40932
713,40598
713,42314
713,41050
714,40452
714,39884
714,41166
714,41642
714,41036
714,42390
714,42440
714,43796
714,42962
714,42158
714,41900
714,41762
714,41854
714,41178
714,41278
714,41388
715,40598
715,41176
715,42126
715,42410
715,41730
715,42310
715,43332
715,43466
715,43710
715,43528
715,44258
715,43672
715,45764
715,44198
715,44292
715,45330
716,45048
716,46056
716,47240
716,45734
716,47912
716,47554
716,48366
716,47466
716,47912
716,47502
716,47424
716,48718
716,48326
716,49394
716,49308
716,49134
717,48900
717,50320
717,51476
717,50150
717,50648
717,50252
717,51916
717,50246
717,50566
717,51266
717,53056
717,52540
717,52676
717,55386
717,54386
717,54610
718,53698
718,54246
718,55094
718,55110
718,56456
718,56870
718,54986
718,56092
718,55900
718,55180
718,55832
718,57344
718,59162
718,57492
718,57622
718,57780
719,59494
719,58422
719,59462
719,59140
719,58734
719,59686
719,58992
719,58632
719,59076
719,60052
719,59226
719,58646
719,61202
719,61760
719,61802
719,62068
720,61996
720,61708
720,63160
720,63206
720,62818
720,61976
720,63016
720,63470
720,64326
720,64124
720,64654
720,65426
720,65060
720,63844
720,63678
720,63302
721,64074
721,64744
721,63972
721,65360
721,64558
721,63656
721,64850
721,64652
721,65670
721,64698
721,65790
721,65526
721,63562
721,65458
721,65430
721,66254
722,64004
722,64522
722,65606
722,67610
722,67920
722,68736
722,67772
722,67418
722,66346
722,67128
722,68068
722,67562
722,66026
722,66640
722,66416
722,65144
723,65540
723,65492
723,66542
723,67994
723,68434
723,67874
723,68024
723,68428
723,69830
723,67846
723,66914
723,66332
723,67584
723,68872
723,68158
723,68750
724,67596
724,68972
724,69212
724,68522
724,67684
724,67998
724,67422
724,68370
724,66384
724,67370
724,67220
724,65664
724,64792
724,67260
724,66940
724,65912
725,66482
725,66000
725,66066
725,66272
725,64700
725,65112
725,67888
725,65672
725,66654
725,66388
725,67336
725,66000
725,66884
725,67780
725,66544
725,68240
726,68294
726,67386
726,65498
726,66636
726,67318
726,66950
726,66332
726,67178
726,68088
726,68370
726,68326
726,69286
726,68932
726,68950
726,69926
726,70500
727,68056
727,68178
727,70246
727,67148
727,68174
727,69384
727,67940
727,69358
727,69476
727,72398
727,70514
727,71494
727,69958
727,69654
727,69396
727,67804
728,70886
728,69592
728,69068
728,72098
728,70882
728,71096
728,72088
728,73190
728,71272
728,71964
728,71648
728,73360
728,72362
728,70618
728,71716
728,70608
729,71100
729,70188
729,71404
729,70936
729,70842
729,72798
729,74770
729,74168
729,72416
729,71826
729,72254
729,73034
729,71282
729,72678
729,70786
729,72510
730,72572
730,71778
730,71690
730,72998
730,72598
730,73740
730,73746
730,70948
730,72028
730,70956
730,71582
730,69834
730,70504
730,70608
730,70234
730,72570
731,72534
731,72528
731,72946
731,73650
731,73286
731,73664
731,72644
731,71398
731,72476
731,72878
731,72526
731,72372
731,72620
731,72872
731,72254
731,73166
732,72738
732,71576
732,73750
732,73928
732,72830
732,72508
732,71584
732,72658
732,73014
732,72110
732,72238
732,72020
732,72348
732,73362
732,74628
732,73648
733,73280
733,72684
733,73168
733,72214
733,72002
733,70794
733,70640
733,70406
733,71804
733,72614
733,71160
733,71122
733,69280
733,70682
733,71038
733,71696
734,70724
734,73094
734,71338
734,70572
734,70322
734,67842
734,69948
734,70406
734,70464
734,70108
734,69878
734,71464
734,69690
734,69000
734,69900
734,67848
735,69148
735,69698
735,67394
735,68428
735,69972
735,69374
735,70174
735,70296
735,69232
735,70034
735,70296
735,69580
735,68908
735,69136
735,70038
735,69294
736,69962
736,68956
736,69736
736,69086
736,69644
736,71256
736,71016
736,71568
736,71054
736,68786
736,68982
736,68812
736,68588
736,69236
736,68150
736,69072
737,69414
737,68978
737,69950
737,70294
737,69946
737,70474
737,68970
737,68608
737,69542
737,68774
737,68630
737,67782
737,70194
737,69416
737,68628
737,70070
738,71402
738,69408
738,70306
738,69062
738,69566
738,70432
738,69346
738,69814
738,66988
738,68184
738,67130
738,67972
738,69068
738,68994
738,69388
738,68470
739,68212
739,66868
739,67260
739,66946
739,66896
739,65214
739,66796
739,66360
739,65868
739,65166
739,65688
739,66638
739,66886
739,67394
739,66708
739,65694
740,65026
740,62564
740,63422
740,63376
740,62872
740,63316
740,62788
740,64532
740,63428
740,65404
740,63884
740,63334
740,61914
740,65716
740,64466
740,62684
741,64586
741,60752
741,61470
741,59918
741,61894
741,62878
741,61030
741,61492
741,60526
741,61476
741,61070
741,60902
741,61218
741,58982
741,60140
741,59234
742,59890
742,57026
742,60318
742,59366
742,57920
742,57478
742,57924
742,57814
742,58700
742,57154
742,55512
742,56362
742,54072
742,54306
742,54490
742,55124
743,54912
743,54946
743,54132
743,53874
743,53982
743,55768
743,55458
743,55052
743,53164
743,53436
743,52212
743,52478
743,52786
743,52336
743,53236
743,52076
744,51744
744,50912
744,53238
744,51824
744,52706
744,54288
744,51842
744,51234
744,50914
744,50940
744,51792
744,51656
744,52346
744,50328
744,52252
744,51158
745,51154
745,51442
745,49586
745,49896
745,50556
745,48828
745,50760
745,49076
745,47794
745,49250
745,50404
745,49472
745,49868
745,51608
745,51086
745,50664
746,50016
746,49072
746,49358
746,49796
746,48700
746,49468
746,48716
746,48132
746,49522
746,49612
746,48206
746,47544
746,49350
746,51150
746,48950
746,48190
747,49342
747,48624
747,47216
747,47500
747,49958
747,49054
747,49892
747,50074
747,49398
747,50350
747,49102
747,48564
747,48676
747,49324
747,49148
747,50592
748,49112
748,48974
748,48778
748,50992
748,50586
748,49258
748,49370
748,49306
748,49702
748,47736
748,50398
748,48164
748,49938
748,49178
748,49452
748,48340
749,48914
749,49146
749,49250
749,49518
749,48602
749,48890
749,47778
749,48342
749,49438
749,49452
749,50612
749,48948
749,48306
749,48990
749,48100
749,49500
750,49874
750,48982
750,49158
750,48556
750,47268
750,48218
750,49962
750,47214
750,47222
750,46860
750,45862
750,46344
750,46206
750,47106
750,45876
750,44868
751,43656
751,45148
751,45010
751,43556
751,42742
751,44942
751,42996
751,42184
751,44190
751,44026
751,43988
751,44494
751,43974
751,44446
751,42990
751,43378
752,41564
752,41908
752,43170
752,41012
752,42424
752,43664
752,40884
752,41742
752,40666
752,41478
752,42002
752,41586
752,41988
752,42394
752,43608
752,41952
753,41160
753,41652
753,40644
753,40734
753,40560
753,40402
753,39942
753,41780
753,42118
753,41308
753,41830
753,42316
753,41354
753,42182
753,40514
753,41818
754,41504
754,41810
754,42222
754,42472
754,41226
754,41944
754,41526
754,41156
754,43156
754,43344
754,42580
754,41326
754,42984
754,42788
754,41968
754,42364
755,43584
755,41972
755,43548
755,41828
755,40854
755,41602
755,42448
755,41310
755,42534
755,42734
755,42672
755,44054
755,43636
755,42492
755,44164
755,41830
756,43202
756,43462
756,44076
756,45324
756,44456
756,45084
756,43648
756,43502
756,42902
756,44716
756,45122
756,43196
756,44594
756,44060
756,42972
756,43890
757,44300
757,45740
757,45354
757,44698
757,44532
757,46704
757,46566
757,47946
757,45422
757,45012
757,45844
757,46504
757,47576
757,48552
757,49704
757,48726
758,47558
758,47958
758,48244
758,49314
758,48986
758,49286
758,50304
758,48760
758,50680
758,51928
758,51940
758,51776
758,52374
758,51056
758,52198
758,52242
759,52180
759,53608
759,53370
759,52148
759,52046
759,53804
759,53808
759,55558
759,52692
759,55294
759,53528
759,54042
759,53872
759,53518
759,54882
759,54638
760,55000
760,54912
760,55752
760,55024
760,55514
760,55432
760,55438
760,56624
760,56614
760,57306
760,57316
760,59006
760,57396
760,59560
760,58020
760,58874
761,57370
761,58106
761,58712
761,57792
761,58062
761,59102
761,59832
761,61362
761,62820
761,62220
761,61930
761,62500
761,61442
761,61146
761,61992
761,62750
762,60902
762,63086
762,62818
762,63186
762,63830
762,64290
762,64936
762,65368
762,66154
762,66650
762,66610
762,65620
762,65010
762,65716
762,65846
762,66038
763,66116
763,66584
763,66370
763,68338
763,68758
763,66472
763,68428
763,68252
763,67430
763,68380
763,68468
763,70572
763,70300
763,70302
763,69570
763,68828
764,68652
764,68300
764,70674
764,70704
764,70466
764,73772
764,71378
764,71138
764,70826
764,71620
764,71616
764,70522
764,70986
764,71166
764,72736
764,72162
765,73166
765,72766
765,72056
765,72250
765,72928
765,72652
765,74070
765,75646
765,75174
765,74620
765,75378
765,75738
765,75512
765,76770
765,74622
765,74824
766,75892
766,77048
766,75604
766,76676
766,77638
766,75602
766,76544
766,78044
766,77902
766,77830
766,78544
766,79560
766,79708
766,78418
766,78568
766,77574
767,76230
767,79562
767,77776
767,77148
767,77728
767,78904
767,80994
767,80732
767,79198
767,80934
767,78700
767,81570
767,82422
767,80504
767,81620
767,80938
768,79458
768,78574
768,81184
768,79870
768,78876
768,79194
768,80260
768,82156
768,82534
768,82830
768,82388
768,81220
768,80302
768,81272
768,79614
768,81540
769,80882
769,80962
769,81998
769,82346
769,82578
769,82836
769,81904
769,80960
769,82012
769,82588
769,81580
769,82008
769,81322
769,81016
769,82608
769,80596
770,80148
770,81754
770,80456
770,81290
770,81608
770,82100
770,81522
770,80948
770,81050
770,80670
770,80428
770,77458
770,78564
770,78598
770,79814
770,80336
771,81446
771,81834
771,82284
771,79832
771,77900
771,79208
771,80594
771,81208
771,78868
771,79884
771,80332
771,79742
771,78292
771,80080
771,82224
771,81320
772,80444
772,79712
772,79612
772,79348
772,78250
772,77758
772,77514
772,77486
772,77438
772,78296
772,78788
772,79964
772,77086
772,77414
772,78422
772,79344
773,78668
773,79498
773,80006
773,79268
773,78958
773,78408
773,78242
773,79184
773,77882
773,79672
773,79198
773,78290
773,78104
773,77582
773,77132
773,78090
774,77088
774,77514
774,76820
774,77300
774,76292
774,76288
774,76268
774,75802
774,76686
774,77588
774,76580
774,74604
774,76220
774,74664
774,74954
774,75010
775,75578
775,74896
775,75380
775,76402
775,74288
775,75346
775,75022
775,74486
775,73818
775,75024
775,74764
775,75498
775,74010
775,72682
775,74902
775,76066
776,73382
776,74582
776,74112
776,74954
776,75756
776,74004
776,75204
776,74856
776,76590
776,74174
776,73268
776,74840
776,74530
776,74970
776,75130
776,73694
777,74278
777,75570
777,75390
777,74400
777,74990
777,73776
777,74964
777,74514
777,73488
777,72938
777,72254
777,72028
777,72252
777,72234
777,73440
777,74438
778,72994
778,73744
778,72360
778,72022
778,70762
778,71820
778,71004
778,70416
778,71160
778,71608
778,70916
778,70998
778,72084
778,72398
778,71936
778,71842
779,70844
779,71324
779,71020
779,69598
779,68296
779,69396
779,69008
779,69010
779,69362
779,68180
779,66526
779,67712
779,68170
779,67950
779,67428
779,67776
780,69050
780,68678
780,67038
780,67106
780,66004
780,64894
780,67986
780,66156
780,65544
780,64064
780,64630
780,63928
780,64258
780,62934
780,63528
780,62610
781,61894
781,61458
781,61420
781,60860
781,61682
781,62476
781,60266
781,60396
781,58822
781,59888
781,59104
781,60124
781,58758
781,57642
781,57402
781,58610
782,57306
782,57154
782,56714
782,54958
782,55696
782,55502
782,55840
782,56422
782,55456
782,54982
782,54374
782,54296
782,53632
782,53406
782,52926
782,52514
783,52262
783,52162
783,53002
783,53016
783,51328
783,52068
783,52280
783,53152
783,52422
783,50024
783,50006
783,48494
783,50718
783,48828
783,50604
783,49404
784,48280
784,49552
784,49752
784,48322
784,49712
784,47402
784,47866
784,48368
784,48668
784,48634
784,46358
784,46334
784,45688
784,47210
784,44092
784,45780
785,45000
785,43238
785,42702
785,43660
785,43904
785,42140
785,41944
785,42074
785,40694
785,41268
785,40500
785,38904
785,39332
785,38968
785,39090
785,39784
786,40018
786,38854
786,38276
786,38554
786,37522
786,38424
786,38746
786,36434
786,38510
786,38570
786,37676
786,37692
786,36126
786,36932
786,37592
786,37828
787,37266
787,37766
787,36736
787,37540
787,37656
787,38940
787,37190
787,36350
787,36910
787,38056
787,36948
787,37470
787,35386
787,33708
787,32792
787,33616
788,34214
788,34754
788,34196
788,32982
788,33972
788,34658
788,34274
788,33172
788,34216
788,32058
788,30954
788,32602
788,31548
788,31238
788,31008
788,32742
789,30254
789,31394
789,27694
789,27878
789,28166
789,27398
789,28682
789,26692
789,26392
789,27086
789,28436
789,27320
789,27200
789,26234
789,26494
789,25674
790,26136
790,24656
790,25588
790,24736
790,23160
790,23836
790,23562
790,21450
790,22024
790,22862
790,21532
790,22898
790,21348
790,22258
790,22970
790,20292
791,19970
791,19272
791,17626
791,17374
791,17964
791,18300
791,19712
791,18584
791,17982
791,18272
791,18838
791,18108
791,18516
791,18294
791,16914
791,15830
792,16668
792,14810
792,15688
792,14630
792,14678
792,16142
792,15950
792,15048
792,15472
792,14732
792,14256
792,15008
792,12838
792,13428
792,13432
792,14600
793,14444
793,14780
793,14924
793,12484
793,12212
793,14750
793,14810
793,14814
793,15290
793,14372
793,12292
793,13234
793,14196
793,13960
793,14660
793,14702
794,16494
794,15628
794,14342
794,14400
794,15848
794,15150
794,14380
794,16220
794,15118
794,15480
794,14860
794,14894
794,14670
794,16098
794,16182
794,14596
795,14778
795,16242
795,13992
795,15328
795,17534
795,16356
795,16078
795,15676
795,14426
795,15272
795,16026
795,15892
795,16948
795,16772
795,17352
795,17168
796,18494
796,17818
796,17290
796,17034
796,18118
796,18026
796,17494
796,18726
796,18648
796,19102
796,19226
796,18894
796,18938
796,19114
796,20730
796,16614
797,17360
797,17354
797,17856
797,15524
797,16972
797,18054
797,17146
797,16554
797,16232
797,16632
797,16854
797,18440
797,18368
797,18400
797,20408
797,17844
798,17072
798,16588
798,19486
798,17232
798,16106
798,18298
798,18326
798,19158
798,20016
798,20648
798,19340
798,20196
798,20228
798,20024
798,19586
798,18794
799,18944
799,18734
799,19492
799,19566
799,20016
799,19910
799,18826
799,20074
799,18646
799,16708
799,18556
799,16866
799,17026
799,16770
799,17464
799,18670
800,18522
800,19256
800,17078
800,18622
800,17162
800,18080
800,18104
800,17028
800,16900
800,15070
800,14208
800,15400
800,14682
800,14176
800,15398
800,15262
801,14682
801,14988
801,13772
801,15358
801,13244
801,12748
801,12174
801,10304
801,11870
801,12438
801,11628
801,10896
801,11070
801,11684
801,10314
801,9990
802,10024
802,10406
802,10286
802,9440
802,9570
802,10608
802,9264
802,8998
802,11340
802,10774
802,11536
802,10298
802,9352
802,9062
802,9368
802,10540
803,11208
803,8468
803,9944
803,9198
803,8356
803,9474
803,10684
803,8158
803,10120
803,10054
803,10762
803,9676
803,9474
803,11458
803,11354
803,13036
804,12910
804,10824
804,11932
804,9600
804,10208
804,10910
804,10998
804,11314
804,11222
804,12156
804,12102
804,12962
804,10936
804,11198
804,9264
804,10052
805,11126
805,11874
805,12710
805,10888
805,12352
805,11970
805,13034
805,12154
805,15088
805,12512
805,12344
805,12412
805,13218
805,12666
805,11662
805,13126
806,12162
806,14102
806,12054
806,11478
806,13374
806,12244
806,11710
806,11596
806,11108
806,11678
806,10404
806,10228
806,12000
806,12222
806,10186
806,9944
807,10962
807,10466
807,9724
807,8078
807,10858
807,11492
807,10712
807,10192
807,10820
807,9556
807,8906
807,10088
807,9908
807,10164
807,9480
807,8102
808,8862
808,9100
808,7654
808,8106
808,7560
808,7428
808,8682
808,8306
808,8002
808,7502
808,8720
808,8428
808,8278
808,8062
808,8406
808,10628
809,9562
809,9834
809,9242
809,9802
809,10432
809,8248
809,9648
809,10586
809,9328
809,10678
809,11900
809,11410
809,10344
809,10908
809,9524
809,7780
810,9210
810,10356
810,8740
810,8610
810,8410
810,7680
810,9680
810,8514
810,6920
810,7618
810,8500
810,7802
810,8312
810,8628
810,7388
810,6266
811,7756
811,4908
811,5858
811,6104
811,3712
811,6082
811,6224
811,3588
811,4448
811,5228
811,4764
811,4536
811,4172
811,2768
811,2924
811,2102
812,1770
812,1208
812,-444
812,28
812,1508
812,1854
812,718
812,-1182
812,-714
812,84
812,-1014
812,-320
812,-1902
812,-1338
812,-2910
812,-2774
813,-784
813,-1430
813,-1748
813,-1884
813,-1426
813,-1124
813,-2594
813,-2066
813,-2040
813,-534
813,434
813,1948
813,2008
813,588
813,1786
813,2168
814,1610
814,986
814,414
814,460
814,762
814,1798
814,1364
814,640
814,-40
814,-656
814,-638
814,-1154
814,198
814,46
814,706
814,-1202
815,-1284
815,528
815,-364
815,-1518
815,-2488
815,-1232
815,-1160
815,-584
815,-1304
815,678
815,-348
815,402
815,-1272
815,-794
815,-1108
815,2144
816,1240
816,714
816,22
816,-192
816,-218
816,-504
816,-102
816,-460
816,-902
816,-1074
816,-540
816,-2854
816,-2226
816,-1900
816,-2246
816,-2182
817,-1950
817,-1168
817,-1734
817,-2274
817,-1398
817,-2156
817,-3490
817,-2640
817,-2830
817,-4490
817,-3996
817,-5564
817,-3334
817,-4338
817,-4004
817,-4254
818,-5646
818,-4694
818,-6350
818,-4790
818,-7154
818,-5512
818,-6618
818,-6704
818,-7764
818,-6704
818,-7844
818,-7928
818,-7688
818,-8352
818,-6922
818,-6874
819,-8448
819,-9036
819,-8158
819,-11430
819,-10946
819,-10496
819,-10308
819,-10742
819,-10106
819,-10262
819,-11432
819,-11308
819,-12446
819,-11502
819,-10826
819,-11780
820,-11434
820,-11576
820,-10708
820,-10038
820,-12718
820,-11860
820,-13690
820,-14446
820,-13458
820,-12928
820,-13286
820,-14074
820,-15174
820,-16698
820,-18372
820,-15138
821,-18560
821,-17704
821,-15594
821,-18354
821,-18956
821,-19002
821,-20768
821,-21510
821,-20664
821,-21138
821,-22230
821,-20964
821,-20850
821,-22578
821,-22630
821,-22600
822,-22786
822,-23812
822,-24186
822,-24806
822,-23482
822,-24832
822,-25210
822,-24984
822,-26696
822,-27740
822,-27432
822,-27652
822,-25556
822,-28574
822,-27826
822,-27452
823,-28994
823,-29704
823,-28558
823,-28080
823,-29156
823,-28052
823,-28444
823,-28686
823,-28670
823,-29134
823,-29322
823,-28602
823,-28912
823,-28276
823,-28504
823,-28776
824,-28406
824,-29434
824,-30828
824,-29730
824,-29622
824,-31310
824,-30064
824,-28440
824,-31450
824,-31472
824,-30818
824,-32070
824,-31990
824,-31730
824,-32928
824,-33718
825,-33522
825,-32166
825,-32838
825,-32974
825,-35322
825,-34542
825,-35842
825,-35452
825,-36804
825,-36480
825,-34582
825,-36074
825,-36330
825,-37770
825,-37458
825,-37550
826,-39846
826,-39456
826,-36666
826,-36762
826,-38046
826,-39258
826,-39398
826,-40002
826,-39434
826,-38162
826,-38832
826,-37154
826,-38726
826,-38602
826,-38348
826,-39820
827,-40548
827,-39856
827,-40080
827,-39848
827,-38528
827,-38124
827,-38530
827,-39266
827,-38536
827,-39354
827,-39788
827,-40074
827,-41300
827,-40966
827,-39908
827,-39936
828,-39884
828,-40892
828,-42264
828,-43842
828,-42724
828,-43518
828,-42864
828,-43402
828,-43888
828,-43370
828,-43696
828,-42904
828,-44276
828,-42122
828,-44436
828,-43898
829,-44936
829,-43476
829,-44230
829,-43804
829,-44686
829,-45564
829,-46248
829,-45094
829,-44556
829,-45884
829,-45618
829,-44780
829,-45224
829,-45814
829,-45240
829,-44548
830,-45360
830,-45584
830,-46134
830,-45220
830,-46390
830,-45838
830,-46052
830,-45710
830,-44998
830,-45234
830,-44150
830,-44892
830,-44590
830,-46560
830,-46414
830,-45482
831,-44376
831,-45436
831,-45656
831,-45472
831,-46392
831,-45598
831,-45852
831,-47930
831,-47190
831,-46252
831,-48308
831,-48192
831,-49712
831,-49664
831,-48040
831,-48938
832,-48524
832,-47940
832,-48410
832,-47818
832,-47156
832,-46738
832,-47784
832,-47376
832,-46580
832,-47368
832,-48126
832,-47682
832,-46948
832,-46862
832,-46488
832,-43980
833,-44198
833,-43010
833,-43340
833,-45474
833,-43730
833,-44228
833,-43810
833,-42126
833,-41564
833,-40804
833,-40880
833,-42646
833,-41124
833,-39730
833,-38650
833,-38488
834,-40846
834,-39830
834,-38822
834,-38800
834,-38620
834,-37300
834,-35804
834,-35768
834,-36770
834,-35652
834,-37094
834,-36904
834,-36794
834,-34916
834,-35316
834,-35234
835,-35906
835,-36160
835,-35546
835,-35014
835,-35696
835,-34882
835,-35604
835,-35400
835,-34422
835,-33740
835,-34104
835,-33854
835,-34150
835,-34790
835,-35052
835,-34704
836,-33350
836,-35560
836,-35430
836,-35330
836,-36334
836,-35818
836,-36030
836,-35564
836,-35364
836,-35076
836,-34134
836,-34634
836,-34896
836,-33874
836,-34336
836,-34990
837,-32578
837,-34492
837,-35210
837,-34764
837,-35600
837,-33154
837,-33600
837,-34524
837,-35978
837,-33376
837,-34196
837,-32356
837,-32294
837,-33890
837,-32602
837,-34786
838,-34712
838,-34614
838,-32616
838,-33998
838,-32334
838,-31908
838,-33292
838,-35022
838,-34536
838,-33616
838,-33750
838,-34826
838,-35686
838,-36668
838,-35802
838,-34716
839,-32412
839,-32786
839,-33228
839,-31724
839,-32070
839,-33392
839,-32532
839,-32944
839,-32884
839,-31696
839,-31980
839,-31356
839,-30624
839,-32224
839,-31364
839,-30078
840,-30902
840,-28716
840,-29914
840,-31260
840,-30614
840,-30650
840,-29412
840,-28226
840,-29176
840,-30120
840,-28640
840,-27096
840,-27330
840,-26442
840,-26538
840,-26134
841,-25986
841,-27420
841,-26550
841,-27928
841,-27178
841,-28924
841,-28834
841,-29458
841,-28624
841,-28790
841,-27694
841,-27170
841,-27316
841,-28314
841,-29038
841,-28230
842,-27724
842,-28798
842,-28406
842,-28438
842,-28270
842,-27720
842,-27388
842,-27396
842,-26526
842,-24890
842,-24782
842,-24774
842,-26308
842,-26330
842,-26274
842,-25862
843,-26606
843,-26388
843,-26016
843,-26344
843,-24336
843,-23512
843,-25560
843,-23178
843,-25714
843,-24532
843,-23168
843,-23536
843,-23940
843,-24614
843,-23462
843,-23942
844,-23754
844,-23068
844,-25038
844,-23142
844,-24764
844,-23738
844,-22420
844,-21928
844,-21404
844,-21580
844,-21592
844,-22680
844,-20982
844,-21196
844,-22082
844,-21370
845,-20926
845,-21544
845,-21490
845,-22192
845,-21452
845,-19770
845,-18860
845,-20276
845,-21182
845,-19456
845,-19464
845,-20240
845,-21104
845,-19434
845,-19600
845,-19588
846,-18296
846,-17232
846,-17674
846,-17388
846,-16010
846,-17094
846,-17422
846,-16050
846,-18120
846,-18772
846,-17632
846,-17186
846,-17956
846,-17124
846,-17084
846,-16700
847,-17828
847,-15788
847,-14792
847,-16630
847,-14272
847,-15166
847,-15382
847,-15038
847,-15890
847,-16348
847,-16258
847,-15296
847,-16072
847,-15062
847,-15402
847,-14014
848,-14584
848,-14204
848,-13550
848,-13660
848,-14954
848,-16332
848,-14146
848,-14222
848,-12964
848,-15290
848,-15292
848,-14848
848,-14716
848,-15748
848,-14812
848,-15374
849,-14458
849,-14414
849,-15184
849,-14262
849,-17136
849,-16334
849,-16400
849,-16026
849,-16388
849,-16470
849,-16318
849,-16402
849,-15586
849,-17316
849,-16006
849,-17144
850,-18466
850,-17534
850,-18158
850,-17598
850,-17954
850,-17980
850,-17506
850,-20046
850,-19064
850,-19124
850,-20432
850,-20304
850,-21100
850,-20892
850,-22450
850,-24004
851,-22542
851,-22664
851,-23876
851,-23634
851,-23874
851,-23192
851,-22296
851,-23836
851,-23438
851,-23874
851,-24504
851,-25616
851,-25140
851,-25086
851,-25992
851,-26390
852,-27038
852,-26990
852,-27774
852,-27526
852,-28122
852,-27690
852,-28534
852,-27844
852,-28304
852,-28324
852,-30324
852,-28826
852,-28634
852,-31160
852,-30242
852,-30732
853,-32530
853,-33108
853,-32312
853,-31918
853,-33196
853,-31852
853,-33780
853,-36142
853,-36880
853,-35748
853,-35606
853,-36058
853,-35326
853,-35580
853,-34862
853,-37140
854,-37774
854,-37114
854,-37460
854,-37174
854,-36472
854,-37634
854,-37648
854,-39016
854,-39508
854,-39324
854,-37526
854,-38416
854,-37100
854,-38574
854,-39370
854,-39370
855,-40110
855,-38466
855,-40562
855,-40610
855,-40344
855,-40032
855,-39216
855,-40730
855,-40346
855,-41990
855,-41810
855,-43238
855,-42834
855,-43968
855,-43648
855,-41958
856,-42830
856,-43658
856,-45412
856,-45214
856,-45396
856,-45842
856,-45080
856,-45208
856,-46778
856,-46020
856,-45948
856,-47384
856,-47144
856,-49348
856,-50630
856,-49576
857,-51196
857,-49128
857,-48564
857,-50864
857,-50462
857,-50482
857,-50196
857,-50546
857,-52046
857,-51106
857,-51420
857,-51380
857,-52816
857,-51124
857,-52530
857,-53072
858,-52456
858,-52914
858,-53544
858,-53138
858,-52070
858,-51712
858,-50102
858,-50830
858,-52938
858,-53512
858,-53676
858,-53124
858,-51794
858,-51078
858,-53260
858,-54392
859,-53082
859,-53098
859,-53328
859,-54834
859,-55354
859,-53606
859,-54514
859,-54606
859,-54258
859,-52778
859,-54654
859,-52492
859,-53576
859,-53396
859,-54966
859,-54936
860,-54316
860,-55026
860,-54388
860,-53784
860,-54792
860,-55548
860,-55234
860,-54394
860,-54784
860,-53852
860,-53718
860,-53658
860,-52436
860,-53522
860,-54050
860,-55466
861,-55538
861,-55222
861,-56066
861,-56650
861,-56574
861,-57034
861,-56596
861,-57066
861,-58834
861,-56964
861,-56094
861,-57430
861,-57626
861,-57326
861,-57068
861,-58698
862,-58420
862,-59120
862,-58968
862,-58928
862,-59810
862,-59922
862,-59066
862,-60256
862,-61028
862,-59086
862,-61096
862,-61824
862,-61572
862,-60958
862,-59888
862,-59748
863,-60460
863,-60150
863,-61248
863,-58808
863,-61346
863,-61296
863,-60304
863,-61720
863,-61038
863,-61838
863,-61756
863,-62732
863,-62198
863,-61550
863,-60798
863,-61664
864,-61010
864,-61788
864,-61428
864,-60430
864,-60786
864,-60192
864,-60574
864,-60608
864,-61026
864,-60906
864,-60738
864,-61128
864,-60312
864,-60190
864,-60842
864,-61240
865,-60830
865,-59660
865,-61122
865,-59772
865,-60402
865,-60930
865,-60808
865,-60388
865,-59250
865,-61888
865,-59176
865,-60598
865,-62366
865,-61362
865,-61722
865,-60376
866,-61238
866,-59900
866,-60810
866,-61484
866,-63960
866,-63998
866,-63314
866,-61804
866,-61860
866,-60668
866,-62564
866,-63712
866,-62160
866,-62240
866,-59792
866,-61690
867,-62294
867,-62916
867,-62238
867,-62964
867,-63594
867,-63006
867,-61734
867,-62446
867,-63376
867,-62852
867,-61786
867,-60346
867,-61954
867,-61276
867,-62932
867,-63346
868,-64916
868,-62968
868,-63090
868,-60934
868,-61520
868,-62162
868,-61894
868,-64050
868,-63026
868,-63288
868,-64216
868,-64384
868,-62988
868,-64504
868,-63822
868,-63172
869,-62498
869,-63688
869,-61770
869,-63796
869,-64012
869,-64596
869,-64140
869,-63182
869,-63204
869,-64648
869,-65280
869,-65016
869,-65028
869,-65480
869,-65778
869,-64708
870,-65184
870,-64674
870,-65318
870,-65762
870,-66194
870,-67096
870,-66646
870,-68464
870,-68584
870,-67956
870,-68432
870,-68606
870,-66778
870,-66418
870,-67106
870,-66668
871,-66642
871,-67194
871,-67296
871,-66830
871,-67504
871,-67796
871,-67518
871,-68552
871,-68350
871,-69388
871,-68390
871,-66404
871,-66148
871,-66162
871,-67556
871,-68330
872,-67718
872,-66950
872,-69316
872,-68886
872,-70178
872,-70566
872,-70484
872,-68910
872,-68506
872,-68018
872,-68586
872,-69062
872,-68642
872,-69396
872,-69248
872,-68816
873,-71108
873,-70870
873,-69424
873,-72258
873,-71728
873,-72594
873,-72788
873,-71698
873,-72318
873,-71788
873,-70290
873,-69916
873,-69122
873,-68906
873,-68894
873,-69426
874,-72332
874,-71914
874,-71338
874,-71500
874,-70724
874,-70614
874,-67242
874,-69478
874,-72094
874,-69456
874,-69242
874,-71114
874,-69044
874,-71122
874,-72002
874,-72176
875,-73410
875,-72476
875,-72784
875,-71302
875,-72076
875,-73160
875,-72714
875,-72846
875,-72602
875,-72050
875,-74588
875,-75474
875,-74406
875,-74344
875,-74124
875,-75450
876,-72682
876,-73256
876,-74836
876,-74824
876,-75290
876,-75218
876,-75294
876,-75644
876,-74756
876,-76562
876,-75284
876,-76250
876,-74466
876,-75290
876,-75956
876,-76404
877,-77524
877,-75902
877,-75834
877,-77514
877,-77306
877,-79264
877,-78770
877,-79706
877,-80056
877,-79940
877,-78444
877,-77844
877,-77148
877,-78108
877,-78246
877,-78230
878,-77914
878,-77262
878,-76898
878,-76286
878,-78724
878,-78196
878,-77868
878,-77600
878,-76886
878,-77068
878,-76570
878,-76902
878,-78148
878,-76776
878,-76454
878,-77042
879,-78068
879,-78230
879,-78160
879,-78194
879,-78918
879,-79390
879,-78502
879,-78102
879,-78886
879,-78186
879,-78930
879,-76502
879,-76232
879,-78176
879,-78734
879,-77942
880,-77808
880,-77644
880,-77862
880,-77386
880,-77126
880,-78816
880,-78366
880,-80182
880,-77054
880,-78242
880,-77376
880,-78414
880,-79684
880,-79816
880,-78952
880,-78874
881,-78722
881,-78788
881,-77286
881,-75724
881,-77742
881,-76766
881,-75768
881,-76006
881,-75622
881,-74536
881,-76780
881,-77146
881,-76950
881,-77234
881,-77700
881,-77810
882,-77858
882,-76092
882,-76698
882,-75676
882,-76526
882,-75566
882,-76056
882,-77598
882,-75034
882,-73802
882,-76798
882,-75206
882,-74838
882,-76884
882,-74522
882,-75590
883,-73660
883,-73206
883,-73604
883,-73996
883,-72696
883,-75402
883,-74316
883,-74720
883,-74678
883,-74302
883,-74944
883,-74330
883,-72552
883,-75100
883,-75534
883,-73648
884,-74882
884,-75052
884,-74686
884,-74338
884,-74542
884,-75526
884,-74686
884,-75082
884,-76200
884,-76620
884,-76480
884,-76776
884,-75420
884,-75142
884,-73288
884,-74784
885,-74056
885,-73628
885,-75114
885,-74570
885,-73130
885,-72530
885,-70590
885,-73950
885,-72368
885,-72580
885,-70902
885,-69926
885,-71096
885,-72538
885,-71628
885,-72056
886,-72052
886,-71882
886,-71218
886,-71566
886,-72052
886,-71664
886,-72152
886,-72200
886,-71576
886,-68530
886,-68716
886,-70858
886,-71630
886,-71508
886,-70790
886,-69930
887,-70822
887,-70142
887,-71640
887,-72266
887,-73166
887,-72084
887,-72172
887,-72272
887,-71000
887,-72926
887,-73898
887,-72636
887,-72742
887,-72298
887,-71436
887,-71560
888,-71856
888,-71556
888,-71092
888,-73014
888,-70838
888,-69464
888,-70222
888,-70362
888,-70598
888,-70322
888,-70120
888,-70778
888,-71388
888,-70140
888,-69394
888,-71656
889,-70520
889,-71030
889,-69624
889,-67524
889,-69978
889,-70404
889,-71584
889,-70308
889,-69660
889,-70442
889,-68486
889,-69522
889,-70092
889,-72206
889,-72678
889,-71582
890,-70910
890,-71124
890,-72822
890,-71318
890,-71448
890,-71184
890,-72442
890,-72354
890,-72996
890,-72628
890,-73440
890,-73258
890,-74556
890,-72954
890,-72576
890,-75194
891,-73344
891,-73750
891,-72766
891,-72122
891,-72822
891,-72030
891,-70452
891,-71822
891,-73268
891,-74296
891,-73056
891,-73944
891,-72888
891,-70826
891,-72204
891,-72980
892,-72604
892,-72452
892,-73604
892,-74448
892,-72516
892,-72620
892,-71130
892,-74568
892,-73846
892,-72782
892,-74860
892,-76556
892,-76788
892,-77894
892,-78978
892,-76400
893,-76362
893,-76292
893,-75172
893,-76660
893,-75078
893,-74856
893,-76354
893,-76212
893,-75008
893,-75696
893,-75296
893,-75274
893,-74600
893,-75940
893,-76036
893,-77464
894,-77502
894,-76620
894,-76012
894,-77432
894,-76676
894,-77420
894,-76968
894,-79134
894,-79452
894,-79338
894,-79536
894,-78216
894,-79054
894,-80088
894,-79794
894,-80594
895,-81096
895,-81912
895,-82266
895,-82056
895,-82614
895,-82336
895,-82058
895,-81742
895,-84016
895,-83778
895,-83232
895,-83342
895,-85182
895,-83430
895,-82940
895,-82970
896,-81818
896,-84446
896,-85914
896,-86618
896,-87338
896,-85194
896,-85466
896,-83902
896,-85712
896,-85484
896,-86456
896,-86592
896,-87586
896,-87346
896,-87084
896,-88572
897,-87766
897,-89936
897,-88908
897,-89364
897,-89112
897,-91620
897,-92700
897,-89752
897,-92052
897,-91876
897,-91270
897,-92992
897,-92198
897,-92594
897,-93866
897,-94716
898,-94524
898,-93950
898,-95198
898,-94428
898,-92298
898,-93648
898,-93414
898,-94994
898,-93606
898,-94684
898,-93618
898,-95002
898,-93832
898,-94662
898,-96838
898,-95732
899,-96274
899,-95508
899,-95380
899,-95730
899,-95652
899,-95036
899,-96520
899,-96738
899,-96772
899,-97786
899,-99866
899,-99230
899,-100628
899,-101044
899,-99610
899,-99230
900,-100006
900,-99958
900,-100260
900,-99806
900,-99780
900,-99366
900,-98728
900,-99434
900,-102082
900,-100722
900,-101262
900,-100124
900,-99938
900,-102240
900,-100512
900,-100448
901,-99172
901,-99490
901,-98502
901,-98776
901,-101796
901,-102260
901,-102130
901,-101538
901,-100950
901,-100362
901,-102716
901,-102320
901,-103066
901,-103218
901,-103046
901,-104166
902,-103330
902,-104174
902,-105134
902,-105978
902,-106406
902,-107318
902,-105740
902,-107010
902,-104544
902,-106426
902,-107722
902,-105048
902,-104090
902,-105626
902,-106208
902,-106266
903,-106426
903,-106028
903,-108644
903,-109510
903,-109018
903,-107860
903,-107020
903,-108246
903,-106558
903,-106510
903,-106514
903,-106472
903,-106484
903,-106560
903,-108206
903,-107364
904,-108294
904,-108318
904,-107448
904,-108316
904,-108294
904,-107896
904,-108702
904,-107048
904,-108524
904,-108938
904,-107542
904,-108018
904,-108934
904,-108144
904,-109058
904,-108794
905,-107606
905,-106410
905,-107970
905,-108314
905,-108220
905,-106614
905,-108674
905,-107786
905,-107404
905,-108250
905,-107932
905,-109772
905,-109822
905,-110644
905,-109082
905,-110330
906,-111292
906,-112166
906,-109440
906,-108748
906,-110928
906,-109610
906,-110268
906,-112182
906,-112130
906,-113542
906,-114402
906,-113850
906,-114214
906,-113820
906,-113076
906,-112954
907,-111962
907,-112904
907,-113622
907,-113514
907,-113182
907,-111588
907,-113306
907,-113536
907,-114466
907,-112634
907,-114098
907,-114134
907,-112386
907,-112818
907,-111202
907,-112272
908,-112028
908,-112874
908,-112210
908,-111716
908,-111812
908,-113104
908,-114904
908,-113544
908,-115178
908,-114642
908,-114194
908,-116246
908,-115728
908,-114748
908,-115426
908,-116352
909,-118552
909,-117860
909,-117202
909,-119408
909,-119432
909,-119618
909,-117544
909,-119392
909,-119002
909,-118744
909,-119208
909,-119168
909,-120960
909,-120890
909,-121484
909,-121154
910,-119782
910,-120260
910,-121434
910,-121266
910,-120832
910,-121358
910,-123596
910,-120762
910,-118348
910,-119902
910,-119608
910,-120268
910,-121146
910,-120652
910,-119792
910,-121118
911,-120176
911,-119584
911,-120398
911,-120676
911,-121894
911,-120784
911,-119702
911,-121356
911,-122066
911,-121174
911,-122492
911,-123626
911,-122710
911,-124484
911,-123716
911,-122710
912,-123542
912,-125140
912,-125276
912,-124728
912,-125560
912,-124218
912,-123816
912,-123882
912,-125150
912,-125452
912,-126576
912,-126206
912,-125398
912,-123958
912,-125298
912,-124136
913,-126190
913,-125548
913,-123934
913,-124196
913,-123146
913,-122812
913,-121744
913,-122732
913,-121832
913,-121980
913,-125316
913,-125378
913,-125916
913,-126642
913,-126380
913,-125890
914,-124770
914,-125584
914,-123386
914,-124684
914,-123894
914,-126584
914,-126638
914,-126768
914,-128142
914,-126392
914,-126648
914,-126002
914,-127320
914,-128216
914,-127342
914,-126996
915,-126650
915,-125988
915,-125816
915,-126524
915,-127318
915,-127740
915,-129862
915,-128278
915,-128056
915,-128438
915,-128046
915,-127496
915,-126736
915,-127532
915,-126320
915,-126636
916,-127302
916,-129408
916,-129952
916,-130096
916,-129804
916,-130760
916,-129444
916,-131398
916,-133278
916,-134820
916,-135548
916,-134666
916,-133806
916,-134572
916,-134936
916,-135466
917,-134596
917,-135306
917,-134930
917,-135078
917,-135330
917,-135120
917,-133264
917,-132598
917,-133066
917,-131420
917,-133396
917,-133476
917,-132988
917,-132518
917,-131240
917,-131580
918,-131658
918,-132208
918,-131410
918,-132054
918,-134704
918,-134914
918,-132274
918,-133360
918,-133346
918,-132040
918,-132812
918,-133190
918,-133594
918,-132516
918,-136108
918,-133926
919,-134168
919,-135240
919,-134144
919,-135702
919,-135852
919,-134064
919,-133512
919,-134066
919,-133682
919,-134668
919,-135834
919,-135116
919,-135084
919,-134042
919,-134886
919,-133422
920,-134384
920,-136928
920,-134556
920,-136172
920,-133506
920,-134810
920,-133026
920,-133738
920,-135328
920,-133306
920,-134822
920,-136428
920,-135400
920,-135590
920,-135800
920,-134580
921,-134760
921,-135700
921,-138520
921,-136344
921,-137776
921,-136032
921,-136158
921,-135600
921,-136638
921,-138516
921,-138234
921,-138606
921,-139376
921,-138278
921,-139214
921,-137908
922,-138134
922,-137524
922,-138158
922,-136954
922,-138878
922,-139440
922,-138530
922,-140290
922,-139830
922,-141176
922,-141694
922,-140960
922,-140608
922,-141004
922,-140222
922,-143418
923,-142038
923,-142210
923,-142532
923,-142242
923,-144400
923,-145654
923,-143810
923,-144038
923,-144902
923,-146986
923,-145756
923,-146366
923,-146974
923,-147876
923,-145490
923,-145628
924,-148104
924,-146340
924,-148762
924,-147576
924,-148200
924,-147764
924,-148456
924,-148588
924,-150744
924,-149896
924,-151352
924,-150500
924,-151562
924,-152212
924,-152000
924,-152760
925,-152320
925,-153998
925,-153252
925,-155840
925,-155490
925,-155260
925,-154904
925,-154368
925,-155934
925,-155296
925,-153516
925,-155092
925,-155054
925,-155678
925,-155792
925,-156068
926,-157308
926,-156458
926,-158570
926,-157614
926,-158680
926,-158688
926,-158652
926,-159684
926,-157780
926,-158588
926,-159072
926,-158764
926,-160810
926,-159036
926,-159950
926,-160888
927,-161656
927,-161588
927,-161056
927,-161756
927,-161908
927,-160942
927,-160658
927,-160096
927,-161894
927,-162984
927,-163060
927,-163034
927,-164116
927,-163128
927,-163624
927,-164298
928,-164870
928,-165712
928,-167298
928,-164924
928,-168036
928,-166954
928,-166136
928,-166790
928,-167314
928,-168490
928,-167260
928,-167642
928,-167980
928,-166872
928,-166054
928,-166336
929,-168270
929,-166950
929,-167508
929,-168016
929,-166834
929,-167510
929,-167460
929,-168990
929,-169180
929,-168744
929,-168470
929,-171938
929,-170356
929,-170392
929,-170828
929,-170060
930,-171082
930,-172090
930,-172278
930,-172590
930,-173116
930,-173096
930,-173120
930,-171516
930,-172200
930,-172514
930,-174538
930,-173934
930,-173218
930,-173772
930,-173092
930,-174390
931,-175138
931,-175918
931,-175672
931,-176858
931,-176070
931,-176996
931,-177428
931,-176922
931,-177298
931,-178906
931,-179788
931,-180094
931,-179786
931,-180772
931,-179964
931,-179236
932,-178484
932,-180266
932,-180120
932,-181356
932,-180224
932,-180436
932,-183258
932,-184904
932,-184496
932,-184010
932,-184468
932,-185662
932,-185246
932,-186650
932,-185948
932,-185772
933,-188128
933,-189980
933,-189412
933,-188660
933,-189198
933,-188284
933,-190736
933,-188948
933,-189640
933,-190708
933,-190026
933,-191664
933,-190980
933,-191416
933,-191548
933,-191932
934,-192920
934,-192082
934,-190464
934,-192598
934,-192622
934,-192572
934,-193928
934,-194798
934,-193560
934,-193112
934,-193994
934,-194042
934,-196588
934,-194412
934,-196188
934,-196308
935,-196122
935,-196652
935,-196638
935,-197082
935,-197280
935,-197890
935,-198332
935,-200134
935,-199498
935,-199534
935,-199696
935,-200420
935,-201480
935,-202804
935,-201512
935,-200278
936,-200706
936,-202422
936,-202164
936,-201694
936,-200950
936,-201332
936,-202842
936,-202736
936,-204302
936,-202060
936,-202114
936,-202212
936,-202320
936,-201020
936,-202502
936,-202830
937,-201690
937,-202446
937,-203900
937,-203584
937,-203816
937,-203738
937,-205744
937,-206470
937,-205078
937,-203498
937,-204548
937,-205390
937,-207390
937,-207522
937,-208354
937,-207634
938,-208568
938,-209258
938,-210444
938,-211036
938,-211468
938,-211444
938,-211268
938,-211028
938,-211016
938,-210954
938,-210624
938,-212078
938,-212414
938,-210708
938,-210930
938,-210220
939,-212148
939,-212958
939,-210956
939,-212442
939,-210488
939,-210716
939,-210978
939,-211970
939,-211540
939,-211064
939,-210354
939,-211708
939,-211756
939,-213822
939,-215120
939,-214838
940,-212650
940,-213070
940,-214406
940,-214362
940,-215944
940,-216450
940,-215180
940,-215812
940,-215156
940,-215254
940,-214784
940,-217930
940,-216096
940,-219044
940,-216908
940,-217624
941,-218412
941,-218886
941,-220080
941,-219838
941,-220238
941,-219456
941,-221400
941,-223180
941,-221922
941,-223426
941,-222452
941,-223214
941,-221800
941,-222800
941,-221826
941,-222118
942,-223744
942,-223674
942,-223552
942,-223960
942,-221782
942,-222022
942,-222780
942,-222434
942,-221932
942,-222816
942,-222762
942,-223242
942,-222552
942,-223320
942,-222766
942,-226248
943,-225472
943,-225172
943,-223976
943,-226054
943,-227418
943,-228130
943,-228618
943,-228592
943,-229178
943,-229010
943,-228660
943,-231220
943,-230304
943,-228844
943,-228966
943,-229626
944,-231666
944,-231060
944,-232396
944,-232530
944,-233490
944,-234118
944,-232408
944,-233528
944,-235506
944,-235658
944,-236074
944,-235066
944,-234486
944,-235034
944,-234656
944,-235656
945,-235724
945,-235906
945,-235844
945,-237294
945,-236310
945,-236166
945,-237006
945,-235172
945,-236116
945,-234868
945,-234496
945,-234836
945,-236944
945,-237406
945,-236846
945,-237032
946,-237790
946,-236826
946,-237370
946,-238448
946,-240936
946,-241580
946,-239586
946,-238608
946,-239812
946,-240940
946,-240832
946,-240434
946,-241722
946,-241924
946,-240220
946,-241258
947,-240474
947,-240092
947,-240600
947,-241000
947,-240318
947,-240540
947,-239418
947,-240506
947,-239586
947,-240622
947,-240168
947,-239896
947,-240046
947,-240380
947,-240940
947,-240988
948,-241358
948,-240692
948,-240904
948,-241494
948,-239098
948,-240130
948,-239118
948,-241850
948,-242648
948,-241520
948,-242790
948,-241006
948,-241710
948,-243148
948,-243302
948,-242208
949,-242516
949,-240246
949,-243202
949,-243146
949,-241676
949,-241996
949,-242736
949,-244442
949,-243416
949,-243498
949,-243164
949,-243840
949,-244208
949,-244674
949,-242210
949,-243142
950,-242262
950,-241714
950,-241186
950,-242190
950,-242822
950,-242284
950,-240216
950,-243314
950,-242428
950,-239850
950,-239902
950,-241314
950,-240584
950,-240364
950,-240910
950,-240088
951,-240034
951,-241510
951,-243592
951,-243332
951,-243496
951,-242146
951,-241892
951,-243130
951,-242358
951,-241430
951,-241416
951,-243628
951,-242724
951,-241252
951,-241060
951,-240836
952,-241010
952,-241624
952,-241208
952,-241438
952,-241428
952,-240286
952,-238074
952,-239816
952,-238038
952,-236586
952,-239476
952,-239416
952,-238912
952,-240946
952,-240406
952,-237872
953,-238638
953,-240028
953,-239458
953,-238382
953,-241360
953,-239462
953,-239040
953,-241906
953,-242082
953,-242224
953,-241786
953,-240324
953,-241746
953,-240776
953,-240354
953,-241810
954,-243076
954,-241900
954,-241460
954,-240910
954,-240286
954,-238582
954,-237800
954,-237646
954,-238552
954,-239166
954,-237958
954,-237718
954,-237516
954,-236332
954,-237336
954,-237296
955,-237096
955,-237378
955,-236792
955,-235844
955,-236518
955,-235662
955,-236188
955,-236204
955,-236022
955,-236110
955,-237052
955,-237884
955,-238514
955,-239706
955,-239738
955,-239302
956,-239592
956,-240782
956,-241378
956,-241792
956,-240190
956,-241572
956,-242302
956,-242492
956,-242642
956,-243546
956,-243306
956,-242778
956,-242418
956,-242084
956,-241498
956,-241180
957,-241138
957,-241948
957,-240142
957,-239456
957,-239922
957,-240638
957,-241186
957,-239932
957,-240470
957,-238158
957,-238040
957,-238498
957,-236542
957,-237046
957,-236792
957,-235812
958,-236488
958,-237412
958,-237040
958,-236658
958,-236912
958,-236904
958,-237444
958,-238220
958,-238234
958,-239664
958,-239904
958,-238196
958,-238998
958,-238598
958,-238424
958,-237846
959,-237566
959,-238820
959,-240538
959,-240428
959,-240532
959,-239812
959,-239024
959,-237208
959,-235184
959,-233674
959,-234916
959,-235260
959,-234040
959,-234222
959,-233988
959,-234542
960,-233598
960,-234270
960,-234706
960,-233522
960,-233614
960,-235586
960,-236208
960,-233282
960,-234796
960,-234526
960,-233908
960,-235208
960,-236260
960,-235604
960,-234560
960,-234492
961,-234876
961,-233310
961,-233398
961,-232178
961,-233760
961,-234418
961,-235086
961,-235984
961,-235136
961,-233740
961,-233508
961,-234774
961,-235524
961,-235704
961,-234820
961,-234366
962,-233732
962,-235916
962,-236072
962,-235186
962,-234310
962,-233110
962,-234064
962,-234434
962,-234344
962,-233630
962,-233274
962,-233026
962,-230598
962,-229346
962,-230776
962,-231532
963,-232282
963,-231190
963,-232676
963,-232666
963,-232494
963,-231086
963,-233130
963,-232618
963,-233044
963,-232252
963,-230470
963,-232954
963,-234028
963,-232678
963,-232982
963,-232598
964,-234120
964,-234068
964,-233660
964,-233534
964,-234506
964,-234866
964,-232474
964,-233242
964,-230974
964,-230130
964,-230726
964,-231412
964,-231298
964,-231084
964,-231086
964,-229096
965,-230268
965,-230220
965,-230858
965,-229200
965,-229074
965,-230332
965,-227982
965,-227538
965,-227928
965,-226582
965,-227544
965,-226994
965,-228164
965,-226846
965,-227626
965,-227170
966,-227020
966,-226566
966,-226734
966,-227508
966,-225096
966,-226222
966,-225824
966,-224906
966,-224998
966,-224994
966,-227120
966,-226824
966,-227436
966,-227230
966,-228262
966,-226944
967,-228368
967,-228562
967,-229214
967,-228798
967,-228236
967,-229988
967,-228804
967,-227382
967,-226878
967,-227398
967,-227750
967,-228238
967,-226672
967,-225902
967,-226940
967,-226442
968,-223202
968,-222732
968,-225112
968,-226146
968,-223088
968,-224986
968,-222758
968,-223218
968,-223868
968,-222354
968,-223336
968,-222426
968,-222670
968,-221936
968,-220378
968,-222094
969,-221786
969,-222900
969,-222136
969,-221128
969,-221810
969,-220814
969,-221356
969,-221968
969,-222824
969,-221336
969,-220086
969,-218682
969,-218404
969,-217280
969,-217938
969,-218196
970,-218850
970,-215186
970,-215516
970,-214272
970,-215522
970,-215874
970,-213910
970,-213306
970,-211832
970,-212780
970,-212350
970,-211230
970,-211588
970,-210224
970,-210264
970,-208816
971,-210158
971,-210050
971,-208230
971,-209498
971,-210710
971,-211534
971,-209874
971,-209974
971,-209072
971,-210158
971,-210378
971,-210896
971,-208784
971,-206824
971,-207904
971,-209122
972,-210692
972,-210198
972,-208966
972,-210578
972,-208748
972,-209824
972,-212000
972,-209540
972,-209940
972,-208438
972,-208286
972,-207918
972,-208138
972,-207560
972,-208734
972,-208682
973,-209088
973,-210024
973,-209058
973,-209272
973,-207116
973,-206788
973,-209418
973,-209266
973,-208340
973,-209468
973,-208472
973,-208656
973,-207618
973,-206862
973,-208024
973,-206206
974,-206954
974,-207026
974,-207418
974,-207560
974,-204756
974,-206404
974,-205228
974,-206494
974,-207124
974,-206714
974,-206896
974,-206590
974,-205710
974,-205468
974,-203696
974,-206552
975,-205992
975,-206354
975,-203626
975,-204428
975,-203654
975,-202194
975,-204212
975,-203266
975,-203190
975,-202798
975,-201636
975,-201620
975,-202598
975,-202398
975,-202142
975,-202638
976,-203222
976,-203458
976,-205136
976,-205650
976,-206166
976,-206612
976,-207518
976,-207372
976,-206260
976,-208432
976,-206912
976,-208252
976,-209736
976,-208814
976,-208270
976,-206892
977,-207412
977,-206252
977,-209018
977,-208212
977,-208970
977,-208048
977,-206194
977,-207222
977,-208788
977,-209378
977,-207824
977,-208346
977,-206684
977,-205956
977,-206996
977,-207436
978,-207148
978,-206168
978,-208026
978,-206700
978,-205566
978,-206224
978,-206314
978,-207146
978,-205738
978,-207426
978,-206556
978,-206432
978,-204442
978,-205326
978,-205584
978,-205702
979,-204670
979,-205750
979,-204236
979,-204656
979,-206576
979,-208728
979,-208168
979,-208106
979,-209084
979,-207892
979,-209578
979,-210524
979,-208622
979,-207684
979,-207622
979,-206932
980,-206278
980,-205638
980,-208414
980,-208448
980,-207542
980,-207430
980,-206352
980,-205130
980,-207622
980,-206156
980,-204272
980,-206718
980,-205952
980,-206330
980,-205776
980,-205744
981,-206460
981,-206682
981,-204846
981,-204490
981,-206158
981,-205802
981,-204996
981,-206674
981,-206818
981,-206590
981,-206840
981,-206808
981,-204796
981,-205314
981,-206598
981,-208138
982,-208522
982,-208000
982,-206636
982,-208038
982,-209824
982,-210872
982,-210690
982,-209928
982,-210440
982,-210172
982,-209774
982,-209462
982,-211756
982,-210944
982,-210944
982,-210146
983,-211024
983,-209160
983,-209566
983,-208974
983,-209798
983,-212232
983,-210666
983,-210010
983,-208998
983,-211118
983,-209848
983,-210046
983,-209818
983,-209152
983,-210212
983,-208348
984,-210426
984,-208034
984,-209016
984,-210960
984,-209152
984,-209386
984,-210076
984,-210824
984,-210880
984,-210958
984,-212464
984,-210452
984,-210584
984,-211700
984,-210570
984,-211792
985,-210656
985,-210288
985,-211646
985,-210246
985,-210226
985,-210978
985,-210402
985,-212216
985,-212352
985,-211246
985,-210104
985,-209054
985,-210200
985,-208776
985,-208306
985,-206586
986,-207560
986,-207402
986,-208836
986,-207766
986,-206782
986,-207050
986,-206406
986,-206064
986,-206532
986,-208148
986,-205022
986,-204830
986,-205722
986,-205168
986,-205652
986,-204912
987,-205184
987,-204030
987,-207154
987,-206688
987,-203538
987,-203384
987,-203768
987,-203622
987,-202598
987,-202014
987,-202692
987,-202254
987,-202668
987,-202498
987,-199662
987,-199700
988,-198874
988,-198840
988,-200162
988,-198518
988,-198602
988,-198338
988,-198138
988,-198542
988,-197740
988,-197448
988,-197918
988,-197400
988,-198972
988,-197212
988,-197458
988,-198158
989,-197128
989,-195050
989,-196616
989,-197786
989,-197006
989,-195140
989,-195768
989,-195154
989,-196600
989,-196552
989,-197010
989,-195410
989,-194264
989,-194300
989,-194686
989,-193014
990,-194382
990,-194142
990,-191880
990,-194098
990,-193708
990,-194214
990,-195670
990,-195484
990,-195008
990,-191770
990,-191026
990,-190002
990,-189780
990,-188366
990,-187668
990,-186996
991,-187598
991,-187874
991,-187234
991,-188908
991,-187910
991,-188942
991,-188834
991,-188906
991,-189122
991,-186706
991,-189292
991,-189880
991,-189086
991,-190394
991,-189862
991,-191182
992,-191552
992,-191726
992,-192594
992,-191498
992,-191896
992,-190976
992,-192754
992,-191642
992,-192976
992,-192542
992,-191628
992,-192004
992,-191980
992,-192598
992,-192720
992,-192756
993,-191070
993,-190230
993,-189518
993,-189664
993,-189974
993,-188250
993,-187470
993,-188904
993,-187438
993,-189420
993,-187584
993,-189022
993,-186656
993,-187314
993,-188108
993,-186618
994,-188868
994,-189062
994,-186958
994,-188402
994,-188558
994,-186098
994,-186508
994,-185860
994,-185970
994,-185504
994,-186120
994,-185220
994,-186006
994,-185856
994,-186374
994,-184822
995,-184530
995,-186776
995,-184204
995,-185304
995,-186336
995,-185108
995,-186270
995,-186220
995,-186000
995,-184150
995,-186012
995,-182916
995,-182778
995,-182116
995,-183224
995,-182224
996,-184738
996,-183024
996,-181180
996,-181034
996,-180378
996,-182034
996,-181758
996,-183432
996,-180390
996,-181520
996,-183996
996,-182672
996,-183068
996,-181946
996,-182566
996,-182956
997,-181522
997,-182914
997,-183472
997,-182650
997,-185394
997,-182230
997,-179430
997,-179212
997,-178480
997,-180874
997,-178802
997,-178804
997,-178122
997,-179504
997,-178024
997,-176340
998,-174598
998,-174558
998,-175298
998,-174614
998,-175946
998,-174006
998,-173210
998,-173102
998,-176280
998,-175196
998,-173198
998,-173590
998,-171002
998,-169754
998,-170876
998,-167780
999,-169742
999,-171106
999,-168324
999,-168168
999,-168748
999,-172194
999,-170360
999,-171948
999,-171576
999,-169734
999,-170864
999,-170942
999,-170956
999,-169832
999,-170034
999,-170858
1000,-171600
1000,-170112
1000,-170530
1000,-170616
1000,-170212
1000,-168906
1000,-169036
1000,-167606
1000,-166078
1000,-166730
1000,-166392
1000,-167306
1000,-166978
1000,-164838
1000,-165022
1000,-166430
1001,-166304
1001,-164572
1001,-165644
1001,-163494
1001,-164536
1001,-163228
1001,-165972
1001,-164748
1001,-166378
1001,-168368
1001,-165836
1001,-169800
1001,-168966
1001,-169796
1001,-170356
1001,-170872
1002,-170460
1002,-169702
1002,-169168
1002,-170456
1002,-171156
1002,-171700
1002,-171262
1002,-171592
1002,-171248
1002,-170432
1002,-168882
1002,-169682
1002,-169546
1002,-168194
1002,-168170
1002,-167460
1003,-166592
1003,-167182
1003,-166456
1003,-168478
1003,-168682
1003,-170700
1003,-171036
1003,-169260
1003,-170016
1003,-171468
1003,-170556
1003,-172146
1003,-170556
1003,-171116
1003,-169502
1003,-168090
1004,-168022
1004,-167844
1004,-169890
1004,-169638
1004,-170640
1004,-168644
1004,-168102
1004,-167418
1004,-168400
1004,-169256
1004,-170132
1004,-169822
1004,-169732
1004,-168928
1004,-167310
1004,-168426
1005,-170882
1005,-171014
1005,-171142
1005,-169484
1005,-168826
1005,-170762
1005,-170074
1005,-168854
1005,-168222
1005,-167986
1005,-167310
1005,-165748
1005,-168160
1005,-167542
1005,-166114
1005,-169136
1006,-168580
1006,-166170
1006,-166654
1006,-168066
1006,-166044
1006,-165168
1006,-167224
1006,-167428
1006,-167106
1006,-165394
1006,-167380
1006,-167406
1006,-168454
1006,-170286
1006,-169332
1006,-169994
1007,-167570
1007,-168774
1007,-168446
1007,-167320
1007,-167120
1007,-165786
1007,-164280
1007,-164370
1007,-164242
1007,-164312
1007,-165686
1007,-166086
1007,-165602
1007,-165336
1007,-164492
1007,-163158
1008,-163876
1008,-164816
1008,-161552
1008,-162832
1008,-162424
1008,-162834
1008,-164026
1008,-165218
1008,-165780
1008,-165294
1008,-162690
1008,-164370
1008,-164586
1008,-165532
1008,-165408
1008,-166758
1009,-164772
1009,-165362
1009,-165370
1009,-165666
1009,-167108
1009,-167622
1009,-168830
1009,-169410
1009,-167420
1009,-168402
1009,-166822
1009,-168566
1009,-168300
1009,-167694
1009,-168418
1009,-166280
1010,-166340
1010,-167898
1010,-168302
1010,-168126
1010,-168406
1010,-168434
1010,-167244
1010,-167688
1010,-168686
1010,-169196
1010,-167830
1010,-167806
1010,-168426
1010,-167390
1010,-167914
1010,-170072
1011,-170058
1011,-169864
1011,-168734
1011,-168420
1011,-168896
1011,-169056
1011,-168862
1011,-167774
1011,-168496
1011,-168578
1011,-168508
1011,-170314
1011,-168548
1011,-168286
1011,-170550
1011,-171002
1012,-171540
1012,-169188
1012,-171080
1012,-170706
1012,-169276
1012,-168326
1012,-168342
1012,-168012
1012,-168892
1012,-168388
1012,-170434
1012,-173118
1012,-174480
1012,-172690
1012,-175920
1012,-175004
1013,-174142
1013,-176962
1013,-172896
1013,-175036
1013,-174314
1013,-175070
1013,-176440
1013,-176102
1013,-175936
1013,-175162
1013,-176888
1013,-176938
1013,-179470
1013,-178982
1013,-178184
1013,-177518
1014,-178272
1014,-177090
1014,-176346
1014,-175884
1014,-177484
1014,-177046
1014,-176546
1014,-175866
1014,-176584
1014,-177882
1014,-176870
1014,-178176
1014,-178180
1014,-175894
1014,-177606
1014,-176588
1015,-175800
1015,-174730
1015,-176270
1015,-177708
1015,-176014
1015,-178994
1015,-178490
1015,-178548
1015,-179704
1015,-180008
1015,-177704
1015,-178696
1015,-179342
1015,-179080
1015,-178190
1015,-177114
1016,-177214
1016,-177352
1016,-178156
1016,-179284
1016,-179488
1016,-178586
1016,-179638
1016,-178086
1016,-178232
1016,-175808
1016,-176042
1016,-179072
1016,-178444
1016,-179314
1016,-179582
1016,-179866
1017,-180128
1017,-179650
1017,-181362
1017,-181982
1017,-181432
1017,-182178
1017,-183874
1017,-183830
1017,-184922
1017,-184050
1017,-183676
1017,-183558
1017,-182656
1017,-182764
1017,-182316
1017,-181716
1018,-181422
1018,-180172
1018,-183676
1018,-181908
1018,-181476
1018,-181692
1018,-180314
1018,-180460
1018,-182862
1018,-185220
1018,-184056
1018,-184330
1018,-184870
1018,-184722
1018,-183952
1018,-184756
1019,-182610
1019,-183860
1019,-184540
1019,-181856
1019,-183646
1019,-186214
1019,-185354
1019,-184512
1019,-184344
1019,-185832
1019,-187618
1019,-186830
1019,-187328
1019,-188642
1019,-186900
1019,-187934
1020,-187190
1020,-186462
1020,-189896
1020,-189656
1020,-188972
1020,-189622
1020,-189614
1020,-189670
1020,-190660
1020,-189702
1020,-188182
1020,-189252
1020,-189002
1020,-190032
1020,-191462
1020,-190734
1021,-190958
1021,-191534
1021,-192364
1021,-192614
1021,-191834
1021,-192580
1021,-193464
1021,-193174
1021,-193868
1021,-194642
1021,-193606
1021,-194896
1021,-195544
1021,-195606
1021,-194966
1021,-195836
1022,-195558
1022,-196690
1022,-195054
1022,-195132
1022,-196246
1022,-195674
1022,-197080
1022,-196686
1022,-197406
1022,-196836
1022,-196778
1022,-198774
1022,-198408
1022,-200598
1022,-199758
1022,-198958
1023,-200462
1023,-200730
1023,-200870
1023,-200206
1023,-200866
1023,-200750
1023,-202272
1023,-199924
1023,-200368
1023,-202376
1023,-201880
1023,-202012
1023,-203712
1023,-201824
1023,-200070
1023,-200062
RAW_SUMMARY id=8 captured=16384 odd_lsb=0
