# run: drift5a_D_16k_noalign_1
# firmware: role=drifttest git=throwaway version=sketch board=damp (source: drifttest-sketch/)
# started: 2026-10-09T18:07:58+02:00
RAW_BEGIN id=7 sr=16000 rate=16000 align=0 dmacount=3 dmalen=128 label=D_16k_noalign_1
ms,pcm
0,-160378
0,-162250
0,-162850
0,-160078
0,-163926
0,-165028
0,-162328
0,-163544
0,-165738
0,-164870
0,-164392
0,-163378
0,-165214
0,-162378
0,-162726
0,-165642
1,-165562
1,-163586
1,-163358
1,-163014
1,-164474
1,-164512
1,-166786
1,-165138
1,-163238
1,-162348
1,-162680
1,-164734
1,-163130
1,-162782
1,-164080
1,-164696
2,-164622
2,-166934
2,-170204
2,-165234
2,-164062
2,-167718
2,-165526
2,-163922
2,-164772
2,-165056
2,-165584
2,-163060
2,-163290
2,-164278
2,-166176
2,-167246
3,-164114
3,-163934
3,-165964
3,-166122
3,-163418
3,-163898
3,-167634
3,-165710
3,-166194
3,-166616
3,-165400
3,-164528
3,-164710
3,-166960
3,-169690
3,-166896
4,-168796
4,-168606
4,-166138
4,-167452
4,-167738
4,-164128
4,-165726
4,-166978
4,-163994
4,-165354
4,-164328
4,-164254
4,-164594
4,-166146
4,-165588
4,-165324
5,-164228
5,-167170
5,-166246
5,-165844
5,-164460
5,-166238
5,-164876
5,-161282
5,-161132
5,-162702
5,-161010
5,-163566
5,-164026
5,-162856
5,-160134
5,-161170
6,-166060
6,-161088
6,-160588
6,-161552
6,-163884
6,-162330
6,-160196
6,-161312
6,-160956
6,-161434
6,-160488
6,-160792
6,-162100
6,-160156
6,-162076
6,-162804
7,-160212
7,-163702
7,-163986
7,-162070
7,-160834
7,-163038
7,-160384
7,-156298
7,-156908
7,-156258
7,-156728
7,-158008
7,-158512
7,-157606
7,-159874
7,-159038
8,-159898
8,-159570
8,-158340
8,-159912
8,-160404
8,-160376
8,-158368
8,-160650
8,-160062
8,-158844
8,-159708
8,-160098
8,-159800
8,-157950
8,-156704
8,-158216
9,-159770
9,-160956
9,-160820
9,-163396
9,-160982
9,-161084
9,-160768
9,-158974
9,-160988
9,-158898
9,-160654
9,-161076
9,-161248
9,-161300
9,-160556
9,-158458
10,-158562
10,-159622
10,-158426
10,-160260
10,-162290
10,-162068
10,-161864
10,-159246
10,-161116
10,-161038
10,-160476
10,-159540
10,-158338
10,-161900
10,-160206
10,-160122
11,-161294
11,-159896
11,-160412
11,-158498
11,-157862
11,-158998
11,-159960
11,-161980
11,-160542
11,-161986
11,-160614
11,-160624
11,-162430
11,-161164
11,-161022
11,-160904
12,-162590
12,-158998
12,-159440
12,-161664
12,-160592
12,-161242
12,-162400
12,-162780
12,-159622
12,-162186
12,-165020
12,-162820
12,-162480
12,-162044
12,-160562
12,-160506
13,-162004
13,-160316
13,-159830
13,-162148
13,-159906
13,-159260
13,-162130
13,-163742
13,-163686
13,-163990
13,-161178
13,-160486
13,-160556
13,-159542
13,-159544
13,-159618
14,-161940
14,-163546
14,-162006
14,-159530
14,-159000
14,-159782
14,-163756
14,-163880
14,-163694
14,-163164
14,-161778
14,-160944
14,-160394
14,-162994
14,-159182
14,-159036
15,-163338
15,-162662
15,-160260
15,-161060
15,-159684
15,-160644
15,-159740
15,-155858
15,-158570
15,-160098
15,-158612
15,-155416
15,-156768
15,-159304
15,-159936
15,-158256
16,-158744
16,-159836
16,-156370
16,-156348
16,-157178
16,-157080
16,-159184
16,-155502
16,-157454
16,-156156
16,-156468
16,-155036
16,-154678
16,-155040
16,-154344
16,-156352
17,-156396
17,-154442
17,-152938
17,-154240
17,-152788
17,-151608
17,-152912
17,-153812
17,-154078
17,-153450
17,-154142
17,-153482
17,-153366
17,-155180
17,-154572
17,-152384
18,-153896
18,-152934
18,-152472
18,-153630
18,-152846
18,-151200
18,-151832
18,-154370
18,-152898
18,-153942
18,-154466
18,-152176
18,-153980
18,-153806
18,-156446
18,-154606
19,-155054
19,-154988
19,-154894
19,-155350
19,-153428
19,-152326
19,-154566
19,-156228
19,-155078
19,-158112
19,-155812
19,-153288
19,-154788
19,-152170
19,-151662
19,-153484
20,-151910
20,-152728
20,-154250
20,-153914
20,-154846
20,-154992
20,-154914
20,-154908
20,-156018
20,-155388
20,-156172
20,-156092
20,-155868
20,-154638
20,-154198
20,-153310
21,-152548
21,-153580
21,-155716
21,-154450
21,-156126
21,-154830
21,-153410
21,-156564
21,-153964
21,-154572
21,-155072
21,-152944
21,-155740
21,-155682
21,-155090
21,-154124
22,-156920
22,-151820
22,-153682
22,-157990
22,-159372
22,-157222
22,-154834
22,-157014
22,-156702
22,-156060
22,-154026
22,-154304
22,-158222
22,-159012
22,-157154
22,-155220
23,-154956
23,-157168
23,-156738
23,-155506
23,-157424
23,-160438
23,-158340
23,-157218
23,-157448
23,-157630
23,-158816
23,-160200
23,-158018
23,-159082
23,-161020
23,-160852
24,-157738
24,-160026
24,-160868
24,-160640
24,-161044
24,-158846
24,-159652
24,-162690
24,-162434
24,-161274
24,-160922
24,-163528
24,-160850
24,-162912
24,-163662
24,-160920
25,-161824
25,-162150
25,-162512
25,-162328
25,-161278
25,-163428
25,-161358
25,-160670
25,-160908
25,-161940
25,-164022
25,-162252
25,-162770
25,-162940
25,-164002
25,-161638
26,-161376
26,-162124
26,-158896
26,-160746
26,-161046
26,-159966
26,-160140
26,-161598
26,-160450
26,-159828
26,-161022
26,-163420
26,-160964
26,-160568
26,-157552
26,-154992
27,-158118
27,-159894
27,-159874
27,-159800
27,-160458
27,-160312
27,-160124
27,-158910
27,-158854
27,-161204
27,-159080
27,-157694
27,-160974
27,-159924
27,-159736
27,-157838
28,-158662
28,-157162
28,-154564
28,-158216
28,-156524
28,-157516
28,-161070
28,-159242
28,-161378
28,-161824
28,-158906
28,-157472
28,-157092
28,-163650
28,-162594
28,-159630
29,-159250
29,-158372
29,-159846
29,-157198
29,-161564
29,-161588
29,-163234
29,-162964
29,-159292
29,-159080
29,-161046
29,-163436
29,-161998
29,-159288
29,-163946
29,-159532
30,-159636
30,-158670
30,-158632
30,-161756
30,-159054
30,-159228
30,-160038
30,-158104
30,-158068
30,-157978
30,-156416
30,-159320
30,-157360
30,-155456
30,-159374
30,-157222
31,-156194
31,-157982
31,-160002
31,-154940
31,-155200
31,-156268
31,-154242
31,-155646
31,-159886
31,-155668
31,-155662
31,-154882
31,-157492
31,-157038
31,-155916
31,-159140
32,-157612
32,-156772
32,-159776
32,-158014
32,-157552
32,-156482
32,-156984
32,-154632
32,-153930
32,-158238
32,-158224
32,-156342
32,-156832
32,-155924
32,-155170
32,-155668
33,-154068
33,-155164
33,-155890
33,-153544
33,-155174
33,-156122
33,-155370
33,-155192
33,-155280
33,-154650
33,-151444
33,-154906
33,-156658
33,-152828
33,-157470
33,-153634
34,-152288
34,-152956
34,-151040
34,-151266
34,-153640
34,-153064
34,-154416
34,-153088
34,-155322
34,-153574
34,-151830
34,-152972
34,-151868
34,-148180
34,-154838
34,-154282
35,-152196
35,-152618
35,-149158
35,-151926
35,-151478
35,-151340
35,-150168
35,-150676
35,-154604
35,-151880
35,-148486
35,-150180
35,-150370
35,-149444
35,-149112
35,-148868
36,-150036
36,-149932
36,-150324
36,-148884
36,-152104
36,-152388
36,-150834
36,-150440
36,-147996
36,-144866
36,-147676
36,-151294
36,-149906
36,-149596
36,-148698
36,-147290
37,-147018
37,-148960
37,-147546
37,-147702
37,-149262
37,-149716
37,-147516
37,-148236
37,-149170
37,-148174
37,-148504
37,-149446
37,-149784
37,-149000
37,-148844
37,-149682
38,-147864
38,-151170
38,-152148
38,-150816
38,-153320
38,-153346
38,-152006
38,-150754
38,-151394
38,-150308
38,-149148
38,-149968
38,-149916
38,-152798
38,-152106
38,-150456
39,-149088
39,-150678
39,-148724
39,-152194
39,-153046
39,-149270
39,-152882
39,-152100
39,-150546
39,-150588
39,-150152
39,-149420
39,-147782
39,-149412
39,-147704
39,-147094
40,-147922
40,-149988
40,-149044
40,-148848
40,-147672
40,-148874
40,-149464
40,-150338
40,-150330
40,-149656
40,-151316
40,-150576
40,-147438
40,-149094
40,-149268
40,-149666
41,-150526
41,-148880
41,-149686
41,-149730
41,-148502
41,-146498
41,-148478
41,-148544
41,-146256
41,-147274
41,-146710
41,-147428
41,-147782
41,-149172
41,-152328
41,-147712
42,-150722
42,-148774
42,-146200
42,-147582
42,-146858
42,-147584
42,-145062
42,-146374
42,-148714
42,-147904
42,-145536
42,-146882
42,-147650
42,-146824
42,-144872
42,-143044
43,-144878
43,-147292
43,-147112
43,-147734
43,-146466
43,-145710
43,-147112
43,-144926
43,-142534
43,-144392
43,-146604
43,-147022
43,-147688
43,-146808
43,-145868
43,-147732
44,-144912
44,-144424
44,-145382
44,-145028
44,-147188
44,-145796
44,-146500
44,-148842
44,-142326
44,-142800
44,-146012
44,-148844
44,-146176
44,-146370
44,-147562
44,-145746
45,-145292
45,-144798
45,-146216
45,-148086
45,-147936
45,-149434
45,-148638
45,-147400
45,-147518
45,-150304
45,-148206
45,-146684
45,-146190
45,-147812
45,-148076
45,-148780
46,-145860
46,-149476
46,-150852
46,-148500
46,-148714
46,-149662
46,-150946
46,-150852
46,-151802
46,-149648
46,-150444
46,-150802
46,-147408
46,-146274
46,-147778
46,-148978
47,-147112
47,-149168
47,-147760
47,-148258
47,-152452
47,-150750
47,-149900
47,-151970
47,-154148
47,-153512
47,-152060
47,-151736
47,-152224
47,-150500
47,-149130
47,-150588
48,-153966
48,-153234
48,-154668
48,-155082
48,-154424
48,-152202
48,-152092
48,-151054
48,-154520
48,-154512
48,-155208
48,-156396
48,-155318
48,-155538
48,-157264
48,-156514
49,-155912
49,-155000
49,-158402
49,-160122
49,-158252
49,-156996
49,-156570
49,-159560
49,-158160
49,-155040
49,-156386
49,-156640
49,-158902
49,-157636
49,-159222
49,-157764
50,-155362
50,-155298
50,-153424
50,-155824
50,-157020
50,-155738
50,-156880
50,-156120
50,-156640
50,-158034
50,-154918
50,-155856
50,-156924
50,-156574
50,-157068
50,-155316
51,-155958
51,-154916
51,-155442
51,-155628
51,-155326
51,-154036
51,-153178
51,-152748
51,-153228
51,-154518
51,-153596
51,-153398
51,-155758
51,-154094
51,-153816
51,-155810
52,-153394
52,-151768
52,-150776
52,-152310
52,-150844
52,-150210
52,-152150
52,-152168
52,-150284
52,-151006
52,-151460
52,-151374
52,-152686
52,-151528
52,-149458
52,-150858
53,-152436
53,-150912
53,-150146
53,-149710
53,-147544
53,-147730
53,-148294
53,-148664
53,-149582
53,-149608
53,-151122
53,-150420
53,-148582
53,-149468
53,-150152
53,-149276
54,-149256
54,-150314
54,-146906
54,-150292
54,-147822
54,-147970
54,-147876
54,-147526
54,-146558
54,-146552
54,-146548
54,-148982
54,-149680
54,-150170
54,-149238
54,-149414
55,-148482
55,-149134
55,-150238
55,-149896
55,-149482
55,-150422
55,-147244
55,-143334
55,-145822
55,-145160
55,-147024
55,-147072
55,-147770
55,-145158
55,-145022
55,-145432
56,-145736
56,-145500
56,-147038
56,-147362
56,-148730
56,-149496
56,-146402
56,-146146
56,-147210
56,-145248
56,-143058
56,-144406
56,-145420
56,-145088
56,-148924
56,-147476
57,-144078
57,-145856
57,-144696
57,-146758
57,-148384
57,-148406
57,-147502
57,-144866
57,-142698
57,-143524
57,-144016
57,-144506
57,-142526
57,-145828
57,-146758
57,-143624
58,-141786
58,-144412
58,-144340
58,-143726
58,-144042
58,-145120
58,-142198
58,-143350
58,-145160
58,-143194
58,-142192
58,-142020
58,-142296
58,-142428
58,-143028
58,-140780
59,-142558
59,-143580
59,-144746
59,-143530
59,-144800
59,-143288
59,-144792
59,-144618
59,-145266
59,-145470
59,-143752
59,-143596
59,-140578
59,-145356
59,-142780
59,-139782
60,-141058
60,-141722
60,-141714
60,-140694
60,-141408
60,-140444
60,-140390
60,-141792
60,-140862
60,-140936
60,-139282
60,-137914
60,-137214
60,-138160
60,-136430
60,-136700
61,-138832
61,-137626
61,-137532
61,-138684
61,-138306
61,-137578
61,-136794
61,-139836
61,-137642
61,-136196
61,-138520
61,-136020
61,-134896
61,-137264
61,-137048
61,-133896
62,-132518
62,-133108
62,-131746
62,-130734
62,-130808
62,-131894
62,-130748
62,-129104
62,-132168
62,-132276
62,-130670
62,-131248
62,-128372
62,-128646
62,-127542
62,-127450
63,-128282
63,-124912
63,-126192
63,-123792
63,-124616
63,-126678
63,-127864
63,-127034
63,-127518
63,-127514
63,-125756
63,-127898
63,-126644
63,-125210
63,-125752
63,-124918
64,-127608
64,-125888
64,-125538
64,-126996
64,-124926
64,-126576
64,-127268
64,-124104
64,-126092
64,-127354
64,-127626
64,-126654
64,-125876
64,-127734
64,-126186
64,-124542
65,-124212
65,-125052
65,-124930
65,-124478
65,-125976
65,-123846
65,-123456
65,-122782
65,-124234
65,-122978
65,-123424
65,-124552
65,-126580
65,-123746
65,-122114
65,-124674
66,-124426
66,-126044
66,-125746
66,-122828
66,-122250
66,-124754
66,-122428
66,-122434
66,-124574
66,-124848
66,-126868
66,-124882
66,-124916
66,-124554
66,-125538
66,-125094
67,-126380
67,-125836
67,-120688
67,-123912
67,-123088
67,-122640
67,-123822
67,-125150
67,-124720
67,-124904
67,-125662
67,-124598
67,-124440
67,-124452
67,-124994
67,-123286
68,-125090
68,-125772
68,-125024
68,-124880
68,-125532
68,-124450
68,-125512
68,-126820
68,-124644
68,-125000
68,-126362
68,-125270
68,-127406
68,-127326
68,-127394
68,-128422
69,-128968
69,-129198
69,-129338
69,-130524
69,-129474
69,-129776
69,-130586
69,-134316
69,-132188
69,-130122
69,-129470
69,-130452
69,-129518
69,-128194
69,-128854
69,-128946
70,-131386
70,-133708
70,-133096
70,-131642
70,-130244
70,-129272
70,-130476
70,-129394
70,-132352
70,-132962
70,-129428
70,-129100
70,-127740
70,-126848
70,-129984
70,-131458
71,-128978
71,-127598
71,-131294
71,-131314
71,-131246
71,-130220
71,-130348
71,-131054
71,-128764
71,-129990
71,-129070
71,-126670
71,-124446
71,-127382
71,-133204
71,-130000
72,-129792
72,-131206
72,-129592
72,-126000
72,-128990
72,-130624
72,-128734
72,-129262
72,-132118
72,-129576
72,-127382
72,-128490
72,-127310
72,-127522
72,-129222
72,-130310
73,-130410
73,-128962
73,-127970
73,-125442
73,-127134
73,-130384
73,-131220
73,-131142
73,-129214
73,-130058
73,-130880
73,-128808
73,-127866
73,-130412
73,-131984
73,-129626
74,-129954
74,-130018
74,-128298
74,-128568
74,-127788
74,-129800
74,-131206
74,-131258
74,-131374
74,-130608
74,-131248
74,-131656
74,-129996
74,-130736
74,-131110
74,-128786
75,-129686
75,-129264
75,-128192
75,-127634
75,-130112
75,-130488
75,-129072
75,-129792
75,-131442
75,-130236
75,-129356
75,-130354
75,-132870
75,-129368
75,-127782
75,-131030
76,-131794
76,-132220
76,-129104
76,-130580
76,-129782
76,-128684
76,-128308
76,-130768
76,-129438
76,-130090
76,-128674
76,-129058
76,-128926
76,-131128
76,-127690
76,-129008
77,-131084
77,-128374
77,-129354
77,-129710
77,-129022
77,-127906
77,-130308
77,-129724
77,-128938
77,-130422
77,-127080
77,-126526
77,-127244
77,-130730
77,-127254
77,-127138
78,-130768
78,-130054
78,-129234
78,-130102
78,-127892
78,-127872
78,-129186
78,-129248
78,-129442
78,-129592
78,-128456
78,-131378
78,-130822
78,-131008
78,-131528
78,-129940
79,-131382
79,-130232
79,-134050
79,-132216
79,-131806
79,-130990
79,-130772
79,-131844
79,-132332
79,-130588
79,-130716
79,-130412
79,-128160
79,-129272
79,-128708
79,-129480
80,-131508
80,-131414
80,-131094
80,-129458
80,-128378
80,-128956
80,-127908
80,-128104
80,-129098
80,-128972
80,-128312
80,-127810
80,-127786
80,-127092
80,-127650
80,-131770
81,-129972
81,-127868
81,-129404
81,-127486
81,-125886
81,-127534
81,-128036
81,-125864
81,-125596
81,-127632
81,-125576
81,-123352
81,-125378
81,-125086
81,-126482
81,-129112
82,-128444
82,-127650
82,-128624
82,-126478
82,-124248
82,-125610
82,-123954
82,-129150
82,-125160
82,-125142
82,-127644
82,-122934
82,-121772
82,-122638
82,-122092
82,-123170
83,-124642
83,-127226
83,-125136
83,-122866
83,-125552
83,-126972
83,-123944
83,-124496
83,-125004
83,-123766
83,-123836
83,-125514
83,-126496
83,-127494
83,-128022
83,-126206
84,-124684
84,-124614
84,-123544
84,-126814
84,-125708
84,-124588
84,-127710
84,-125212
84,-124474
84,-126056
84,-127108
84,-127574
84,-127422
84,-125708
84,-129772
84,-127678
85,-127470
85,-131480
85,-130470
85,-127900
85,-128392
85,-129482
85,-129940
85,-129700
85,-130078
85,-130302
85,-129238
85,-129658
85,-130512
85,-131538
85,-131418
85,-134250
86,-133796
86,-133560
86,-130944
86,-128482
86,-130428
86,-132122
86,-132206
86,-132510
86,-131362
86,-131460
86,-132756
86,-132488
86,-135362
86,-133704
86,-131570
86,-135598
87,-133164
87,-133898
87,-135020
87,-134806
87,-134558
87,-133742
87,-135446
87,-134420
87,-135196
87,-136118
87,-137640
87,-134960
87,-133982
87,-134418
87,-136214
87,-138596
88,-135968
88,-136340
88,-138546
88,-139906
88,-139528
88,-138488
88,-137858
88,-136920
88,-135288
88,-140088
88,-139836
88,-141296
88,-139760
88,-139462
88,-139162
88,-138730
89,-138848
89,-137574
89,-140904
89,-141968
89,-139922
89,-140386
89,-139560
89,-141628
89,-139486
89,-140876
89,-140238
89,-141702
89,-141264
89,-138812
89,-139806
89,-136734
90,-136838
90,-136832
90,-141304
90,-140698
90,-140652
90,-141234
90,-138512
90,-139846
90,-140276
90,-140542
90,-139214
90,-140222
90,-139418
90,-138712
90,-140084
90,-141130
91,-142690
91,-140462
91,-140140
91,-141480
91,-140138
91,-140360
91,-139122
91,-138258
91,-143294
91,-143782
91,-142128
91,-139952
91,-140554
91,-142564
91,-139772
91,-141136
92,-141044
92,-141244
92,-140172
92,-140388
92,-140734
92,-139632
92,-136908
92,-136608
92,-140160
92,-138980
92,-139622
92,-139872
92,-137628
92,-138844
92,-137186
92,-136410
93,-136458
93,-139310
93,-139032
93,-138770
93,-139488
93,-138568
93,-141036
93,-136746
93,-139226
93,-143094
93,-140696
93,-139798
93,-142360
93,-140580
93,-135104
93,-138216
94,-138826
94,-139420
94,-141780
94,-142726
94,-142540
94,-141488
94,-141182
94,-139440
94,-140640
94,-140884
94,-140172
94,-145848
94,-144056
94,-144008
94,-143318
94,-140982
95,-144468
95,-143552
95,-144790
95,-142976
95,-143862
95,-147418
95,-146504
95,-145308
95,-143472
95,-143204
95,-144298
95,-147264
95,-146518
95,-144730
95,-146946
95,-144806
96,-145008
96,-144872
96,-145172
96,-146694
96,-147446
96,-148734
96,-146546
96,-147340
96,-149032
96,-148560
96,-145840
96,-144814
96,-147094
96,-145608
96,-146654
96,-144558
97,-144266
97,-147670
97,-148586
97,-149376
97,-149206
97,-147676
97,-146284
97,-147606
97,-146692
97,-145232
97,-148100
97,-149284
97,-147838
97,-148966
97,-149164
97,-147076
98,-148000
98,-148630
98,-149102
98,-149110
98,-152660
98,-151944
98,-148242
98,-150864
98,-151186
98,-151244
98,-153456
98,-151008
98,-150154
98,-149050
98,-148746
98,-151252
99,-153636
99,-151738
99,-151660
99,-152406
99,-153330
99,-150204
99,-150414
99,-153600
99,-153474
99,-150968
99,-156396
99,-154780
99,-153528
99,-151582
99,-154036
99,-154190
100,-151192
100,-150820
100,-152744
100,-152256
100,-151842
100,-151778
100,-152478
100,-152910
100,-152986
100,-154082
100,-154768
100,-153504
100,-151954
100,-151800
100,-150786
100,-149962
101,-152968
101,-151880
101,-152640
101,-153872
101,-152390
101,-150574
101,-150052
101,-151910
101,-149286
101,-149676
101,-150580
101,-152466
101,-151310
101,-151616
101,-150626
101,-153376
102,-151198
102,-151306
102,-150776
102,-148258
102,-149618
102,-149986
102,-148362
102,-151254
102,-148584
102,-148548
102,-147012
102,-148218
102,-149528
102,-150028
102,-149910
102,-150802
103,-149772
103,-148626
103,-148990
103,-146750
103,-148440
103,-149990
103,-150594
103,-151780
103,-149402
103,-149102
103,-150284
103,-149806
103,-151124
103,-149436
103,-150060
103,-148108
104,-152262
104,-149004
104,-148094
104,-150482
104,-149218
104,-150898
104,-150138
104,-148526
104,-150480
104,-151156
104,-151206
104,-152200
104,-153084
104,-152010
104,-153492
104,-151004
105,-151592
105,-151828
105,-149730
105,-149882
105,-150120
105,-152890
105,-155412
105,-151208
105,-149276
105,-151066
105,-150864
105,-151330
105,-151696
105,-152146
105,-151890
105,-151854
106,-153016
106,-151696
106,-152282
106,-152962
106,-153090
106,-152704
106,-151798
106,-148910
106,-150996
106,-152920
106,-151668
106,-153108
106,-154040
106,-153664
106,-152702
106,-154268
107,-151568
107,-152088
107,-152926
107,-152342
107,-152796
107,-154120
107,-154298
107,-154180
107,-151592
107,-154144
107,-152796
107,-151084
107,-152540
107,-152736
107,-153126
107,-154186
108,-154636
108,-151322
108,-155038
108,-151994
108,-151570
108,-154274
108,-154402
108,-154716
108,-153990
108,-155144
108,-155842
108,-154954
108,-156050
108,-154902
108,-158438
108,-155884
109,-155268
109,-155554
109,-155092
109,-154750
109,-153286
109,-153742
109,-154878
109,-155994
109,-155952
109,-156558
109,-157402
109,-157088
109,-158356
109,-154052
109,-155970
109,-154376
110,-153964
110,-154220
110,-155132
110,-154674
110,-152964
110,-151566
110,-154020
110,-152660
110,-155460
110,-154566
110,-155264
110,-153796
110,-154376
110,-154208
110,-154684
110,-153210
111,-151866
111,-152176
111,-152206
111,-154722
111,-153496
111,-152368
111,-155276
111,-152974
111,-154644
111,-155468
111,-154934
111,-155292
111,-154218
111,-154564
111,-155634
111,-154416
112,-155810
112,-154230
112,-154642
112,-153582
112,-151520
112,-152060
112,-153184
112,-151548
112,-150996
112,-152764
112,-152320
112,-151634
112,-152494
112,-152458
112,-152956
112,-151792
113,-151534
113,-151378
113,-150982
113,-153478
113,-152672
113,-152778
113,-153052
113,-153294
113,-153156
113,-152198
113,-151570
113,-149816
113,-151058
113,-152086
113,-150672
113,-151474
114,-151634
114,-150648
114,-150432
114,-150388
114,-151308
114,-152748
114,-151910
114,-151450
114,-151104
114,-151238
114,-152178
114,-154948
114,-153926
114,-149676
114,-151378
114,-152716
115,-151122
115,-151032
115,-150030
115,-150108
115,-151378
115,-151594
115,-150378
115,-150522
115,-150468
115,-149978
115,-151240
115,-150086
115,-150216
115,-150334
115,-152444
115,-150398
116,-148942
116,-150288
116,-148426
116,-151090
116,-150742
116,-150972
116,-148838
116,-147990
116,-148884
116,-145922
116,-146268
116,-147604
116,-149184
116,-149558
116,-147286
116,-147170
117,-147230
117,-146506
117,-146324
117,-147854
117,-146700
117,-147872
117,-146206
117,-146844
117,-148550
117,-147548
117,-144868
117,-144346
117,-145328
117,-144342
117,-143570
117,-143984
118,-146598
118,-145710
118,-143946
118,-143516
118,-143280
118,-143506
118,-143754
118,-142832
118,-144288
118,-142568
118,-140326
118,-140388
118,-141178
118,-144626
118,-144038
118,-142396
119,-141034
119,-142970
119,-139884
119,-139804
119,-140730
119,-140278
119,-142302
119,-142246
119,-142002
119,-142120
119,-140756
119,-141522
119,-140012
119,-139212
119,-140286
119,-143128
120,-140760
120,-139642
120,-138792
120,-139870
120,-139040
120,-137012
120,-140054
120,-141452
120,-139608
120,-140232
120,-139158
120,-138892
120,-141454
120,-139172
120,-142056
120,-141234
121,-140504
121,-141516
121,-137840
121,-138782
121,-139084
121,-138500
121,-138618
121,-137936
121,-139034
121,-141478
121,-140950
121,-137466
121,-139618
121,-138404
121,-139562
121,-139012
122,-140702
122,-138542
122,-136322
122,-136782
122,-137962
122,-137120
122,-136088
122,-135800
122,-136124
122,-137870
122,-137986
122,-140114
122,-136434
122,-135068
122,-136764
122,-135600
123,-135456
123,-139312
123,-136642
123,-135592
123,-134708
123,-136268
123,-135664
123,-137308
123,-136738
123,-135168
123,-135236
123,-136502
123,-136048
123,-135268
123,-136188
123,-135474
124,-136620
124,-137078
124,-135730
124,-136138
124,-137108
124,-135526
124,-134328
124,-136394
124,-135788
124,-135632
124,-137042
124,-134102
124,-135844
124,-133780
124,-134544
124,-134610
125,-134456
125,-138676
125,-134844
125,-135542
125,-137012
125,-136516
125,-135918
125,-134294
125,-135702
125,-135510
125,-134096
125,-133672
125,-133860
125,-134860
125,-130712
125,-132122
126,-133092
126,-132304
126,-133414
126,-132226
126,-131540
126,-133928
126,-133292
126,-135312
126,-133916
126,-133388
126,-133208
126,-131050
126,-133158
126,-131328
126,-131486
126,-131834
127,-131368
127,-131284
127,-130406
127,-128036
127,-130058
127,-130434
127,-129538
127,-128518
127,-128292
127,-126988
127,-125374
127,-129190
127,-127724
127,-125142
127,-125174
127,-126432
128,-124572
128,-125806
128,-128122
128,-125510
128,-126784
128,-126712
128,-124402
128,-123322
128,-123240
128,-125666
128,-123990
128,-124616
128,-125300
128,-125192
128,-124738
128,-124326
129,-126198
129,-125914
129,-126990
129,-123594
129,-122956
129,-124810
129,-125108
129,-126736
129,-125666
129,-124890
129,-128260
129,-125964
129,-124836
129,-125188
129,-124480
129,-125026
130,-125796
130,-126298
130,-126010
130,-126444
130,-127244
130,-124376
130,-124354
130,-124932
130,-125674
130,-125128
130,-124258
130,-122056
130,-123908
130,-122494
130,-123626
130,-123562
131,-125746
131,-127390
131,-125286
131,-125010
131,-123430
131,-124458
131,-123072
131,-124374
131,-126600
131,-124862
131,-127008
131,-125366
131,-123834
131,-122842
131,-122720
131,-124874
132,-122544
132,-124504
132,-124908
132,-124534
132,-123188
132,-124506
132,-123540
132,-126374
132,-126216
132,-128726
132,-125434
132,-123134
132,-124022
132,-122866
132,-121592
132,-121048
133,-121488
133,-118652
133,-120608
133,-119332
133,-120696
133,-118932
133,-121362
133,-123268
133,-122842
133,-123704
133,-123674
133,-121972
133,-121142
133,-120982
133,-124462
133,-123234
134,-122372
134,-122930
134,-121978
134,-123594
134,-121770
134,-123692
134,-120442
134,-120538
134,-119978
134,-123192
134,-122982
134,-121814
134,-121574
134,-120140
134,-123816
134,-122198
135,-120512
135,-123542
135,-120724
135,-118694
135,-116272
135,-117278
135,-119826
135,-121484
135,-118158
135,-120344
135,-121160
135,-120906
135,-119168
135,-117166
135,-119400
135,-119800
136,-118500
136,-116520
136,-117514
136,-118208
136,-115008
136,-114130
136,-116634
136,-114072
136,-116088
136,-116544
136,-115906
136,-116266
136,-112270
136,-115360
136,-115552
136,-114302
137,-113912
137,-114332
137,-116592
137,-113106
137,-113410
137,-110942
137,-113820
137,-113616
137,-113688
137,-113820
137,-114628
137,-111738
137,-113040
137,-112136
137,-112194
137,-114482
138,-111786
138,-111974
138,-110124
138,-109068
138,-111022
138,-108702
138,-110110
138,-110504
138,-109968
138,-112542
138,-108692
138,-106786
138,-108230
138,-109190
138,-108170
138,-108012
139,-109600
139,-110472
139,-109796
139,-107814
139,-109138
139,-108184
139,-106836
139,-108830
139,-107182
139,-108370
139,-106108
139,-107030
139,-108284
139,-108102
139,-106718
139,-106076
140,-106486
140,-107172
140,-105840
140,-106184
140,-104696
140,-106086
140,-105416
140,-102992
140,-104684
140,-103444
140,-106300
140,-102358
140,-104910
140,-103454
140,-103890
140,-102290
141,-102346
141,-100960
141,-99500
141,-99360
141,-101206
141,-99556
141,-97172
141,-96166
141,-99764
141,-99940
141,-97756
141,-97884
141,-98714
141,-98840
141,-97998
141,-95292
142,-95872
142,-98988
142,-98850
142,-95578
142,-96368
142,-96344
142,-94376
142,-95502
142,-94222
142,-96450
142,-94114
142,-95036
142,-95550
142,-94098
142,-94170
142,-94984
143,-93958
143,-91068
143,-92502
143,-92634
143,-92880
143,-93098
143,-91248
143,-92092
143,-92682
143,-93230
143,-91634
143,-90476
143,-89936
143,-88824
143,-90228
143,-90962
144,-89602
144,-89050
144,-88594
144,-89378
144,-89296
144,-90066
144,-84984
144,-85202
144,-85850
144,-88798
144,-88498
144,-85078
144,-86050
144,-85332
144,-87262
144,-86014
145,-83724
145,-84464
145,-86768
145,-84960
145,-84428
145,-83264
145,-86146
145,-84958
145,-84452
145,-85058
145,-85152
145,-85792
145,-84414
145,-86448
145,-84334
145,-82780
146,-82382
146,-84224
146,-84968
146,-82602
146,-82796
146,-82456
146,-82842
146,-81864
146,-83734
146,-81626
146,-81238
146,-82616
146,-81164
146,-80288
146,-81180
146,-79560
147,-80346
147,-79684
147,-79054
147,-80574
147,-78508
147,-77966
147,-75932
147,-73232
147,-76454
147,-77794
147,-77726
147,-76798
147,-78538
147,-77814
147,-75486
147,-76326
148,-76238
148,-76556
148,-75810
148,-75248
148,-77566
148,-74154
148,-72522
148,-75954
148,-75504
148,-73328
148,-71144
148,-72808
148,-72792
148,-72308
148,-74704
148,-74040
149,-73860
149,-74512
149,-72828
149,-72768
149,-72370
149,-73100
149,-73418
149,-73052
149,-71756
149,-71338
149,-68852
149,-69700
149,-73040
149,-71616
149,-69356
149,-70188
150,-71910
150,-68012
150,-68236
150,-67564
150,-71156
150,-66548
150,-68734
150,-68228
150,-65992
150,-69196
150,-70454
150,-67792
150,-65918
150,-66390
150,-67098
150,-64676
151,-65504
151,-64982
151,-65482
151,-65324
151,-66132
151,-64124
151,-64980
151,-64406
151,-64000
151,-61834
151,-62762
151,-61278
151,-61514
151,-60602
151,-62494
151,-60616
152,-61062
152,-63302
152,-62318
152,-63568
152,-61992
152,-61666
152,-61472
152,-62820
152,-62646
152,-63384
152,-62398
152,-60900
152,-62516
152,-64436
152,-60642
152,-61970
153,-62780
153,-62746
153,-61552
153,-60958
153,-62270
153,-62014
153,-63120
153,-61234
153,-63090
153,-61922
153,-61600
153,-62040
153,-61090
153,-59998
153,-60486
153,-60882
154,-61384
154,-61524
154,-59642
154,-60378
154,-58614
154,-56920
154,-59814
154,-60848
154,-59018
154,-58026
154,-61126
154,-60456
154,-58432
154,-57356
154,-56614
154,-57524
155,-59770
155,-57676
155,-57978
155,-57342
155,-58534
155,-59040
155,-57672
155,-57706
155,-57222
155,-56402
155,-54826
155,-56000
155,-57510
155,-56990
155,-55060
155,-58112
156,-57002
156,-56162
156,-57744
156,-58594
156,-56620
156,-56118
156,-55784
156,-57036
156,-55994
156,-57104
156,-56166
156,-55066
156,-56172
156,-56686
156,-54204
156,-56028
157,-57434
157,-55386
157,-54154
157,-54960
157,-56836
157,-54568
157,-54450
157,-54058
157,-54688
157,-54196
157,-54328
157,-53924
157,-55494
157,-55168
157,-57750
157,-55566
158,-53918
158,-52814
158,-56216
158,-54924
158,-52574
158,-53896
158,-51920
158,-52744
158,-51756
158,-52252
158,-52500
158,-53724
158,-54370
158,-55272
158,-55168
158,-56902
159,-56504
159,-55202
159,-55358
159,-54678
159,-54978
159,-56482
159,-53798
159,-53710
159,-54420
159,-55950
159,-54614
159,-53516
159,-55210
159,-57920
159,-56110
159,-56284
160,-56160
160,-55078
160,-55224
160,-56436
160,-53334
160,-54942
160,-56224
160,-52936
160,-54856
160,-54712
160,-53902
160,-54370
160,-53314
160,-51482
160,-53126
160,-53430
161,-54322
161,-52282
161,-52388
161,-50976
161,-53232
161,-53850
161,-53418
161,-51156
161,-52864
161,-51196
161,-52260
161,-50960
161,-49786
161,-53278
161,-51766
161,-49758
162,-53002
162,-51250
162,-50464
162,-50716
162,-49800
162,-50298
162,-51266
162,-52330
162,-52380
162,-50364
162,-48796
162,-49190
162,-50182
162,-51792
162,-50360
162,-50760
163,-50278
163,-47992
163,-47758
163,-50952
163,-49206
163,-48034
163,-49264
163,-50590
163,-49586
163,-50430
163,-51066
163,-52166
163,-51974
163,-51898
163,-53210
163,-50900
164,-52054
164,-52910
164,-51270
164,-51702
164,-54704
164,-52230
164,-51252
164,-52738
164,-52774
164,-50388
164,-50852
164,-51760
164,-50618
164,-51570
164,-50120
164,-51956
165,-52080
165,-50186
165,-51550
165,-50928
165,-51286
165,-49542
165,-50630
165,-50254
165,-49082
165,-47734
165,-46706
165,-48786
165,-48128
165,-46936
165,-46854
165,-47876
166,-47656
166,-47404
166,-45700
166,-47150
166,-47326
166,-47914
166,-46076
166,-47174
166,-48914
166,-48512
166,-45890
166,-45554
166,-45832
166,-44526
166,-44032
166,-45694
167,-46436
167,-47656
167,-46732
167,-47310
167,-49634
167,-47944
167,-47942
167,-50646
167,-46468
167,-44712
167,-46252
167,-46378
167,-47062
167,-46866
167,-46374
167,-50324
168,-48374
168,-49034
168,-49422
168,-47832
168,-49760
168,-49574
168,-47876
168,-50128
168,-49796
168,-48402
168,-52014
168,-51338
168,-51848
168,-50086
168,-48868
168,-51182
169,-49654
169,-48776
169,-49962
169,-48548
169,-49150
169,-48144
169,-48770
169,-48930
169,-50404
169,-50134
169,-49062
169,-48910
169,-47654
169,-48418
169,-49334
169,-50442
170,-47194
170,-47200
170,-46914
170,-45804
170,-47960
170,-47692
170,-46684
170,-46008
170,-46914
170,-47970
170,-46112
170,-46434
170,-47274
170,-47094
170,-46462
170,-47362
171,-46490
171,-45454
171,-46486
171,-46110
171,-48128
171,-47664
171,-48576
171,-47554
171,-46460
171,-47826
171,-47962
171,-49984
171,-49164
171,-47788
171,-47196
171,-47080
172,-47394
172,-46588
172,-49444
172,-48830
172,-45824
172,-47200
172,-47678
172,-48832
172,-48406
172,-51050
172,-52616
172,-50314
172,-50016
172,-50446
172,-48580
172,-51790
173,-50224
173,-49444
173,-49278
173,-49520
173,-51968
173,-52094
173,-50796
173,-51680
173,-52590
173,-54122
173,-55630
173,-55524
173,-52268
173,-51398
173,-53238
173,-54108
174,-53050
174,-52324
174,-53434
174,-51574
174,-54676
174,-53250
174,-53322
174,-53582
174,-52814
174,-55972
174,-56074
174,-56324
174,-56644
174,-53940
174,-57006
174,-54418
175,-55836
175,-53654
175,-53446
175,-54912
175,-55378
175,-57886
175,-53326
175,-52488
175,-54070
175,-54544
175,-54906
175,-55286
175,-55510
175,-57752
175,-59672
175,-56628
176,-55496
176,-56272
176,-55704
176,-55652
176,-56950
176,-56142
176,-57024
176,-54822
176,-55572
176,-56636
176,-56140
176,-56460
176,-56918
176,-59008
176,-58474
176,-56704
177,-57022
177,-56932
177,-58912
177,-58630
177,-57848
177,-58718
177,-57710
177,-59260
177,-58838
177,-57750
177,-58272
177,-60482
177,-58806
177,-60088
177,-61268
177,-62808
178,-62462
178,-59242
178,-64184
178,-62296
178,-64990
178,-61960
178,-61810
178,-63288
178,-63938
178,-64476
178,-63624
178,-64850
178,-65904
178,-65100
178,-64210
178,-65022
179,-65568
179,-65376
179,-65914
179,-64800
179,-64244
179,-63804
179,-66632
179,-65886
179,-65834
179,-66174
179,-64816
179,-66580
179,-66632
179,-66370
179,-65524
179,-66962
180,-68446
180,-65720
180,-65338
180,-67616
180,-66966
180,-67044
180,-66066
180,-68094
180,-66908
180,-66296
180,-65076
180,-64858
180,-65766
180,-64156
180,-64356
180,-64084
181,-63954
181,-67384
181,-67262
181,-66976
181,-66752
181,-65730
181,-66418
181,-65820
181,-68118
181,-66746
181,-67826
181,-66300
181,-67440
181,-67542
181,-70998
181,-70624
182,-70328
182,-71018
182,-68900
182,-68504
182,-70464
182,-69470
182,-71116
182,-71450
182,-71236
182,-69790
182,-70112
182,-71850
182,-72326
182,-72602
182,-72256
182,-72562
183,-73306
183,-72700
183,-74616
183,-74854
183,-73694
183,-75290
183,-76068
183,-74702
183,-74720
183,-75678
183,-75976
183,-75920
183,-76838
183,-77126
183,-75976
183,-78038
184,-75786
184,-78536
184,-79748
184,-77718
184,-76392
184,-79250
184,-77936
184,-79576
184,-79646
184,-79312
184,-81230
184,-82516
184,-82646
184,-81782
184,-81780
184,-82588
185,-83150
185,-82378
185,-81270
185,-84098
185,-84838
185,-84832
185,-83592
185,-83438
185,-83072
185,-83904
185,-83582
185,-85208
185,-83918
185,-84232
185,-85492
185,-84250
186,-83620
186,-85428
186,-84396
186,-81518
186,-81944
186,-80810
186,-82776
186,-83978
186,-85440
186,-83662
186,-84992
186,-84818
186,-86066
186,-85296
186,-84750
186,-85340
187,-84474
187,-82530
187,-84632
187,-84426
187,-83872
187,-81326
187,-83452
187,-82618
187,-82912
187,-82866
187,-82260
187,-84406
187,-82746
187,-82278
187,-81422
187,-82680
188,-83694
188,-83408
188,-84368
188,-82790
188,-83654
188,-84248
188,-84728
188,-83284
188,-85150
188,-82842
188,-82352
188,-83702
188,-84526
188,-84884
188,-84032
188,-85042
189,-84632
189,-84576
189,-86078
189,-85630
189,-84912
189,-83256
189,-84996
189,-83666
189,-83474
189,-83756
189,-82414
189,-83570
189,-84510
189,-84808
189,-86964
189,-83532
190,-86214
190,-86446
190,-84692
190,-86518
190,-85168
190,-85608
190,-83348
190,-83724
190,-82146
190,-82900
190,-84622
190,-82788
190,-82604
190,-83238
190,-84786
190,-82010
191,-81564
191,-81796
191,-83100
191,-80596
191,-78318
191,-79824
191,-79846
191,-78932
191,-78392
191,-78194
191,-78784
191,-76868
191,-78126
191,-77542
191,-75442
191,-76376
192,-75176
192,-75298
192,-74700
192,-74862
192,-74934
192,-72648
192,-71766
192,-72538
192,-72842
192,-72220
192,-73510
192,-72330
192,-72346
192,-71964
192,-71458
192,-70822
193,-71236
193,-70846
193,-71748
193,-68976
193,-70798
193,-69952
193,-69682
193,-70790
193,-68590
193,-67928
193,-66714
193,-67214
193,-67882
193,-67038
193,-69576
193,-71050
194,-71382
194,-70204
194,-69898
194,-67126
194,-67390
194,-65118
194,-67208
194,-66002
194,-68226
194,-66134
194,-67052
194,-67678
194,-68322
194,-65246
194,-63342
194,-67066
195,-65298
195,-67172
195,-67972
195,-67834
195,-66192
195,-66210
195,-66396
195,-66866
195,-65408
195,-65132
195,-65754
195,-64738
195,-64306
195,-63210
195,-64532
195,-66482
196,-65966
196,-63086
196,-64004
196,-66068
196,-63510
196,-63728
196,-63354
196,-62632
196,-63398
196,-62760
196,-60974
196,-61488
196,-60038
196,-61144
196,-60026
196,-60346
197,-59630
197,-60222
197,-57582
197,-57654
197,-58360
197,-57734
197,-57624
197,-57368
197,-58516
197,-55718
197,-57188
197,-58144
197,-55514
197,-55350
197,-53028
197,-54594
198,-53884
198,-54194
198,-55512
198,-54212
198,-54486
198,-54462
198,-52802
198,-51510
198,-52266
198,-54346
198,-54384
198,-52956
198,-52940
198,-52022
198,-50908
198,-51178
199,-50654
199,-49858
199,-51292
199,-51240
199,-51176
199,-49234
199,-50674
199,-50608
199,-52956
199,-51978
199,-51430
199,-51294
199,-51566
199,-51240
199,-49380
199,-49986
200,-49900
200,-48398
200,-49462
200,-46468
200,-47546
200,-48206
200,-46456
200,-46596
200,-46362
200,-44774
200,-46290
200,-46140
200,-45402
200,-47752
200,-45036
200,-45890
201,-46280
201,-48520
201,-46212
201,-45374
201,-44824
201,-43688
201,-42640
201,-43768
201,-43522
201,-43522
201,-42620
201,-42390
201,-40974
201,-40612
201,-41786
201,-40134
202,-40798
202,-39960
202,-39944
202,-39828
202,-40454
202,-40136
202,-38224
202,-40558
202,-41078
202,-40096
202,-41426
202,-39616
202,-39796
202,-40008
202,-39098
202,-40156
203,-40524
203,-40936
203,-41694
203,-40808
203,-41466
203,-40570
203,-39206
203,-39570
203,-37904
203,-39906
203,-38862
203,-39130
203,-39758
203,-39804
203,-39352
203,-40198
204,-38028
204,-40494
204,-37722
204,-37916
204,-38914
204,-40286
204,-39462
204,-40332
204,-38132
204,-40220
204,-38536
204,-38190
204,-39590
204,-38326
204,-37456
204,-36968
205,-39544
205,-39460
205,-39052
205,-38600
205,-37926
205,-39794
205,-38258
205,-37922
205,-38104
205,-40292
205,-38416
205,-37922
205,-37684
205,-39538
205,-38512
205,-37070
206,-37916
206,-36780
206,-37504
206,-35350
206,-34286
206,-33692
206,-34178
206,-33646
206,-33490
206,-32986
206,-33760
206,-33554
206,-33940
206,-32508
206,-31694
206,-32884
207,-32456
207,-33668
207,-34862
207,-33096
207,-32056
207,-34416
207,-33264
207,-33296
207,-33002
207,-32936
207,-34344
207,-34434
207,-34636
207,-32452
207,-33362
207,-33254
208,-32540
208,-31840
208,-32542
208,-33324
208,-34080
208,-33502
208,-32956
208,-31762
208,-33268
208,-31510
208,-32352
208,-35858
208,-35792
208,-35898
208,-33272
208,-31284
209,-32364
209,-30814
209,-32452
209,-30920
209,-31938
209,-33582
209,-33266
209,-31400
209,-31334
209,-29622
209,-32432
209,-33306
209,-32046
209,-32454
209,-32032
209,-32352
210,-32286
210,-30524
210,-32704
210,-32112
210,-31270
210,-31404
210,-31460
210,-33398
210,-33300
210,-33508
210,-34368
210,-34508
210,-34938
210,-34414
210,-32926
210,-32392
211,-30774
211,-32580
211,-31476
211,-32224
211,-30828
211,-34816
211,-34836
211,-33450
211,-32704
211,-32756
211,-31480
211,-29708
211,-31366
211,-31054
211,-31390
211,-32198
212,-31578
212,-30226
212,-32284
212,-31548
212,-31812
212,-31756
212,-30812
212,-31770
212,-32002
212,-30712
212,-30912
212,-29276
212,-31038
212,-30344
212,-29158
212,-29746
213,-30504
213,-29948
213,-29922
213,-29530
213,-29542
213,-29304
213,-27052
213,-29342
213,-28234
213,-30100
213,-30708
213,-28690
213,-30010
213,-28366
213,-28154
213,-27400
214,-28636
214,-27298
214,-27616
214,-27340
214,-27794
214,-27730
214,-27320
214,-26992
214,-27340
214,-26746
214,-26508
214,-25858
214,-25120
214,-24486
214,-24536
214,-24036
215,-24882
215,-24808
215,-25796
215,-24370
215,-24156
215,-23220
215,-23940
215,-24658
215,-25524
215,-25940
215,-25868
215,-25326
215,-25108
215,-25580
215,-23822
215,-23032
216,-23454
216,-22506
216,-22828
216,-21786
216,-22058
216,-23890
216,-23442
216,-23520
216,-22362
216,-22672
216,-22266
216,-22990
216,-22762
216,-22750
216,-22304
216,-22808
217,-21030
217,-21918
217,-21874
217,-21538
217,-18754
217,-22102
217,-24604
217,-22028
217,-21472
217,-20612
217,-23638
217,-23546
217,-20850
217,-19542
217,-21152
217,-19506
218,-20814
218,-19106
218,-19516
218,-19672
218,-19732
218,-22308
218,-20858
218,-21310
218,-20062
218,-21260
218,-21752
218,-22400
218,-22344
218,-22116
218,-23942
218,-24706
219,-23944
219,-21232
219,-20986
219,-19842
219,-20154
219,-21178
219,-21428
219,-21362
219,-22744
219,-23056
219,-22182
219,-21078
219,-22570
219,-22454
219,-22390
219,-22756
220,-22546
220,-22042
220,-22224
220,-20832
220,-21652
220,-22372
220,-21118
220,-21108
220,-21492
220,-21278
220,-22082
220,-20768
220,-20456
220,-18358
220,-19216
220,-20786
221,-19046
221,-18536
221,-19148
221,-19090
221,-19692
221,-19304
221,-19042
221,-17168
221,-17298
221,-19084
221,-18462
221,-18554
221,-17030
221,-17118
221,-17738
221,-16604
222,-17468
222,-16164
222,-16066
222,-17286
222,-17962
222,-16548
222,-16766
222,-18562
222,-17154
222,-15212
222,-15566
222,-15396
222,-15498
222,-17890
222,-16972
222,-16750
223,-18692
223,-17036
223,-17494
223,-17486
223,-18436
223,-19628
223,-18836
223,-16184
223,-16986
223,-16876
223,-17464
223,-18350
223,-16866
223,-19744
223,-19858
223,-18544
224,-18854
224,-18634
224,-20356
224,-20550
224,-19148
224,-19974
224,-20746
224,-23452
224,-22880
224,-22964
224,-22006
224,-20926
224,-21824
224,-21314
224,-22852
224,-24032
225,-24228
225,-25008
225,-24590
225,-23870
225,-23872
225,-22946
225,-23904
225,-25850
225,-25228
225,-26242
225,-26896
225,-27136
225,-28142
225,-28118
225,-28016
225,-26586
226,-25858
226,-23642
226,-25642
226,-26492
226,-25906
226,-25190
226,-28042
226,-24856
226,-25296
226,-25086
226,-24826
226,-24374
226,-24940
226,-27452
226,-26498
226,-26122
227,-27176
227,-28676
227,-26604
227,-27190
227,-26866
227,-27162
227,-27676
227,-24630
227,-28106
227,-27374
227,-25580
227,-25570
227,-26064
227,-29016
227,-30514
227,-29642
228,-29030
228,-28160
228,-29674
228,-29104
228,-28266
228,-26564
228,-28580
228,-27192
228,-29822
228,-29464
228,-30354
228,-30524
228,-29860
228,-31820
228,-30048
228,-31532
229,-32220
229,-30886
229,-28988
229,-30314
229,-32410
229,-31354
229,-33296
229,-32796
229,-32604
229,-33116
229,-33426
229,-35380
229,-35216
229,-34746
229,-35530
229,-35546
230,-35534
230,-35932
230,-35642
230,-38878
230,-36448
230,-36814
230,-36642
230,-37284
230,-38162
230,-39518
230,-40032
230,-38374
230,-36772
230,-36434
230,-37340
230,-38442
231,-39730
231,-40204
231,-39902
231,-41164
231,-39632
231,-38110
231,-38010
231,-40068
231,-40446
231,-40722
231,-43558
231,-41738
231,-43270
231,-43386
231,-42776
231,-43116
232,-42252
232,-43976
232,-44662
232,-44388
232,-42658
232,-43262
232,-44948
232,-44326
232,-44982
232,-43220
232,-43406
232,-45186
232,-45204
232,-42928
232,-45102
232,-45004
233,-43898
233,-43904
233,-44770
233,-43614
233,-42536
233,-43562
233,-42816
233,-41876
233,-44090
233,-44390
233,-45202
233,-45102
233,-44726
233,-46366
233,-45040
233,-45154
234,-42100
234,-44332
234,-42262
234,-42904
234,-44466
234,-42924
234,-42838
234,-42704
234,-44862
234,-45140
234,-44920
234,-45132
234,-46766
234,-44036
234,-46284
234,-45208
235,-45758
235,-44076
235,-43542
235,-42440
235,-42640
235,-44952
235,-44596
235,-44382
235,-44526
235,-41702
235,-42032
235,-42890
235,-44540
235,-43778
235,-44100
235,-44004
236,-44054
236,-43596
236,-40216
236,-42054
236,-42150
236,-41202
236,-40754
236,-42462
236,-41544
236,-43078
236,-40722
236,-41532
236,-43804
236,-41536
236,-42078
236,-43320
237,-43454
237,-44208
237,-42426
237,-41426
237,-44140
237,-43122
237,-43172
237,-43166
237,-41888
237,-41878
237,-40440
237,-41746
237,-42524
237,-44762
237,-42030
237,-41858
238,-40152
238,-40988
238,-42582
238,-41428
238,-40812
238,-42154
238,-41350
238,-41954
238,-42892
238,-42306
238,-43184
238,-40016
238,-41564
238,-42956
238,-41736
238,-42330
239,-42196
239,-42722
239,-42116
239,-42378
239,-42360
239,-38666
239,-39954
239,-39236
239,-40482
239,-38948
239,-38528
239,-39462
239,-36344
239,-39788
239,-40228
239,-39028
240,-41056
240,-39210
240,-39720
240,-40226
240,-39782
240,-39690
240,-38708
240,-39870
240,-39632
240,-39998
240,-41628
240,-39614
240,-39358
240,-39402
240,-39078
240,-40798
241,-39606
241,-38766
241,-39276
241,-39456
241,-40422
241,-39130
241,-41496
241,-39342
241,-39488
241,-38978
241,-41246
241,-39500
241,-40438
241,-41060
241,-38682
241,-38290
242,-39186
242,-38102
242,-36414
242,-37530
242,-36216
242,-37266
242,-36354
242,-36800
242,-35560
242,-36072
242,-34726
242,-34314
242,-35534
242,-34606
242,-35668
242,-34140
243,-34646
243,-33472
243,-34574
243,-33836
243,-33938
243,-33060
243,-34248
243,-35372
243,-36432
243,-35028
243,-31640
243,-33262
243,-33360
243,-34462
243,-34294
243,-33860
244,-36310
244,-34918
244,-32744
244,-33994
244,-32194
244,-31202
244,-31912
244,-31420
244,-32886
244,-30578
244,-32310
244,-31424
244,-30342
244,-31008
244,-32342
244,-31714
245,-32718
245,-32256
245,-31810
245,-30060
245,-30992
245,-30844
245,-29838
245,-28946
245,-29764
245,-28438
245,-27872
245,-28022
245,-27120
245,-25864
245,-28042
245,-26322
246,-27730
246,-26446
246,-25594
246,-26166
246,-26262
246,-26438
246,-25456
246,-27806
246,-28142
246,-26088
246,-27096
246,-26298
246,-27016
246,-27766
246,-25704
246,-25346
247,-24876
247,-23534
247,-26410
247,-23676
247,-24500
247,-24770
247,-23168
247,-24680
247,-22444
247,-22086
247,-23350
247,-23328
247,-24654
247,-22532
247,-20698
247,-21496
248,-22984
248,-22292
248,-22498
248,-23744
248,-22412
248,-19918
248,-20510
248,-20490
248,-20336
248,-20682
248,-21846
248,-20340
248,-20124
248,-19876
248,-20614
248,-21658
249,-18338
249,-17398
249,-17846
249,-17986
249,-18572
249,-16396
249,-16012
249,-17186
249,-17528
249,-17056
249,-20436
249,-19096
249,-19028
249,-16534
249,-14724
249,-18520
250,-19248
250,-17236
250,-15602
250,-16776
250,-17244
250,-15814
250,-15974
250,-15496
250,-16570
250,-15306
250,-15896
250,-15394
250,-15298
250,-15410
250,-14618
250,-15294
251,-17152
251,-17030
251,-16406
251,-16342
251,-14656
251,-15608
251,-15820
251,-16140
251,-15716
251,-14700
251,-16402
251,-15642
251,-14966
251,-13454
251,-14870
251,-14526
252,-14728
252,-13550
252,-12002
252,-14216
252,-13396
252,-13860
252,-13488
252,-10898
252,-11968
252,-11922
252,-11210
252,-11918
252,-10930
252,-10164
252,-8874
252,-9502
253,-10636
253,-9946
253,-9852
253,-7232
253,-9086
253,-8644
253,-8732
253,-10274
253,-9326
253,-9960
253,-10180
253,-8658
253,-9878
253,-9414
253,-10574
253,-9826
254,-9176
254,-8748
254,-7082
254,-8458
254,-8544
254,-8624
254,-10378
254,-7144
254,-8114
254,-7358
254,-8916
254,-6890
254,-8086
254,-8930
254,-7898
254,-6614
255,-5028
255,-7812
255,-7376
255,-7672
255,-7636
255,-7148
255,-7556
255,-6372
255,-6762
255,-7208
255,-7634
255,-7812
255,-5588
255,-6184
255,-6074
255,-6448
256,-6490
256,-6604
256,-5896
256,-5372
256,-5096
256,-6952
256,-5280
256,-4088
256,-4942
256,-3458
256,-4086
256,-3228
256,-3832
256,-4228
256,-3264
256,-1780
257,-904
257,-1654
257,-2270
257,-628
257,-710
257,-628
257,478
257,598
257,838
257,334
257,-1138
257,-622
257,1344
257,2294
257,-1328
257,-1168
258,-1724
258,586
258,-472
258,-1300
258,1086
258,284
258,60
258,-910
258,-878
258,-110
258,520
258,-1206
258,-700
258,42
258,-154
258,-576
259,-1520
259,-2034
259,-908
259,-1290
259,-1196
259,16
259,-1434
259,2
259,1780
259,958
259,296
259,992
259,2470
259,2498
259,3050
259,4480
260,3420
260,5500
260,5802
260,5438
260,5210
260,5162
260,4326
260,2712
260,2176
260,3054
260,4246
260,6422
260,5014
260,5604
260,4542
260,4702
261,3000
261,2842
261,3486
261,276
261,1520
261,190
261,428
261,-2200
261,326
261,396
261,80
261,-2294
261,-542
261,-1732
261,-376
261,-2262
262,-1276
262,-1094
262,-2334
262,-904
262,-2162
262,648
262,1706
262,566
262,-400
262,186
262,656
262,2674
262,3348
262,2774
262,3236
262,3614
263,4948
263,4670
263,4476
263,5800
263,4248
263,4394
263,3766
263,5534
263,4796
263,5326
263,4332
263,4310
263,6028
263,4914
263,2724
263,4386
264,5888
264,4188
264,2536
264,5038
264,3856
264,4612
264,4564
264,3912
264,4184
264,3556
264,4462
264,4588
264,3254
264,2592
264,4436
264,2118
265,2732
265,4280
265,2780
265,2380
265,3716
265,3972
265,4598
265,4334
265,3966
265,4788
265,5832
265,4536
265,6202
265,7598
265,5302
265,6070
266,6646
266,6172
266,6736
266,7850
266,6778
266,9212
266,8388
266,7206
266,8380
266,7236
266,6704
266,8488
266,7904
266,8762
266,7964
266,8252
267,7052
267,7830
267,7992
267,7490
267,7886
267,8926
267,8640
267,8288
267,7806
267,9856
267,9344
267,7830
267,9328
267,8358
267,8526
267,8270
268,8274
268,8168
268,8888
268,9440
268,8340
268,8440
268,9550
268,8262
268,8928
268,9360
268,7046
268,8348
268,7790
268,7846
268,10280
268,9450
269,10426
269,10720
269,10568
269,10408
269,10478
269,12064
269,11592
269,12700
269,12608
269,11892
269,12296
269,11938
269,11768
269,11544
269,11590
269,12082
270,12210
270,11200
270,10144
270,9884
270,10724
270,9996
270,8036
270,7478
270,8394
270,9080
270,10508
270,11078
270,10162
270,10102
270,9712
270,9822
271,10936
271,10630
271,11722
271,13080
271,12782
271,12278
271,13550
271,11400
271,12378
271,14370
271,12906
271,12118
271,10512
271,12284
271,12810
271,13164
272,13432
272,12222
272,12532
272,11354
272,12832
272,12054
272,11790
272,13164
272,12738
272,13634
272,13510
272,13818
272,12242
272,11978
272,12544
272,12772
273,12238
273,12422
273,12670
273,12676
273,13892
273,14058
273,15716
273,16936
273,16480
273,16964
273,18652
273,16030
273,16284
273,16862
273,16842
273,16472
274,17994
274,16522
274,18122
274,19760
274,19204
274,20852
274,20124
274,21110
274,20548
274,17970
274,18762
274,18784
274,19126
274,18972
274,20294
274,19258
275,18750
275,19516
275,19846
275,21826
275,21196
275,22818
275,21434
275,23674
275,22026
275,23372
275,21902
275,21292
275,23678
275,23714
275,25162
275,24494
276,23994
276,23182
276,23986
276,21480
276,23888
276,24538
276,24114
276,24388
276,24108
276,24758
276,24740
276,24292
276,26022
276,24250
276,24792
276,24696
277,23502
277,24096
277,23266
277,25158
277,25290
277,24534
277,24344
277,24780
277,24240
277,24924
277,25160
277,26898
277,26190
277,25768
277,26912
277,27360
278,28226
278,28474
278,28096
278,28528
278,28792
278,30218
278,28810
278,28770
278,31704
278,29448
278,29192
278,29060
278,30784
278,30390
278,30662
278,30684
279,30790
279,29748
279,30344
279,27530
279,28956
279,28876
279,28138
279,25438
279,26456
279,26120
279,27006
279,28774
279,28180
279,27120
279,27098
279,27266
280,27804
280,27092
280,26460
280,27252
280,26578
280,27178
280,27340
280,26578
280,25334
280,26024
280,26006
280,25864
280,25464
280,25442
280,25386
280,26066
281,26492
281,25888
281,27216
281,25378
281,27148
281,27484
281,28218
281,28298
281,26898
281,27360
281,29150
281,29122
281,29722
281,31152
281,30004
281,29062
282,29288
282,30244
282,31082
282,31868
282,31702
282,32192
282,31554
282,32244
282,32106
282,29496
282,30960
282,30926
282,29142
282,30594
282,28498
282,30578
283,27338
283,27452
283,30422
283,29612
283,30190
283,28962
283,30114
283,30628
283,28706
283,28680
283,29286
283,29764
283,31014
283,29880
283,31404
283,33776
284,32216
284,33062
284,35352
284,33164
284,35976
284,36630
284,36090
284,37346
284,35902
284,36174
284,38844
284,38438
284,38278
284,40132
284,39860
284,39298
285,40092
285,38958
285,39136
285,39070
285,39222
285,38712
285,39438
285,39280
285,38084
285,37340
285,37570
285,38542
285,37182
285,37060
285,38980
285,38698
286,40296
286,37924
286,39660
286,39278
286,40076
286,40184
286,39214
286,39220
286,40246
286,41026
286,40684
286,42132
286,43854
286,44764
286,44044
286,45172
287,44264
287,46016
287,45394
287,46550
287,45898
287,46054
287,45426
287,45674
287,46376
287,46120
287,46332
287,46992
287,44756
287,45306
287,46808
287,46570
288,46310
288,46402
288,46428
288,44556
288,44900
288,46472
288,45902
288,45112
288,44812
288,46080
288,46910
288,45688
288,48150
288,48404
288,47570
288,45522
289,46210
289,48504
289,47928
289,49366
289,50448
289,49446
289,49312
289,49570
289,51822
289,50432
289,50952
289,53278
289,53604
289,52236
289,54522
289,52864
290,53208
290,54630
290,54486
290,55192
290,55214
290,55182
290,54996
290,55446
290,55320
290,55090
290,54866
290,56430
290,55756
290,56902
290,57240
290,57782
291,57190
291,58340
291,58814
291,59760
291,59800
291,57160
291,57592
291,58834
291,58936
291,60200
291,60722
291,61166
291,62786
291,62214
291,61670
291,62202
292,60648
292,61292
292,63356
292,64454
292,63564
292,64208
292,64312
292,64026
292,64786
292,64236
292,67716
292,67280
292,66496
292,69244
292,67460
292,67260
293,66202
293,67126
293,68990
293,68736
293,68352
293,68314
293,69634
293,68864
293,70818
293,70382
293,71668
293,72702
293,74326
293,73006
293,73052
293,73712
294,73004
294,73866
294,74404
294,75782
294,75674
294,74934
294,75298
294,74872
294,74370
294,76230
294,75840
294,76666
294,75000
294,75408
294,75624
294,77926
295,78098
295,77910
295,76600
295,76948
295,77028
295,77572
295,78096
295,77292
295,76558
295,77958
295,77138
295,80060
295,79588
295,79348
295,80930
295,81388
296,79264
296,79076
296,80282
296,78440
296,78768
296,78032
296,78940
296,78520
296,78124
296,80112
296,78274
296,78800
296,78822
296,78626
296,79568
296,79490
297,80386
297,79592
297,80066
297,81110
297,80894
297,78928
297,79676
297,79732
297,81766
297,80538
297,84326
297,84310
297,83856
297,85018
297,84626
297,85326
298,85862
298,83618
298,84748
298,85714
298,84570
298,84484
298,84334
298,84820
298,82600
298,83520
298,82654
298,81606
298,82284
298,82308
298,79902
298,80466
299,81908
299,82186
299,81404
299,82552
299,80294
299,81004
299,81736
299,81276
299,81750
299,82662
299,82914
299,82162
299,83774
299,80702
299,85482
299,82752
300,83938
300,85992
300,83574
300,84626
300,83950
300,86292
300,85296
300,86812
300,85620
300,88054
300,87204
300,85616
300,84622
300,84986
300,84818
300,85212
301,86112
301,85404
301,83568
301,84566
301,84678
301,84800
301,83542
301,84166
301,82992
301,82766
301,80222
301,82250
301,82342
301,82268
301,81278
301,82854
302,83476
302,82800
302,82632
302,82298
302,81334
302,83370
302,84084
302,83648
302,84524
302,84446
302,85058
302,85654
302,85460
302,86234
302,86610
302,86410
303,85938
303,86948
303,86472
303,89630
303,90734
303,89146
303,89854
303,89056
303,88538
303,88536
303,87998
303,87526
303,87472
303,87614
303,87060
303,87354
304,88256
304,87632
304,87026
304,86912
304,85888
304,87628
304,88104
304,88002
304,87444
304,88406
304,86748
304,85830
304,85112
304,85198
304,86138
304,86282
305,84782
305,83894
305,83964
305,84358
305,84122
305,84798
305,85558
305,85824
305,84280
305,84440
305,87468
305,86796
305,86588
305,87750
305,88654
305,88490
306,88864
306,88192
306,88542
306,90294
306,89190
306,90746
306,90146
306,88010
306,87258
306,88424
306,88214
306,87740
306,86606
306,85058
306,85534
306,84778
307,85760
307,85308
307,84216
307,83962
307,83756
307,83570
307,82550
307,83790
307,83288
307,81960
307,83172
307,84350
307,83160
307,84076
307,83792
307,83948
308,83322
308,83380
308,82486
308,82184
308,81252
308,82856
308,81890
308,81056
308,81688
308,82776
308,82866
308,81570
308,80612
308,82250
308,82290
308,81412
309,80996
309,80856
309,79742
309,79722
309,80156
309,80382
309,81220
309,79168
309,79674
309,78472
309,79034
309,78504
309,77402
309,77162
309,76270
309,76108
310,76364
310,75502
310,76322
310,75164
310,75064
310,74282
310,73576
310,73350
310,72976
310,74070
310,72584
310,72244
310,72072
310,71288
310,71072
310,73566
311,72238
311,72086
311,73924
311,73182
311,73662
311,73676
311,74780
311,74248
311,75082
311,74494
311,76072
311,74120
311,74412
311,73232
311,73438
311,74536
312,72774
312,71836
312,72084
312,72632
312,74038
312,73386
312,73580
312,72864
312,74194
312,73892
312,72220
312,72956
312,72872
312,73386
312,72264
312,71956
313,72694
313,72058
313,71552
313,72336
313,73114
313,72696
313,73658
313,72418
313,72546
313,72640
313,72622
313,74598
313,73218
313,72684
313,73064
313,73236
314,72908
314,73632
314,72282
314,70774
314,71190
314,72454
314,73050
314,73374
314,72794
314,72602
314,73024
314,71684
314,71264
314,71752
314,70934
314,71906
315,71080
315,71846
315,72562
315,71656
315,70540
315,71262
315,73520
315,72958
315,71408
315,72776
315,72474
315,72138
315,73014
315,72458
315,72602
315,73708
316,74070
316,73922
316,73400
316,74690
316,75504
316,75944
316,75036
316,75526
316,75392
316,77016
316,74970
316,75110
316,75856
316,76254
316,74444
316,75546
317,75826
317,75172
317,74108
317,75746
317,74978
317,73768
317,74982
317,73414
317,73876
317,72736
317,73708
317,73646
317,73860
317,74720
317,73266
317,73134
318,73698
318,72096
318,72422
318,72976
318,72302
318,73254
318,72638
318,71830
318,72354
318,74086
318,73500
318,74820
318,75150
318,73778
318,74518
318,74122
319,74438
319,74860
319,74940
319,75702
319,75876
319,75694
319,77228
319,75934
319,77484
319,75348
319,75070
319,75812
319,75714
319,76442
319,75850
319,76928
320,75364
320,74884
320,75244
320,74828
320,73216
320,75316
320,73760
320,73474
320,72564
320,71996
320,72372
320,72036
320,72518
320,72074
320,71526
320,72236
321,71364
321,71012
321,71628
321,72118
321,70984
321,71280
321,72152
321,72826
321,73610
321,72942
321,70070
321,72510
321,71440
321,73582
321,73354
321,74232
322,73460
322,72458
322,73804
322,73868
322,75802
322,76024
322,73366
322,74490
322,73818
322,73816
322,72978
322,72766
322,71726
322,72752
322,72416
322,72554
323,72452
323,71698
323,73404
323,72754
323,73224
323,72940
323,73084
323,72282
323,70056
323,70614
323,71184
323,72052
323,70578
323,72504
323,72468
323,72790
324,74014
324,73492
324,74170
324,74262
324,74634
324,75796
324,75692
324,75040
324,75850
324,74598
324,75770
324,75690
324,75766
324,75656
324,77294
324,76476
325,75240
325,73546
325,75302
325,75176
325,74072
325,75358
325,75684
325,76880
325,74768
325,77686
325,76262
325,74390
325,77674
325,76792
325,76316
325,75886
326,73724
326,76010
326,74640
326,75108
326,74468
326,75054
326,74606
326,74792
326,73558
326,73212
326,73432
326,71590
326,71446
326,71876
326,72394
326,71746
327,71518
327,72422
327,71712
327,71914
327,71988
327,72920
327,74388
327,73454
327,72352
327,74300
327,74014
327,74602
327,74964
327,72812
327,74214
327,73872
328,74272
328,74384
328,74506
328,73842
328,74062
328,73420
328,74068
328,74806
328,73446
328,71882
328,73638
328,73156
328,72418
328,74556
328,74582
328,73466
329,72856
329,72578
329,70956
329,71728
329,71212
329,71824
329,71626
329,73230
329,71414
329,71782
329,72600
329,72224
329,70458
329,72082
329,72666
329,71052
330,70752
330,71260
330,71306
330,74130
330,73924
330,73126
330,73170
330,71702
330,72596
330,74290
330,72478
330,73908
330,74954
330,75414
330,75044
330,72584
331,74716
331,72616
331,74898
331,74816
331,72986
331,73730
331,74108
331,75256
331,73414
331,72678
331,73346
331,74398
331,73560
331,71594
331,74470
331,73180
332,73702
332,73088
332,73546
332,75012
332,74536
332,73924
332,72848
332,74416
332,75854
332,75696
332,75064
332,75864
332,75020
332,75816
332,76210
332,75826
333,77688
333,77278
333,77364
333,79014
333,78494
333,77662
333,79526
333,78278
333,79680
333,78618
333,79480
333,79380
333,79700
333,79490
333,78708
333,79342
334,79830
334,79148
334,79232
334,81010
334,82250
334,82284
334,81592
334,82352
334,80988
334,83198
334,82656
334,83448
334,84344
334,82308
334,83282
334,82848
335,83906
335,81642
335,82376
335,83010
335,83260
335,82072
335,84926
335,85512
335,84546
335,84050
335,84194
335,84766
335,85794
335,86778
335,83706
335,86148
336,84930
336,84490
336,84066
336,84966
336,85482
336,85364
336,86898
336,86886
336,86470
336,87726
336,87450
336,88434
336,89392
336,89470
336,90376
336,88152
337,88880
337,90270
337,88904
337,90270
337,89670
337,92180
337,92268
337,91750
337,91448
337,92034
337,93504
337,91374
337,91058
337,92394
337,93754
337,93866
338,94056
338,94058
338,93808
338,93670
338,93566
338,93454
338,94268
338,93140
338,92262
338,93052
338,92552
338,93340
338,92648
338,92766
338,93378
338,94506
339,94882
339,94974
339,95114
339,95290
339,96474
339,96602
339,98110
339,97770
339,96908
339,98680
339,97704
339,97228
339,98332
339,99398
339,99178
339,98624
340,99126
340,97972
340,98944
340,98856
340,98478
340,98958
340,98012
340,98312
340,95966
340,98258
340,96234
340,96354
340,95694
340,94444
340,96986
340,97164
341,97286
341,96190
341,95554
341,94782
341,95484
341,97148
341,98156
341,98884
341,99348
341,100388
341,101264
341,100986
341,99780
341,99436
341,100090
341,100916
342,98082
342,98584
342,99556
342,99612
342,98748
342,98874
342,98978
342,97838
342,97148
342,101246
342,99614
342,99632
342,100068
342,101442
342,101516
342,101436
343,104224
343,103452
343,103956
343,101914
343,102740
343,102878
343,104502
343,104108
343,104546
343,106314
343,104098
343,104928
343,103938
343,105440
343,105198
343,106500
344,105384
344,105436
344,104950
344,105256
344,105934
344,107444
344,105202
344,105290
344,107068
344,106742
344,107100
344,107778
344,107174
344,108918
344,108620
344,107262
345,109212
345,110732
345,108920
345,107744
345,108386
345,109738
345,106968
345,108182
345,110592
345,110282
345,109336
345,109734
345,110634
345,111478
345,111654
345,112890
346,111224
346,111886
346,111490
346,113050
346,114530
346,112648
346,112660
346,113198
346,111892
346,112742
346,112836
346,113014
346,113646
346,112968
346,112646
346,110606
347,110956
347,112046
347,111640
347,111096
347,112124
347,112526
347,110550
347,111302
347,112518
347,112216
347,112184
347,112522
347,112496
347,110456
347,112534
347,111668
348,113114
348,114310
348,115392
348,115626
348,114998
348,116672
348,115384
348,116188
348,117338
348,117248
348,116724
348,115778
348,117444
348,116842
348,116454
348,116972
349,116472
349,116004
349,117416
349,117184
349,116846
349,116386
349,118232
349,116498
349,117552
349,115970
349,116902
349,115468
349,114338
349,114832
349,116072
349,116940
350,116270
350,116176
350,116604
350,117134
350,117662
350,115706
350,116490
350,116762
350,115994
350,114800
350,116398
350,117120
350,118098
350,116910
350,115668
350,117144
351,116946
351,119604
351,118328
351,117940
351,119916
351,119052
351,119114
351,123354
351,121052
351,117638
351,120816
351,119962
351,120974
351,122802
351,122414
351,122382
352,122640
352,119688
352,120798
352,120726
352,122584
352,122006
352,120582
352,122592
352,120598
352,120964
352,122200
352,121290
352,122726
352,122162
352,122538
352,121078
353,121768
353,124198
353,125400
353,125102
353,125826
353,124942
353,126320
353,126382
353,124566
353,125056
353,124504
353,125228
353,124572
353,125094
353,123386
353,124158
354,123698
354,122236
354,122862
354,124094
354,122452
354,124792
354,124130
354,123060
354,123154
354,122884
354,122914
354,120586
354,121570
354,122322
354,122196
354,122860
355,124572
355,123774
355,125664
355,125126
355,125642
355,128274
355,128720
355,129402
355,130280
355,132674
355,130426
355,131468
355,130736
355,132496
355,132676
355,134202
356,133138
356,132652
356,132888
356,133846
356,134982
356,133232
356,132284
356,131550
356,131188
356,130120
356,129998
356,130558
356,130210
356,129062
356,127822
356,129806
357,128234
357,129160
357,126576
357,127118
357,128446
357,128422
357,129034
357,128596
357,129360
357,128632
357,130824
357,129370
357,129802
357,129970
357,129548
357,130972
358,131558
358,131088
358,131524
358,131420
358,131436
358,131752
358,131558
358,130274
358,132212
358,133438
358,131636
358,132124
358,131198
358,132952
358,133270
358,132890
359,131002
359,130540
359,130868
359,130630
359,130490
359,128902
359,129770
359,130548
359,128698
359,127356
359,129562
359,128774
359,129392
359,129028
359,129618
359,130238
360,129810
360,129478
360,128640
360,128578
360,128464
360,131296
360,131518
360,132598
360,131504
360,131186
360,131580
360,129636
360,130154
360,132822
360,133966
360,133416
361,131096
361,132930
361,132414
361,130326
361,132404
361,133024
361,135444
361,133258
361,134416
361,133326
361,133674
361,132896
361,131800
361,132690
361,132138
361,133836
362,132660
362,131838
362,133292
362,130734
362,130448
362,130794
362,131184
362,131484
362,131422
362,130604
362,129932
362,130468
362,129462
362,129652
362,128742
362,128890
363,127564
363,129000
363,128008
363,128516
363,128252
363,128084
363,130406
363,131030
363,131278
363,132330
363,132848
363,131944
363,131676
363,132098
363,132014
363,133056
364,134068
364,135452
364,134070
364,133924
364,135692
364,135098
364,136504
364,136982
364,136750
364,136454
364,135170
364,135746
364,135510
364,135588
364,136934
364,135840
365,134446
365,134546
365,136666
365,133904
365,136234
365,134074
365,134540
365,135572
365,135460
365,137328
365,136468
365,134618
365,137132
365,135370
365,134282
365,136652
366,135166
366,133730
366,132344
366,132182
366,132768
366,135198
366,135286
366,136412
366,135024
366,135968
366,136244
366,136302
366,136420
366,139024
366,139732
366,137042
367,139118
367,139316
367,137718
367,136562
367,135508
367,135240
367,133854
367,132834
367,134580
367,134926
367,132392
367,133618
367,132242
367,133572
367,134032
367,133998
368,135072
368,135476
368,134320
368,134010
368,133992
368,135682
368,135030
368,136708
368,134086
368,134628
368,135558
368,138768
368,138374
368,138766
368,138520
368,139358
369,138864
369,138438
369,139118
369,138806
369,137042
369,140324
369,138098
369,138874
369,139408
369,139940
369,138910
369,139792
369,138500
369,139502
369,139402
369,140008
370,140086
370,137846
370,138268
370,137648
370,136970
370,139578
370,138318
370,138910
370,137650
370,138140
370,136902
370,137618
370,137320
370,137572
370,137162
370,137424
371,135940
371,137924
371,138216
371,138420
371,138504
371,137692
371,138572
371,138696
371,138982
371,140436
371,138950
371,142548
371,140796
371,141438
371,142870
371,141650
372,143604
372,144040
372,145062
372,145646
372,145066
372,146296
372,145942
372,147558
372,147216
372,145082
372,146904
372,144810
372,143530
372,144282
372,143758
372,144828
373,143496
373,143596
373,142696
373,141892
373,142852
373,142110
373,143874
373,143858
373,145300
373,144856
373,143338
373,142546
373,144512
373,145658
373,147376
373,146270
374,145248
374,148382
374,146554
374,148366
374,149180
374,150034
374,149282
374,151692
374,151404
374,151692
374,152384
374,153184
374,152490
374,153460
374,151612
374,151444
375,151744
375,151258
375,152116
375,154588
375,153174
375,149424
375,151780
375,150900
375,150622
375,152042
375,153462
375,152116
375,152228
375,151442
375,152946
375,154986
376,153452
376,154124
376,154244
376,155374
376,154488
376,154014
376,153658
376,153700
376,154482
376,155582
376,155294
376,155518
376,156362
376,154292
376,153682
376,154008
377,153398
377,156012
377,156062
377,156574
377,156294
377,156166
377,155660
377,155868
377,157854
377,158972
377,157266
377,155924
377,155400
377,154628
377,155368
377,155434
378,155634
378,154768
378,155702
378,156368
378,154584
378,154800
378,156774
378,157690
378,157914
378,158788
378,156778
378,157156
378,155060
378,155274
378,154786
378,155294
379,156120
379,155416
379,154702
379,155714
379,155654
379,155934
379,156570
379,156710
379,156258
379,156346
379,157086
379,158550
379,160468
379,160688
379,158786
379,159382
380,159382
380,158534
380,159206
380,158588
380,159442
380,159754
380,158492
380,158118
380,157374
380,157130
380,156450
380,157286
380,157530
380,156112
380,155548
380,153616
381,153926
381,152194
381,152140
381,152072
381,152012
381,153958
381,154140
381,154012
381,154150
381,153024
381,154284
381,155616
381,155264
381,156422
381,157302
381,157592
382,158280
382,158378
382,158722
382,160104
382,160420
382,161204
382,161486
382,161170
382,159820
382,161260
382,161474
382,161104
382,161178
382,159176
382,159518
382,159798
383,159042
383,158912
383,158098
383,157450
383,159284
383,159096
383,158522
383,159044
383,158916
383,157820
383,159110
383,159100
383,158694
383,160326
383,159976
383,161058
384,159382
384,159980
384,161650
384,161276
384,162668
384,161950
384,163154
384,164314
384,163082
384,163260
384,163678
384,164364
384,163324
384,163934
384,164518
384,165324
385,166002
385,165368
385,166390
385,166582
385,167754
385,167548
385,166446
385,165354
385,163180
385,161954
385,162666
385,162786
385,163502
385,161948
385,162990
385,165038
386,163562
386,164524
386,164640
386,163802
386,163994
386,166096
386,165628
386,166228
386,166566
386,166546
386,167562
386,168528
386,168186
386,167684
386,168796
386,168234
387,170240
387,168238
387,169268
387,169722
387,168568
387,166280
387,168344
387,169336
387,168538
387,165858
387,166194
387,164968
387,165666
387,166934
387,167600
387,168924
388,167056
388,168050
388,168524
388,170494
388,171092
388,170192
388,170486
388,170608
388,171030
388,172044
388,170790
388,170664
388,170782
388,170476
388,168794
388,169822
389,170442
389,169790
389,171152
389,173260
389,171914
389,173928
389,170980
389,171020
389,173178
389,174478
389,174706
389,173880
389,173884
389,175780
389,174852
389,176084
390,176090
390,174906
390,174624
390,173864
390,174902
390,174820
390,176002
390,174928
390,176762
390,174916
390,176806
390,176834
390,177860
390,178216
390,180198
390,179668
391,179792
391,179024
391,179120
391,179996
391,178938
391,181144
391,178982
391,178450
391,180064
391,179864
391,180014
391,181540
391,179662
391,178968
391,179958
391,179036
392,178488
392,178082
392,178432
392,177980
392,178738
392,179478
392,179012
392,178464
392,178602
392,177282
392,175324
392,176282
392,175488
392,177292
392,177452
392,179054
393,178048
393,179264
393,180596
393,179224
393,180450
393,181884
393,181244
393,179888
393,181114
393,182008
393,181212
393,182054
393,182570
393,182452
393,183450
393,182064
394,184238
394,182600
394,181798
394,182152
394,182168
394,182260
394,182522
394,181564
394,180348
394,181848
394,181408
394,178420
394,177876
394,177998
394,176712
394,176780
395,178152
395,178478
395,175038
395,176280
395,177524
395,176052
395,177460
395,180394
395,179436
395,180070
395,182362
395,182608
395,182928
395,183916
395,183388
395,183948
396,184546
396,185566
396,185984
396,185198
396,185644
396,186350
396,186556
396,185622
396,185816
396,185850
396,185186
396,184958
396,185068
396,184982
396,184458
396,184142
397,183768
397,183612
397,181156
397,182650
397,180600
397,180790
397,180666
397,179850
397,178742
397,177906
397,178324
397,178854
397,179598
397,179866
397,179784
397,178450
398,180664
398,181006
398,182114
398,181646
398,181620
398,182102
398,181468
398,181980
398,180312
398,179942
398,182066
398,181626
398,182144
398,180712
398,180248
398,180458
399,180548
399,180868
399,179714
399,179030
399,180222
399,179498
399,178582
399,177000
399,178162
399,177618
399,178684
399,178156
399,177618
399,177178
399,176506
399,177222
400,176986
400,178036
400,178544
400,177070
400,177104
400,175830
400,176998
400,177690
400,178576
400,177772
400,178432
400,178262
400,177742
400,178262
400,176596
400,177150
401,176258
401,176870
401,176502
401,177322
401,177518
401,177524
401,175518
401,173966
401,175252
401,174232
401,174094
401,173944
401,174730
401,174086
401,174724
401,175982
402,174454
402,175896
402,173866
402,173292
402,173444
402,172958
402,171898
402,169132
402,167764
402,167272
402,169320
402,169132
402,171798
402,170392
402,169746
402,170830
403,167542
403,170998
403,169842
403,169300
403,170770
403,171830
403,171284
403,168516
403,168382
403,169144
403,168122
403,167612
403,167946
403,167796
403,169260
403,168522
404,169620
404,172210
404,172622
404,174960
404,176576
404,177672
404,177434
404,176354
404,175970
404,175884
404,175552
404,176672
404,176238
404,176842
404,174986
404,174988
405,172842
405,172956
405,170198
405,172054
405,170428
405,168658
405,168822
405,166784
405,166884
405,165166
405,165130
405,166594
405,167706
405,167574
405,167566
405,167582
406,165860
406,167602
406,167982
406,169284
406,168130
406,169640
406,172286
406,171900
406,170846
406,170212
406,170418
406,170282
406,170692
406,170086
406,169344
406,169216
407,169930
407,170262
407,170676
407,169248
407,170152
407,170404
407,170764
407,168964
407,169428
407,166602
407,169214
407,169636
407,167300
407,168004
407,168040
407,165362
408,166934
408,165688
408,163336
408,163334
408,163394
408,162650
408,163350
408,164794
408,162286
408,162332
408,162794
408,162960
408,161680
408,161222
408,162706
408,162454
409,164374
409,164642
409,162632
409,163594
409,163202
409,163102
409,164932
409,164074
409,163668
409,163640
409,162138
409,161824
409,162984
409,162588
409,164014
409,162224
410,161644
410,163606
410,162734
410,161702
410,163674
410,163568
410,162720
410,163304
410,163870
410,164726
410,161276
410,162616
410,164910
410,164746
410,163300
410,164170
411,161780
411,161788
411,162554
411,162090
411,162372
411,164452
411,164728
411,164920
411,164478
411,163508
411,164980
411,164014
411,162960
411,165022
411,164570
411,163730
412,166218
412,167476
412,168054
412,167276
412,164748
412,164844
412,165822
412,163982
412,164696
412,165112
412,163318
412,163990
412,166164
412,165990
412,165440
412,164402
413,164258
413,162002
413,164514
413,164980
413,163916
413,162722
413,163052
413,163410
413,164128
413,162540
413,162638
413,160958
413,159860
413,159884
413,161608
413,158914
414,157090
414,157862
414,156712
414,156112
414,156274
414,156892
414,157262
414,156886
414,159332
414,158958
414,158406
414,158140
414,158522
414,160514
414,160396
414,160804
415,161638
415,163122
415,163626
415,163036
415,161566
415,161850
415,160178
415,159954
415,159262
415,160286
415,160868
415,161670
415,160804
415,161998
415,160770
415,160774
416,159176
416,160164
416,160094
416,158456
416,159806
416,158076
416,158984
416,160456
416,159250
416,157568
416,157352
416,157816
416,155586
416,156442
416,156116
416,155012
417,153384
417,153216
417,155004
417,155502
417,155132
417,156944
417,154504
417,156810
417,158318
417,155466
417,156604
417,157442
417,156980
417,157028
417,155152
417,154248
418,153242
418,152436
418,152636
418,152630
418,153786
418,152368
418,153118
418,152390
418,155554
418,154346
418,154324
418,153300
418,151880
418,151776
418,151090
418,149998
419,150160
419,149020
419,149834
419,148740
419,147374
419,147058
419,147780
419,146546
419,147746
419,145960
419,146938
419,148638
419,149426
419,149204
419,146890
419,147710
420,148750
420,149780
420,148354
420,148090
420,146800
420,146134
420,143700
420,145974
420,147172
420,145886
420,146844
420,146312
420,145638
420,145818
420,145336
420,147070
421,147248
421,149516
421,147172
421,146826
421,148316
421,148446
421,150912
421,150544
421,150848
421,149248
421,148778
421,149470
421,149452
421,148770
421,146616
421,146776
422,145188
422,144234
422,145750
422,145360
422,146992
422,145110
422,144810
422,143892
422,140498
422,143356
422,144518
422,145344
422,144626
422,143868
422,144890
422,145892
423,143178
423,144000
423,141792
423,140296
423,139758
423,142670
423,141350
423,142556
423,142118
423,145206
423,143744
423,143770
423,145726
423,145070
423,145990
423,144308
424,145344
424,145308
424,145962
424,146034
424,147452
424,148056
424,147772
424,147686
424,146114
424,145712
424,144168
424,145640
424,143800
424,143132
424,141516
424,140646
425,141628
425,142092
425,143296
425,140466
425,140478
425,139910
425,140444
425,140080
425,142490
425,140392
425,139304
425,139922
425,140406
425,140564
425,140678
425,140278
426,142248
426,143302
426,142832
426,140672
426,141888
426,141140
426,141314
426,142400
426,140256
426,140468
426,142224
426,139240
426,138596
426,138518
426,139616
426,136838
427,134926
427,136520
427,135204
427,135178
427,136452
427,137158
427,136154
427,136982
427,138708
427,138770
427,139364
427,140700
427,141798
427,143016
427,141726
427,143074
428,141356
428,139716
428,142770
428,141930
428,142732
428,141972
428,141560
428,139682
428,142096
428,142946
428,141712
428,140250
428,140686
428,140774
428,139368
428,138362
429,137452
429,138494
429,137170
429,138880
429,139572
429,138988
429,138526
429,139574
429,138584
429,137526
429,137136
429,138704
429,138096
429,135676
429,137222
429,139470
430,139854
430,141360
430,141676
430,141008
430,140420
430,141822
430,140458
430,140608
430,141822
430,141744
430,141494
430,143796
430,144256
430,144316
430,144986
430,145442
431,145908
431,146172
431,145560
431,143472
431,142466
431,143938
431,146182
431,146106
431,147010
431,146262
431,144846
431,145122
431,144012
431,144460
431,144744
431,144126
432,143360
432,143276
432,144608
432,144000
432,143110
432,142690
432,142384
432,141568
432,143336
432,141740
432,141928
432,143032
432,142246
432,143790
432,145356
432,146222
433,145932
433,143422
433,143796
433,144232
433,144918
433,142270
433,143516
433,144514
433,143408
433,142870
433,141822
433,142516
433,141632
433,141536
433,140098
433,139598
434,138160
434,138856
434,139128
434,138468
434,140840
434,139674
434,137596
434,138614
434,138050
434,135996
434,138232
434,137326
434,136214
434,138714
434,137176
434,137946
435,139976
435,142256
435,143112
435,143290
435,143070
435,144362
435,146448
435,146514
435,144870
435,147744
435,145770
435,145828
435,146138
435,145606
435,145500
435,143168
436,140408
436,140372
436,138572
436,138564
436,139922
436,137534
436,138042
436,135670
436,137158
436,136248
436,137096
436,137580
436,137354
436,138410
436,138044
436,140162
437,140484
437,141520
437,141084
437,141120
437,142276
437,142532
437,143380
437,143300
437,143614
437,142234
437,142884
437,141676
437,142040
437,142030
437,142486
437,141012
438,139772
438,140518
438,139862
438,139006
438,139506
438,139068
438,138402
438,139108
438,138508
438,138814
438,136962
438,138398
438,137208
438,135660
438,136408
438,134800
439,137114
439,136204
439,136104
439,137540
439,137290
439,135434
439,136830
439,136588
439,135876
439,136820
439,137606
439,135672
439,136370
439,136358
439,134822
439,134102
440,135216
440,132912
440,134006
440,132628
440,133530
440,134390
440,132466
440,132502
440,132206
440,134362
440,137236
440,136388
440,136656
440,136120
440,135192
440,135458
441,135682
441,135478
441,136788
441,137218
441,133670
441,132984
441,135506
441,136710
441,137768
441,135594
441,135506
441,134308
441,133988
441,134790
441,135632
441,134880
442,134740
442,136222
442,136482
442,137470
442,136766
442,135614
442,136790
442,137638
442,136168
442,136082
442,134642
442,135230
442,136092
442,134882
442,137650
442,137344
443,136198
443,136880
443,136686
443,137592
443,139274
443,139564
443,138680
443,139706
443,138586
443,138120
443,136550
443,137446
443,138450
443,135562
443,136510
443,136424
444,133834
444,132452
444,133620
444,134412
444,131744
444,134368
444,133562
444,133954
444,136220
444,134524
444,134862
444,133754
444,134458
444,134468
444,135102
444,135040
445,133846
445,132892
445,133956
445,135558
445,133958
445,132454
445,131928
445,129604
445,128788
445,127212
445,129140
445,128294
445,128842
445,128958
445,129152
445,130500
446,132624
446,133360
446,132846
446,132772
446,131696
446,133252
446,134780
446,131594
446,134626
446,135392
446,136260
446,133238
446,132926
446,135542
446,133722
446,132242
447,130804
447,133282
447,132880
447,131596
447,132906
447,131396
447,130258
447,128490
447,130432
447,125924
447,125614
447,124420
447,126380
447,126796
447,126024
447,126296
448,127112
448,127280
448,126698
448,128320
448,127154
448,127164
448,127838
448,128446
448,128412
448,128574
448,127946
448,127156
448,128618
448,128830
448,128352
448,129064
449,124890
449,125708
449,125762
449,123220
449,125362
449,124316
449,124826
449,125246
449,125140
449,125108
449,125354
449,124610
449,124474
449,125426
449,126728
449,125434
450,125878
450,125030
450,123154
450,123372
450,121418
450,123480
450,125548
450,126072
450,126008
450,126550
450,125402
450,125566
450,124452
450,124994
450,124362
450,124146
451,123418
451,122590
451,125030
451,122394
451,121534
451,120536
451,120808
451,119522
451,119416
451,120200
451,120930
451,119430
451,122852
451,122634
451,122758
451,123398
452,121622
452,123058
452,123236
452,122686
452,120252
452,121602
452,122020
452,121886
452,121518
452,122206
452,120356
452,121436
452,122172
452,120942
452,122422
452,120316
453,120916
453,120148
453,118778
453,119958
453,120176
453,119148
453,120364
453,122192
453,119186
453,120188
453,118112
453,120948
453,119870
453,119140
453,117366
453,116062
454,117688
454,115328
454,117322
454,117240
454,117702
454,118198
454,115370
454,116878
454,116296
454,116114
454,116978
454,117160
454,118178
454,117818
454,119718
454,121792
455,121790
455,121786
455,120616
455,122462
455,120622
455,121224
455,121158
455,122410
455,122264
455,121964
455,120924
455,121870
455,120832
455,120770
455,120632
455,119918
456,120456
456,117586
456,116678
456,118892
456,119300
456,118220
456,116988
456,116610
456,116048
456,115550
456,115558
456,116174
456,116258
456,116074
456,115398
456,116648
457,117216
457,118080
457,117686
457,119154
457,120466
457,119522
457,120338
457,119918
457,120324
457,123480
457,119458
457,120842
457,121166
457,121172
457,120582
457,120216
458,120852
458,120768
458,120602
458,118180
458,118502
458,120064
458,119540
458,121266
458,120540
458,119662
458,122700
458,122988
458,121880
458,120318
458,122762
458,121224
459,120886
459,121644
459,119446
459,121086
459,123178
459,125124
459,123750
459,124968
459,125060
459,125552
459,125854
459,126178
459,126364
459,127222
459,126798
459,125612
460,125506
460,128488
460,127762
460,128258
460,125706
460,126244
460,125908
460,127582
460,127768
460,129048
460,128778
460,128518
460,129590
460,129404
460,126774
460,125792
461,125810
461,125976
461,126528
461,128308
461,126186
461,128666
461,128394
461,126690
461,126564
461,128790
461,129912
461,130062
461,129692
461,132156
461,131222
461,132038
462,131890
462,132940
462,132690
462,133610
462,136428
462,133594
462,134186
462,134700
462,134724
462,136816
462,134464
462,133518
462,132920
462,132616
462,132238
462,131432
463,130078
463,128186
463,127358
463,128122
463,129750
463,130650
463,131188
463,130600
463,129928
463,128598
463,129560
463,131664
463,131394
463,132910
463,133392
463,133478
464,134310
464,136004
464,133680
464,137306
464,136084
464,137734
464,138608
464,136880
464,138028
464,137994
464,139136
464,138354
464,138852
464,139514
464,140642
464,140890
465,140390
465,140208
465,141272
465,142294
465,139910
465,141030
465,141604
465,139972
465,140046
465,141676
465,140810
465,140716
465,140564
465,141594
465,141478
465,139150
466,139710
466,140332
466,140006
466,140578
466,141508
466,142620
466,141816
466,142698
466,142800
466,141658
466,142806
466,141730
466,142954
466,142584
466,141576
466,143534
467,144718
467,145128
467,145546
467,142356
467,143468
467,144104
467,145026
467,146070
467,144458
467,143688
467,146604
467,144256
467,145412
467,146266
467,145990
467,143636
468,142914
468,141452
468,141522
468,142348
468,143898
468,143904
468,144812
468,144332
468,143092
468,144964
468,146444
468,145802
468,144752
468,147410
468,145710
468,146090
469,145984
469,145288
469,145776
469,146138
469,146980
469,147728
469,146420
469,147156
469,150292
469,150072
469,150292
469,149832
469,149176
469,150202
469,150298
469,150032
470,148214
470,150444
470,149702
470,148152
470,146864
470,148582
470,148746
470,149816
470,148584
470,146562
470,144794
470,145178
470,145410
470,144368
470,145112
470,145146
471,145530
471,144668
471,144914
471,145656
471,146368
471,147868
471,146368
471,146108
471,146142
471,146842
471,148692
471,149122
471,149270
471,150984
471,151086
471,151278
472,151352
472,149586
472,149808
472,148796
472,150964
472,150510
472,151030
472,152996
472,151762
472,149676
472,150182
472,151096
472,151480
472,151434
472,150516
472,149954
473,150908
473,149940
473,149526
473,150494
473,150222
473,151870
473,152602
473,149610
473,149478
473,150574
473,150000
473,150804
473,149728
473,148222
473,149528
473,148858
474,148798
474,150690
474,150354
474,149982
474,150860
474,151222
474,150760
474,151200
474,152664
474,152520
474,153084
474,153140
474,153134
474,155330
474,157260
474,156542
475,156230
475,155398
475,153788
475,153960
475,152426
475,152954
475,152756
475,152330
475,151804
475,154438
475,152594
475,151842
475,150826
475,150072
475,151324
475,151336
476,150972
476,151380
476,151278
476,151576
476,153018
476,155546
476,154588
476,154276
476,154250
476,154020
476,153798
476,155378
476,156574
476,158856
476,160786
476,156548
477,159388
477,157618
477,158382
477,160718
477,158958
477,157222
477,156772
477,158276
477,158734
477,158662
477,158768
477,159652
477,159340
477,158934
477,159412
477,159130
478,158080
478,159154
478,157628
478,158550
478,156814
478,156066
478,155440
478,155742
478,155438
478,155762
478,152870
478,154268
478,153558
478,153004
478,153620
478,156062
479,157748
479,156924
479,157606
479,157910
479,158632
479,158226
479,158674
479,159968
479,160284
479,158952
479,159454
479,156358
479,159528
479,158720
479,157264
479,156922
480,156670
480,157944
480,154944
480,154640
480,153810
480,154398
480,154190
480,154192
480,154680
480,154608
480,155648
480,153658
480,155876
480,153150
480,154024
480,155400
481,153516
481,153064
481,153358
481,153916
481,155156
481,156654
481,156082
481,155548
481,156378
481,158046
481,157018
481,156046
481,156732
481,157770
481,156100
481,157696
482,159860
482,157610
482,159246
482,159988
482,157636
482,156920
482,156910
482,156730
482,156580
482,157076
482,155660
482,154756
482,155420
482,154226
482,154120
482,154938
483,156118
483,155698
483,156088
483,154408
483,156376
483,154748
483,157018
483,154150
483,152760
483,155446
483,152302
483,153600
483,153572
483,153114
483,153860
483,154308
484,153604
484,154262
484,157984
484,156182
484,155524
484,155486
484,155048
484,153546
484,153700
484,155182
484,154922
484,153840
484,154438
484,151130
484,152208
484,152504
485,152052
485,152006
485,152854
485,151766
485,150582
485,150834
485,149196
485,151156
485,151230
485,152838
485,151036
485,153856
485,151396
485,152550
485,153872
485,154238
486,153384
486,151408
486,150690
486,151280
486,150092
486,150592
486,150276
486,151294
486,150962
486,150204
486,149106
486,147358
486,149810
486,147860
486,147628
486,148934
487,151138
487,151612
487,151398
487,153064
487,150192
487,151476
487,152874
487,152492
487,151386
487,149864
487,150078
487,150350
487,149300
487,149260
487,145984
487,146350
488,147072
488,147502
488,146496
488,145236
488,146180
488,145948
488,145050
488,145402
488,146614
488,146476
488,145258
488,145166
488,145790
488,145494
488,144638
488,143596
489,143406
489,143240
489,142786
489,144000
489,143160
489,144358
489,142954
489,142574
489,142894
489,142478
489,140270
489,141364
489,142092
489,141680
489,142394
489,142280
490,141262
490,140998
490,141006
490,139166
490,140768
490,140076
490,138946
490,140024
490,141124
490,140756
490,140722
490,140380
490,140756
490,141632
490,139848
490,139490
491,138988
491,140690
491,139180
491,137556
491,141248
491,139616
491,140362
491,138056
491,137240
491,136788
491,137338
491,137426
491,138854
491,140064
491,138128
491,136856
492,137668
492,139518
492,137984
492,138640
492,136660
492,135334
492,137340
492,134418
492,136228
492,136602
492,135528
492,136174
492,135726
492,136306
492,137178
492,135710
493,135908
493,135910
493,137782
493,138190
493,139064
493,138038
493,137752
493,138058
493,137954
493,137168
493,135788
493,138164
493,137874
493,135680
493,134860
493,135340
494,134712
494,134216
494,134674
494,135742
494,135216
494,135760
494,134354
494,135206
494,135882
494,132636
494,135442
494,135686
494,135684
494,136576
494,136466
494,136538
495,134904
495,134362
495,136184
495,137922
495,136530
495,137080
495,136492
495,135330
495,135958
495,135780
495,133776
495,136126
495,135726
495,134642
495,133652
495,134134
496,133674
496,133568
496,138438
496,138136
496,135798
496,136954
496,136618
496,135702
496,138778
496,139318
496,140504
496,140356
496,139004
496,140550
496,140738
496,140912
497,139882
497,140926
497,139908
497,139850
497,140322
497,140656
497,139960
497,138732
497,138416
497,138322
497,135534
497,136830
497,138666
497,137828
497,138880
497,135550
498,136818
498,139672
498,140930
498,139644
498,138956
498,137860
498,139942
498,140284
498,139604
498,138950
498,139312
498,140042
498,138454
498,140852
498,139756
498,137904
499,138326
499,138284
499,137848
499,138190
499,137792
499,138564
499,137338
499,139222
499,139538
499,140126
499,141058
499,142780
499,142646
499,143280
499,143526
499,143598
500,144146
500,144414
500,143776
500,142614
500,142216
500,142454
500,141520
500,144212
500,143186
500,141860
500,142900
500,144562
500,143096
500,143660
500,145010
500,144138
501,145440
501,145888
501,146390
501,147390
501,147160
501,149016
501,148130
501,148534
501,147154
501,145992
501,146354
501,146434
501,148350
501,146490
501,145882
501,146652
502,146872
502,145700
502,148886
502,147630
502,148526
502,149228
502,150622
502,150104
502,150752
502,149876
502,149644
502,149624
502,149554
502,150372
502,150934
502,154390
503,152714
503,150260
503,150308
503,150356
503,153142
503,155638
503,154636
503,151980
503,150344
503,149700
503,149978
503,152242
503,152504
503,151250
503,152928
503,153804
504,151906
504,152608
504,151698
504,153446
504,151476
504,154134
504,153148
504,151808
504,152896
504,151360
504,154384
504,154196
504,153644
504,155454
504,154262
504,152842
505,155950
505,156602
505,157074
505,156718
505,158720
505,158154
505,158122
505,159076
505,159388
505,158204
505,157362
505,158286
505,157446
505,161868
505,161562
505,159172
506,162372
506,161536
506,160346
506,160136
506,159238
506,157972
506,157800
506,156504
506,158020
506,160100
506,159788
506,161580
506,159052
506,160164
506,159984
506,161020
507,162594
507,164566
507,165132
507,165736
507,165936
507,165310
507,165266
507,167280
507,166610
507,167758
507,167724
507,168372
507,168058
507,169910
507,169644
507,170894
508,171910
508,170198
508,171050
508,170986
508,170920
508,171280
508,172346
508,169706
508,169044
508,168644
508,168706
508,170104
508,170978
508,173636
508,172540
508,171740
509,172606
509,172700
509,170998
509,170730
509,169610
509,171150
509,170592
509,171684
509,172018
509,170814
509,171134
509,171302
509,173614
509,173688
509,172914
509,171048
510,170866
510,169898
510,170216
510,170176
510,171846
510,174922
510,172808
510,174744
510,175526
510,175954
510,175194
510,174934
510,174358
510,177346
510,176862
510,175868
511,175226
511,176180
511,174618
511,176026
511,175712
511,176728
511,177424
511,176880
511,177768
511,175922
511,175770
511,175398
511,173948
511,175138
511,174790
511,175198
512,175532
512,175778
512,174478
512,174844
512,174594
512,174332
512,177582
512,178878
512,179046
512,179820
512,180924
512,180582
512,181086
512,181666
512,184184
512,183564
513,183844
513,182048
513,181980
513,182486
513,182004
513,181314
513,184790
513,182818
513,183418
513,184422
513,183786
513,185186
513,184108
513,183686
513,185656
513,186276
514,185100
514,186748
514,185970
514,186060
514,186556
514,184238
514,185718
514,185930
514,183774
514,183738
514,183602
514,183000
514,182500
514,183006
514,182892
514,182550
515,183046
515,183592
515,185476
515,186106
515,187116
515,186436
515,189360
515,189822
515,190062
515,190912
515,193458
515,192946
515,192710
515,192900
515,191438
515,191984
516,191572
516,192844
516,192350
516,191924
516,191850
516,191292
516,191454
516,191142
516,190362
516,189724
516,189696
516,188818
516,189922
516,189604
516,190760
516,190322
517,190736
517,192328
517,192420
517,194016
517,193004
517,193248
517,192426
517,191428
517,193174
517,192752
517,190950
517,192960
517,195100
517,193588
517,195308
517,195372
518,193120
518,194140
518,193340
518,195382
518,194180
518,196842
518,195798
518,195752
518,197046
518,198066
518,197510
518,198348
518,198062
518,197672
518,196938
518,198074
519,197314
519,197886
519,196316
519,195422
519,196362
519,196534
519,196754
519,196108
519,196618
519,195974
519,195706
519,196410
519,194576
519,194910
519,195844
519,196638
520,196428
520,197870
520,196964
520,198622
520,200124
520,201374
520,201178
520,199460
520,200522
520,200350
520,202210
520,202902
520,200352
520,199632
520,196274
520,197034
521,197688
521,196338
521,196592
521,194840
521,194930
521,197550
521,198340
521,199068
521,198228
521,198104
521,195512
521,197138
521,197626
521,198042
521,198116
521,196296
522,197314
522,197220
522,199992
522,197816
522,196334
522,198244
522,196860
522,199290
522,197052
522,196520
522,199074
522,200922
522,202258
522,202014
522,202084
522,202520
523,203146
523,202810
523,203392
523,203296
523,203150
523,202958
523,200460
523,201074
523,199656
523,199504
523,197586
523,196984
523,197552
523,196662
523,194440
523,195442
524,196702
524,196232
524,195944
524,196724
524,195182
524,194934
524,195452
524,195604
524,197376
524,196460
524,196060
524,196806
524,197786
524,197188
524,197614
524,196850
525,196522
525,195038
525,195252
525,195882
525,195350
525,196212
525,195702
525,194776
525,192776
525,193286
525,194160
525,191380
525,190290
525,193836
525,193080
525,192248
526,194546
526,192618
526,191380
526,193406
526,192250
526,192692
526,195362
526,194924
526,191894
526,193922
526,193442
526,191470
526,193344
526,191798
526,191714
526,191936
527,190520
527,190544
527,189774
527,190088
527,191854
527,190944
527,190240
527,191070
527,189792
527,190598
527,190736
527,192072
527,192478
527,191016
527,189866
527,187940
528,189662
528,188458
528,187284
528,188226
528,186084
528,186294
528,186704
528,185830
528,185868
528,185040
528,185448
528,185868
528,185516
528,182954
528,184178
528,184276
529,187070
529,185482
529,182648
529,184896
529,183326
529,182544
529,182714
529,181378
529,178562
529,179728
529,178040
529,177064
529,177918
529,176926
529,178040
529,179258
530,178890
530,178052
530,179580
530,179394
530,177906
530,176084
530,175622
530,174384
530,175332
530,175462
530,176250
530,173940
530,174498
530,174642
530,175580
530,174482
531,172220
531,172992
531,171536
531,171822
531,172300
531,170384
531,170722
531,172678
531,171370
531,172586
531,170634
531,170236
531,168748
531,168364
531,168694
531,167664
532,167696
532,166086
532,164848
532,164064
532,164710
532,162992
532,164166
532,164338
532,161546
532,160990
532,163228
532,161920
532,158730
532,162658
532,161242
532,161798
533,159990
533,160518
533,160534
533,159636
533,160844
533,160558
533,158218
533,160364
533,159386
533,160962
533,161546
533,160426
533,159592
533,159000
533,159158
533,157976
534,158192
534,158156
534,158396
534,158480
534,157622
534,156366
534,154658
534,157382
534,157678
534,158390
534,158690
534,157228
534,155452
534,154730
534,155880
534,153954
535,155278
535,154406
535,152524
535,151586
535,153254
535,152882
535,151632
535,151334
535,150408
535,148044
535,147072
535,146740
535,146272
535,144994
535,146276
535,146528
536,147872
536,146604
536,145666
536,146710
536,145502
536,146622
536,147968
536,150310
536,146804
536,147794
536,148372
536,149224
536,151116
536,149382
536,149244
536,147964
537,148800
537,148784
537,147312
537,149678
537,148652
537,146578
537,146850
537,145726
537,145912
537,144736
537,144856
537,143756
537,141870
537,139072
537,139382
537,139194
538,139980
538,138412
538,138104
538,138714
538,137906
538,138800
538,141334
538,140910
538,141230
538,142504
538,142396
538,140116
538,139522
538,137986
538,138884
538,137480
539,136174
539,136294
539,135480
539,135680
539,134812
539,134128
539,133048
539,132208
539,132138
539,131222
539,131500
539,128556
539,130168
539,129578
539,128506
539,128004
540,129772
540,128622
540,129144
540,127086
540,127994
540,128044
540,127386
540,127894
540,125484
540,126360
540,126040
540,126472
540,125876
540,124636
540,123920
540,123388
541,124714
541,123796
541,123734
541,124300
541,126580
541,126410
541,125542
541,124524
541,122560
541,120456
541,122332
541,123334
541,121786
541,123184
541,121238
541,120488
542,120372
542,119866
542,120516
542,119126
542,119104
542,120148
542,120296
542,122040
542,122868
542,122350
542,122136
542,123530
542,124304
542,123678
542,123302
542,121930
543,122320
543,123044
543,123480
543,123220
543,122428
543,121762
543,122562
543,123274
543,125330
543,124308
543,122714
543,124260
543,122746
543,124510
543,124896
543,122794
544,123576
544,124374
544,121786
544,122872
544,124350
544,122764
544,123024
544,121840
544,119466
544,119294
544,118236
544,118034
544,118696
544,118972
544,119958
544,119024
545,117482
545,118524
545,119794
545,121510
545,118800
545,118184
545,119824
545,121184
545,124292
545,124886
545,122860
545,122202
545,120592
545,122542
545,120952
545,120744
546,120616
546,117450
546,121300
546,120108
546,117952
546,118782
546,115912
546,115804
546,116266
546,115862
546,116932
546,115756
546,113476
546,116298
546,115558
546,115892
547,115534
547,113492
547,113716
547,114734
547,115840
547,117302
547,114548
547,114878
547,114414
547,112798
547,115080
547,114688
547,115464
547,116740
547,116614
547,116000
548,116590
548,115090
548,116388
548,117576
548,115944
548,115798
548,116332
548,116738
548,115888
548,115100
548,116810
548,115180
548,115924
548,117786
548,118842
548,118648
549,117568
549,117502
549,117862
549,118188
549,118528
549,116970
549,115566
549,112086
549,114246
549,117178
549,116126
549,115148
549,116226
549,114786
549,114084
549,116586
550,115258
550,116182
550,116028
550,116286
550,114824
550,114882
550,115522
550,116846
550,114918
550,115782
550,117916
550,115100
550,115606
550,114294
550,115558
550,115102
551,114388
551,113764
551,112992
551,114172
551,113454
551,115590
551,115332
551,114202
551,112386
551,114586
551,114540
551,116386
551,119502
551,119390
551,121024
551,120366
552,119454
552,119522
552,122432
552,122076
552,121348
552,121004
552,119190
552,120358
552,118098
552,117456
552,119440
552,117164
552,115286
552,117472
552,117432
552,115910
553,118484
553,115054
553,116884
553,119222
553,119006
553,119300
553,119764
553,120382
553,118960
553,120842
553,119596
553,120970
553,118578
553,120030
553,117860
553,118736
554,118852
554,118610
554,118892
554,119424
554,118556
554,120826
554,119734
554,119888
554,121920
554,124142
554,125374
554,126692
554,125770
554,126230
554,127310
554,127160
555,127418
555,128974
555,128520
555,127776
555,129404
555,128522
555,127390
555,126284
555,127210
555,127430
555,126862
555,127016
555,124330
555,124464
555,124734
555,124080
556,125210
556,125204
556,124818
556,122660
556,123670
556,124048
556,124424
556,123152
556,125734
556,126136
556,125716
556,127698
556,125436
556,126966
556,128952
556,126018
557,123846
557,124560
557,128366
557,128322
557,130396
557,131268
557,131478
557,132244
557,132794
557,133960
557,134638
557,133760
557,134732
557,136844
557,136856
557,134954
558,133430
558,132432
558,132864
558,133156
558,133140
558,133474
558,133556
558,131458
558,132930
558,133116
558,134744
558,132170
558,135166
558,133394
558,135890
558,136946
559,136756
559,138036
559,138548
559,139036
559,139798
559,139370
559,139580
559,138630
559,139460
559,139112
559,138458
559,137992
559,138692
559,137954
559,135140
559,136032
560,136860
560,137212
560,137800
560,138880
560,136042
560,138648
560,135650
560,138444
560,142442
560,138686
560,137420
560,134678
560,137552
560,140522
560,140106
560,138526
561,138746
561,138442
561,136950
561,137632
561,136582
561,138732
561,136576
561,137116
561,134888
561,135788
561,136246
561,135082
561,135772
561,136926
561,136808
561,135744
562,135748
562,134660
562,134962
562,134724
562,136250
562,137902
562,138622
562,139906
562,138988
562,139030
562,141494
562,138324
562,139750
562,141372
562,137550
562,139064
563,139122
563,138702
563,139148
563,141752
563,140416
563,140044
563,141262
563,138258
563,138522
563,138328
563,138828
563,140476
563,136770
563,137972
563,135152
563,141426
564,139460
564,137836
564,139590
564,139542
564,141476
564,137902
564,139248
564,137170
564,139470
564,139704
564,137650
564,138644
564,136566
564,137592
564,136088
564,135590
565,135478
565,134290
565,137000
565,135774
565,137898
565,138026
565,138820
565,139372
565,141324
565,138564
565,139184
565,140628
565,138312
565,139394
565,138914
565,139150
566,139846
566,139250
566,138864
566,138674
566,137644
566,136928
566,136668
566,138450
566,136626
566,135424
566,136432
566,135682
566,136196
566,136046
566,136662
566,136380
567,135698
567,134374
567,134336
567,134776
567,135332
567,134750
567,135578
567,133028
567,135336
567,134778
567,134026
567,134244
567,134970
567,134310
567,133366
567,134168
568,133862
568,134126
568,133056
568,131884
568,134036
568,133432
568,133328
568,134992
568,134000
568,133692
568,132736
568,132532
568,134686
568,135342
568,136426
568,135456
569,136512
569,136778
569,136780
569,137756
569,136432
569,137218
569,135888
569,132116
569,131540
569,131874
569,132004
569,130568
569,130834
569,127752
569,128436
569,129760
570,127476
570,127792
570,128834
570,127152
570,128986
570,130594
570,129078
570,127032
570,125040
570,127744
570,127742
570,126938
570,127152
570,128418
570,126972
570,126768
571,128270
571,125414
571,125704
571,126960
571,123120
571,124976
571,123580
571,124942
571,124284
571,125490
571,126974
571,126134
571,126708
571,123404
571,125322
571,126156
572,123206
572,126538
572,123800
572,126144
572,122932
572,122078
572,124534
572,124144
572,124884
572,124124
572,124718
572,123532
572,120860
572,122246
572,121264
572,120224
573,120216
573,118982
573,118572
573,119778
573,120178
573,119958
573,121396
573,121664
573,120350
573,120770
573,121358
573,118780
573,119020
573,119832
573,119566
573,119844
574,119790
574,119448
574,120324
574,118190
574,118264
574,119618
574,122338
574,118820
574,118396
574,117448
574,113764
574,118456
574,117804
574,117330
574,113140
574,111842
575,111604
575,110678
575,112190
575,112736
575,113500
575,112086
575,109376
575,107900
575,108162
575,107244
575,108364
575,107740
575,110738
575,108874
575,107906
575,110582
576,113124
576,112432
576,111660
576,111752
576,108596
576,106810
576,107624
576,107526
576,107684
576,108494
576,107902
576,109336
576,106722
576,106902
576,105376
576,105744
577,104140
577,104440
577,104282
577,101906
577,101966
577,103694
577,103550
577,101584
577,102802
577,103914
577,103250
577,103512
577,100458
577,102932
577,103214
577,106484
578,103898
578,103350
578,102306
578,100656
578,100832
578,99930
578,101386
578,99144
578,99336
578,100148
578,99432
578,100672
578,99798
578,101310
578,100314
578,101240
579,101346
579,98190
579,100506
579,97878
579,98972
579,97384
579,98016
579,99132
579,98820
579,97436
579,99564
579,98622
579,100344
579,97746
579,98220
579,94040
580,94960
580,96518
580,97246
580,97330
580,99084
580,99272
580,99594
580,98224
580,98272
580,98598
580,98650
580,100304
580,97924
580,98244
580,95914
580,95982
581,96032
581,95768
581,99068
581,94698
581,94482
581,94032
581,93770
581,94660
581,95356
581,98508
581,92332
581,89062
581,90294
581,89080
581,89202
581,88354
582,89544
582,89500
582,91406
582,90510
582,91794
582,91272
582,90744
582,92806
582,93866
582,92230
582,88884
582,88836
582,89462
582,90158
582,88070
582,87780
583,88756
583,86888
583,84710
583,84590
583,84894
583,85558
583,87810
583,87126
583,88134
583,88362
583,89894
583,89198
583,88856
583,90996
583,92252
583,94246
584,93062
584,92502
584,91706
584,91554
584,91632
584,91158
584,89996
584,88760
584,91972
584,89924
584,88810
584,91984
584,88954
584,87144
584,85816
584,87000
585,87904
585,84980
585,87210
585,88420
585,88650
585,86460
585,86608
585,88932
585,86928
585,88716
585,88704
585,90358
585,87896
585,86372
585,86936
585,86956
586,85238
586,85838
586,83920
586,84832
586,86752
586,86308
586,86192
586,84060
586,86430
586,87196
586,86902
586,87696
586,86164
586,85342
586,85610
586,85948
587,88278
587,85964
587,86670
587,86582
587,85072
587,85896
587,87728
587,83956
587,84950
587,84580
587,83878
587,84354
587,84134
587,86124
587,86716
587,87974
588,88020
588,91134
588,88768
588,87926
588,92344
588,90100
588,91518
588,91164
588,91998
588,91846
588,91570
588,91772
588,91088
588,92880
588,90672
588,91856
589,92640
589,91924
589,92242
589,90736
589,91472
589,91200
589,90676
589,89280
589,86256
589,88410
589,87818
589,90188
589,87216
589,88004
589,88072
589,88136
590,88070
590,89760
590,89556
590,91376
590,91470
590,89056
590,89754
590,88740
590,88086
590,88754
590,89470
590,91626
590,92134
590,88738
590,90056
590,89628
591,89970
591,89186
591,86818
591,88570
591,84718
591,85672
591,85682
591,86994
591,86834
591,85374
591,88174
591,85890
591,86416
591,87360
591,86584
591,88864
592,88692
592,88920
592,89302
592,90446
592,93258
592,91210
592,93190
592,94348
592,92716
592,94592
592,93982
592,91992
592,90564
592,87724
592,88104
592,91826
593,89240
593,87946
593,88212
593,89684
593,90742
593,91026
593,89970
593,89752
593,89994
593,91056
593,90574
593,89682
593,90890
593,92816
593,90868
593,90354
594,90826
594,86624
594,90010
594,88988
594,88006
594,89012
594,89440
594,88910
594,88702
594,89690
594,92164
594,92300
594,93230
594,94638
594,96590
594,95176
595,95048
595,94980
595,97742
595,96594
595,96212
595,97056
595,95802
595,94244
595,95716
595,92568
595,94018
595,90374
595,93204
595,92406
595,92128
595,92754
596,91234
596,92266
596,92690
596,92162
596,91310
596,91198
596,94008
596,92430
596,91228
596,91490
596,91144
596,90988
596,91760
596,95070
596,94168
596,92112
597,94504
597,93366
597,94126
597,93734
597,94448
597,96428
597,97092
597,98806
597,97686
597,99324
597,98136
597,97894
597,97936
597,97526
597,98978
597,101598
598,101738
598,100376
598,101476
598,101018
598,99898
598,100114
598,102664
598,102660
598,103492
598,102938
598,105208
598,106920
598,105652
598,104318
598,102268
598,103332
599,103594
599,102034
599,101422
599,102760
599,102722
599,100792
599,97248
599,99186
599,97854
599,98430
599,99624
599,99550
599,97992
599,99238
599,98960
599,96514
600,98040
600,98918
600,97032
600,97158
600,98846
600,98432
600,99472
600,98176
600,97942
600,100000
600,99438
600,98422
600,100560
600,100822
600,100960
600,101926
601,105820
601,102406
601,102944
601,104564
601,102726
601,104002
601,105276
601,105986
601,103496
601,103042
601,102404
601,102080
601,102078
601,103020
601,102166
601,101844
602,100652
602,99226
602,102204
602,102560
602,102612
602,104410
602,105070
602,102702
602,103988
602,104718
602,103166
602,105232
602,106710
602,105178
602,104962
602,106436
603,102280
603,104566
603,107256
603,106110
603,105886
603,104314
603,107046
603,105818
603,106850
603,107762
603,109966
603,109742
603,108488
603,108268
603,107672
603,107858
604,107954
604,109258
604,107544
604,108940
604,109034
604,106032
604,106112
604,106800
604,107430
604,108268
604,106714
604,106290
604,105216
604,106198
604,108220
604,109258
605,111094
605,109536
605,109592
605,107564
605,106694
605,110882
605,110276
605,108892
605,111242
605,108352
605,108010
605,111028
605,110834
605,110610
605,111054
605,111166
606,109648
606,110782
606,112646
606,112348
606,112950
606,113532
606,112452
606,112354
606,114514
606,112066
606,112822
606,112756
606,111226
606,112100
606,111306
606,109820
607,108174
607,107828
607,104830
607,108444
607,108340
607,108068
607,108158
607,107742
607,112228
607,107918
607,108572
607,111978
607,110584
607,112806
607,108602
607,110268
608,111120
608,109110
608,113548
608,115138
608,114598
608,116448
608,112996
608,113914
608,114034
608,115730
608,113554
608,112924
608,111800
608,113810
608,114734
608,112430
609,111558
609,111254
609,109942
609,110710
609,112252
609,111704
609,111698
609,112062
609,111116
609,111302
609,114018
609,115924
609,116334
609,117082
609,117348
609,116392
610,115340
610,114720
610,117100
610,117018
610,114770
610,111548
610,109410
610,109532
610,110112
610,110326
610,109058
610,107290
610,106406
610,106680
610,106090
610,107478
611,106652
611,107268
611,109858
611,107946
611,107180
611,109000
611,108608
611,108376
611,107142
611,107004
611,106742
611,105808
611,106910
611,104806
611,105920
611,107682
612,107920
612,106576
612,106008
612,105376
612,105664
612,104606
612,105652
612,105840
612,106992
612,105778
612,106054
612,106730
612,106984
612,108068
612,110002
612,108656
613,107606
613,105842
613,108820
613,108214
613,107984
613,107424
613,105354
613,107880
613,107716
613,107478
613,106216
613,106382
613,108892
613,107408
613,106518
613,105278
614,102678
614,103326
614,101200
614,104438
614,105264
614,104458
614,102648
614,103732
614,104546
614,105914
614,105554
614,105824
614,107212
614,105572
614,107382
614,107872
615,105562
615,105762
615,105592
615,106622
615,104774
615,105010
615,105418
615,104896
615,103914
615,103966
615,104328
615,103516
615,103718
615,103028
615,103472
615,103210
616,105230
616,104106
616,106118
616,104416
616,103572
616,102094
616,103704
616,104272
616,105484
616,105564
616,103982
616,103304
616,105542
616,105182
616,104044
616,101764
617,100940
617,98884
617,97518
617,100850
617,99206
617,99240
617,99342
617,97934
617,95850
617,95008
617,95436
617,94344
617,95122
617,97546
617,96496
617,95870
618,96474
618,98762
618,101150
618,102254
618,103488
618,104472
618,104218
618,105446
618,103296
618,103670
618,103392
618,103886
618,102574
618,102434
618,103156
618,104632
619,104512
619,105274
619,101686
619,101532
619,99376
619,99372
619,98306
619,100038
619,101150
619,100556
619,99196
619,98868
619,97898
619,95218
619,96874
619,96570
620,96662
620,97500
620,95628
620,97082
620,96942
620,96154
620,97442
620,96384
620,97650
620,96540
620,95860
620,94966
620,93342
620,92582
620,94412
620,96722
621,97240
621,97606
621,97524
621,97172
621,96782
621,99606
621,99466
621,96308
621,94962
621,93304
621,91838
621,93778
621,94160
621,94586
621,95602
621,92980
622,93462
622,95422
622,95396
622,93952
622,94324
622,92290
622,93132
622,93194
622,93854
622,93454
622,93704
622,93472
622,94540
622,93748
622,95032
622,94094
623,91938
623,91882
623,91906
623,88284
623,87998
623,87246
623,86368
623,86014
623,88882
623,88686
623,88912
623,88408
623,89828
623,91320
623,91144
623,93390
624,90806
624,93130
624,95196
624,95064
624,94880
624,92462
624,91302
624,91840
624,91172
624,90422
624,90076
624,89276
624,91326
624,89482
624,88508
624,92230
625,91364
625,92016
625,89952
625,88820
625,87860
625,88530
625,90966
625,90096
625,90220
625,91490
625,91824
625,92168
625,93522
625,91184
625,92768
625,92984
626,90398
626,90598
626,91488
626,89504
626,89220
626,90858
626,88442
626,89216
626,89768
626,91294
626,90896
626,92160
626,93224
626,94678
626,96094
626,93234
627,95136
627,94158
627,92296
627,92800
627,91336
627,91394
627,89652
627,91392
627,91958
627,91158
627,89736
627,88792
627,87544
627,87332
627,88588
627,87248
628,86922
628,88622
628,86178
628,84354
628,86014
628,87694
628,87692
628,87166
628,87912
628,88456
628,87682
628,88610
628,88680
628,87762
628,89658
628,90090
629,86722
629,88306
629,86196
629,85470
629,87794
629,84610
629,84792
629,85224
629,84174
629,86204
629,85336
629,86660
629,86220
629,87060
629,88552
629,87574
630,87830
630,86092
630,85564
630,85480
630,86448
630,86730
630,86098
630,84216
630,83202
630,83722
630,81800
630,81828
630,82854
630,81802
630,80340
630,79888
631,82456
631,81512
631,80968
631,79282
631,79772
631,80194
631,79230
631,81344
631,81412
631,79376
631,81038
631,82298
631,82276
631,80114
631,79810
631,79548
632,80332
632,79762
632,82776
632,82264
632,82636
632,79478
632,79414
632,79376
632,79614
632,80996
632,80750
632,80554
632,80324
632,81798
632,80808
632,81114
633,81596
633,80044
633,82302
633,82210
633,82598
633,82424
633,82838
633,81858
633,82056
633,81604
633,82542
633,80682
633,80322
633,82152
633,81346
633,80462
634,82182
634,81582
634,84074
634,83446
634,82564
634,84602
634,87814
634,86796
634,85914
634,87558
634,87020
634,87930
634,89276
634,87110
634,84460
634,83530
635,84192
635,86888
635,85824
635,85880
635,84470
635,85394
635,83954
635,84900
635,86614
635,85812
635,85052
635,86494
635,83694
635,83970
635,83484
635,82078
636,83176
636,81142
636,82784
636,82772
636,80670
636,80810
636,82714
636,83048
636,82966
636,82150
636,82060
636,83466
636,85700
636,82446
636,81782
636,82666
637,84128
637,84892
637,83588
637,84878
637,86086
637,86210
637,84574
637,84182
637,86278
637,86450
637,85856
637,84756
637,83364
637,83086
637,82244
637,82644
638,84040
638,84262
638,85942
638,84898
638,84722
638,85102
638,85610
638,84606
638,82646
638,82668
638,81986
638,81578
638,82390
638,84750
638,86010
638,87532
639,86994
639,84246
639,86124
639,86518
639,89580
639,89804
639,87722
639,87018
639,87148
639,87342
639,87774
639,88426
639,90418
639,88826
639,88808
639,87088
640,86416
640,87554
640,88038
640,86934
640,86168
640,86852
640,85980
640,86502
640,89032
640,87542
640,86134
640,87618
640,87312
640,86724
640,86806
640,85646
641,86016
641,85494
641,85770
641,85496
641,84634
641,82754
641,84408
641,85930
641,83920
641,84724
641,84706
641,82122
641,81932
641,84492
641,82960
641,84264
642,86002
642,85582
642,85790
642,87508
642,87542
642,87984
642,88490
642,88208
642,87438
642,88104
642,86020
642,84888
642,83670
642,82170
642,83628
642,84388
643,86130
643,84250
643,83902
643,82252
643,83432
643,83046
643,83632
643,85108
643,85246
643,83236
643,83874
643,85542
643,84856
643,86274
643,85958
643,85980
644,86704
644,85654
644,84770
644,85706
644,84902
644,85658
644,86090
644,89290
644,88352
644,87466
644,89860
644,88932
644,88912
644,88152
644,87626
644,86646
645,85550
645,86476
645,84840
645,84312
645,82848
645,83662
645,85122
645,83982
645,82336
645,83098
645,82784
645,80158
645,81738
645,80638
645,78998
645,81568
646,81042
646,81134
646,82374
646,80534
646,81210
646,81878
646,80312
646,78812
646,78270
646,81752
646,81924
646,80328
646,80650
646,78994
646,78370
646,79302
647,78534
647,80118
647,79568
647,79106
647,79652
647,80964
647,81176
647,80110
647,80660
647,81750
647,80282
647,79336
647,79316
647,79750
647,80258
647,80658
648,80034
648,77990
648,77534
648,76876
648,77808
648,77956
648,76054
648,76504
648,75124
648,74700
648,73166
648,72492
648,72416
648,73006
648,73536
648,74770
649,75548
649,74302
649,75530
649,76026
649,77100
649,75652
649,74686
649,74550
649,76086
649,76918
649,76408
649,76288
649,76588
649,76470
649,74830
649,74728
650,77146
650,74972
650,76824
650,77392
650,77738
650,77602
650,78236
650,77042
650,74714
650,74638
650,75272
650,74346
650,76946
650,78948
650,78156
650,78224
651,77142
651,79206
651,79846
651,76764
651,77764
651,76460
651,73694
651,74788
651,74536
651,72528
651,69870
651,71566
651,70876
651,71976
651,73766
651,74724
652,75790
652,73334
652,72708
652,73166
652,71992
652,70994
652,71942
652,72898
652,72178
652,72362
652,72266
652,72984
652,72030
652,70922
652,67634
652,67646
653,68438
653,69024
653,68932
653,70650
653,70820
653,69174
653,72030
653,72044
653,72384
653,71626
653,72154
653,70658
653,72348
653,70088
653,68880
653,67248
654,70454
654,70930
654,70816
654,72582
654,71452
654,70854
654,67752
654,67472
654,66322
654,66144
654,68568
654,68138
654,69676
654,71898
654,71386
654,72710
655,70700
655,71504
655,71396
655,70992
655,72612
655,71110
655,71264
655,71828
655,71040
655,68960
655,70556
655,69594
655,68300
655,67934
655,68046
655,65704
656,66014
656,66928
656,67416
656,64864
656,65030
656,64872
656,65576
656,64208
656,63370
656,61990
656,63114
656,64428
656,61392
656,62124
656,63702
656,63750
657,63058
657,64902
657,66124
657,66480
657,64966
657,63642
657,63348
657,65724
657,66096
657,68710
657,69354
657,67620
657,67080
657,69052
657,71194
657,70146
658,69290
658,67830
658,66104
658,66360
658,66544
658,65578
658,65728
658,66226
658,61628
658,63154
658,67024
658,65036
658,65044
658,64758
658,64472
658,65808
659,64940
659,65594
659,67334
659,65134
659,64820
659,62928
659,63774
659,62852
659,65234
659,65866
659,64256
659,64962
659,62086
659,65156
659,66406
659,64770
660,66358
660,65732
660,65628
660,67136
660,65852
660,67574
660,67716
660,66402
660,66956
660,66860
660,68828
660,67790
660,68132
660,68472
660,69328
660,68640
661,66182
661,65780
661,64674
661,64268
661,64306
661,63636
661,61616
661,60126
661,61946
661,60614
661,62314
661,62806
661,61020
661,60494
661,62856
661,61708
662,60528
662,63314
662,63206
662,63142
662,63638
662,63870
662,63662
662,62654
662,62398
662,61432
662,62932
662,61622
662,62020
662,60926
662,59492
662,58532
663,56720
663,56854
663,58170
663,57224
663,56170
663,55838
663,54972
663,55548
663,54912
663,58306
663,56154
663,55630
663,56932
663,56088
663,54852
663,57728
664,59034
664,58994
664,58096
664,58364
664,57620
664,58648
664,61966
664,62666
664,59492
664,60488
664,60616
664,60638
664,60518
664,58788
664,59030
664,58394
665,59272
665,59462
665,60522
665,59028
665,56118
665,57086
665,57784
665,59600
665,57584
665,57170
665,58096
665,56266
665,56008
665,55072
665,56898
665,57844
666,59264
666,57396
666,57608
666,57216
666,56922
666,59206
666,58566
666,56360
666,56232
666,56908
666,56918
666,56560
666,56580
666,55490
666,55838
666,56784
667,56710
667,54024
667,55704
667,56674
667,57536
667,56418
667,55986
667,54928
667,55872
667,56106
667,58610
667,58266
667,57586
667,59330
667,57860
667,56536
668,56734
668,57838
668,57706
668,58314
668,58338
668,57832
668,59294
668,59202
668,58850
668,57426
668,56074
668,57712
668,56722
668,56886
668,57374
668,55946
669,57610
669,57070
669,57188
669,56064
669,57550
669,56004
669,55714
669,56878
669,57896
669,55406
669,52204
669,53506
669,52594
669,52050
669,53712
669,53770
670,53604
670,54386
670,55470
670,54736
670,55610
670,55488
670,55112
670,56192
670,56624
670,56110
670,55694
670,55374
670,57632
670,58068
670,58762
670,57162
671,55070
671,54686
671,53508
671,52954
671,53116
671,56310
671,53170
671,55206
671,54258
671,50812
671,50988
671,52258
671,53532
671,53734
671,53838
671,52886
672,53886
672,53336
672,51462
672,50908
672,51458
672,48662
672,50244
672,49960
672,52234
672,52914
672,51056
672,51702
672,52204
672,52768
672,51158
672,53156
673,55794
673,55972
673,55292
673,56242
673,55884
673,55272
673,54842
673,53194
673,53384
673,52522
673,52738
673,54292
673,54516
673,51922
673,53822
673,54134
674,54532
674,53870
674,56652
674,57206
674,55782
674,57520
674,60038
674,58798
674,56304
674,58324
674,58154
674,57086
674,58572
674,57210
674,57946
674,56814
675,58712
675,58174
675,58126
675,57392
675,56088
675,55880
675,57128
675,56178
675,57776
675,56374
675,55692
675,56558
675,57198
675,59008
675,59470
675,58974
676,58412
676,58054
676,58810
676,58770
676,58078
676,58060
676,57328
676,58120
676,57716
676,56602
676,56672
676,58244
676,59498
676,59030
676,58086
676,58208
677,57630
677,58524
677,58638
677,57350
677,57436
677,60830
677,60938
677,58452
677,60450
677,59808
677,61264
677,61760
677,64066
677,62048
677,61742
677,60388
678,60336
678,63584
678,64516
678,61360
678,61166
678,62164
678,60426
678,61380
678,61686
678,62144
678,61018
678,60092
678,60952
678,60442
678,62824
678,63758
679,62214
679,61938
679,60466
679,62382
679,61358
679,62184
679,62606
679,64034
679,64778
679,60462
679,60874
679,60504
679,59244
679,61006
679,60746
679,63248
680,63556
680,63064
680,61202
680,63756
680,63034
680,63282
680,64608
680,64808
680,63042
680,64300
680,64950
680,63590
680,63514
680,60654
680,61348
680,62734
681,62506
681,60712
681,60288
681,60844
681,61478
681,62404
681,61586
681,61806
681,61208
681,63836
681,63000
681,62634
681,63756
681,63720
681,65622
681,64136
682,62398
682,59030
682,60960
682,61558
682,60850
682,62888
682,63732
682,60686
682,60552
682,61012
682,63050
682,60316
682,59456
682,58856
682,57682
682,59512
683,58954
683,59486
683,61730
683,60998
683,58552
683,60182
683,59534
683,57518
683,58728
683,59414
683,58508
683,57868
683,58070
683,61654
683,61836
683,61400
684,62904
684,65128
684,64636
684,65466
684,66850
684,65208
684,64522
684,65966
684,63318
684,63006
684,63596
684,63100
684,62152
684,62572
684,65000
684,62586
685,59164
685,58700
685,58986
685,57512
685,57010
685,57922
685,55926
685,55868
685,57282
685,56864
685,57910
685,57744
685,56958
685,58506
685,60700
685,61362
686,59560
686,63764
686,64246
686,63892
686,65822
686,65572
686,67682
686,67482
686,67528
686,65404
686,63596
686,64032
686,63840
686,63804
686,65416
686,63834
687,62744
687,63422
687,63000
687,61548
687,60832
687,60456
687,62366
687,61136
687,61224
687,62074
687,60182
687,59352
687,62640
687,62856
687,61618
687,63354
688,62644
688,63720
688,64452
688,64170
688,62300
688,62894
688,63406
688,64366
688,67310
688,65322
688,64690
688,66222
688,65886
688,67302
688,65342
688,66544
689,64584
689,64640
689,63368
689,64046
689,63872
689,62010
689,62754
689,62918
689,64142
689,63366
689,65828
689,64944
689,66654
689,65846
689,66014
689,66660
690,66142
690,65206
690,67220
690,66582
690,65626
690,65068
690,64916
690,66920
690,65742
690,68158
690,66182
690,66340
690,64904
690,65722
690,68844
690,68578
691,70420
691,69506
691,68936
691,70384
691,71028
691,70992
691,69172
691,67928
691,68008
691,67254
691,69046
691,69006
691,69434
691,69560
691,69304
691,68886
692,68674
692,68820
692,68346
692,67074
692,65558
692,68980
692,68102
692,66760
692,69612
692,70572
692,70790
692,70454
692,69774
692,70268
692,69244
692,68472
693,69378
693,67658
693,66760
693,67582
693,66128
693,68104
693,69286
693,69324
693,71512
693,72586
693,71944
693,71854
693,72120
693,71180
693,69674
693,70532
694,69984
694,72254
694,74822
694,75994
694,75440
694,74300
694,74910
694,75842
694,76056
694,75338
694,74640
694,74900
694,73548
694,72996
694,72456
694,73414
695,73074
695,73488
695,75660
695,75036
695,75168
695,75702
695,74012
695,75186
695,76324
695,75466
695,75674
695,76986
695,78464
695,77168
695,79418
695,77330
696,75492
696,76004
696,76058
696,76656
696,76360
696,77080
696,75906
696,78230
696,76638
696,76842
696,77352
696,78652
696,79312
696,77010
696,77832
696,77398
697,75904
697,76556
697,77854
697,75686
697,76430
697,78494
697,77320
697,77794
697,76340
697,76664
697,76414
697,77130
697,74400
697,73096
697,76420
697,76648
698,77732
698,78524
698,78790
698,79072
698,77960
698,79876
698,81488
698,82060
698,81350
698,81772
698,83604
698,83562
698,83056
698,82570
698,81236
698,81916
699,86760
699,86190
699,85822
699,86308
699,83742
699,81962
699,82998
699,82216
699,84424
699,83730
699,80586
699,81674
699,82336
699,85020
699,85464
699,84238
700,84844
700,85620
700,86964
700,86144
700,86684
700,86994
700,86514
700,85662
700,86048
700,86892
700,84704
700,84618
700,84930
700,85220
700,88278
700,87740
701,83668
701,80652
701,82286
701,82414
701,86042
701,87472
701,85766
701,85534
701,87698
701,88428
701,87334
701,87668
701,85404
701,84794
701,85644
701,88488
702,87382
702,89328
702,90298
702,89012
702,88760
702,89326
702,88278
702,88300
702,86472
702,85672
702,86632
702,86720
702,86772
702,85856
702,87026
702,85050
703,83638
703,83522
703,82712
703,82464
703,82580
703,83864
703,82072
703,81574
703,82198
703,82612
703,85104
703,86188
703,87344
703,88810
703,87260
703,87160
704,87686
704,88726
704,91388
704,91364
704,90626
704,93550
704,89134
704,87992
704,87654
704,88108
704,89486
704,87990
704,84514
704,82180
704,80344
704,82558
705,82754
705,83120
705,84240
705,83168
705,85898
705,86280
705,88144
705,90680
705,89642
705,91028
705,89952
705,89090
705,92504
705,92226
705,93448
705,95676
706,96510
706,94548
706,93348
706,94480
706,92952
706,93120
706,94438
706,92908
706,92874
706,91782
706,93396
706,91720
706,92438
706,94132
706,96012
706,97890
707,97760
707,97016
707,96764
707,96520
707,99092
707,99332
707,100926
707,100294
707,99810
707,100034
707,99420
707,102500
707,103018
707,103058
707,104960
707,103304
708,102266
708,103060
708,106016
708,106270
708,106586
708,106746
708,104430
708,105298
708,104160
708,103440
708,106534
708,107074
708,106890
708,107994
708,106694
708,107356
709,111802
709,110450
709,110776
709,111328
709,109534
709,109604
709,108460
709,108732
709,108844
709,108630
709,110586
709,109804
709,109112
709,109776
709,113402
709,115108
710,114626
710,116424
710,115462
710,113820
710,114256
710,116136
710,117770
710,116132
710,118618
710,120514
710,119958
710,119596
710,121014
710,121426
710,121722
710,123354
711,122448
711,121930
711,121504
711,121084
711,119578
711,119868
711,122576
711,122452
711,125476
711,124196
711,123558
711,124098
711,124704
711,126538
711,127352
711,127012
712,128254
712,129546
712,126546
712,131214
712,131452
712,131594
712,130966
712,131576
712,130352
712,130656
712,129930
712,129286
712,130888
712,128698
712,129996
712,129602
713,131792
713,131900
713,134340
713,134822
713,134114
713,135378
713,136996
713,137562
713,138780
713,138154
713,140986
713,141632
713,141678
713,142756
713,145114
713,144060
714,146098
714,145794
714,144572
714,142802
714,144040
714,142856
714,142270
714,143162
714,144384
714,143576
714,142888
714,143048
714,143704
714,143198
714,142462
714,142356
715,143648
715,146458
715,148056
715,147016
715,147164
715,149792
715,148794
715,150304
715,150428
715,150794
715,151338
715,150318
715,151908
715,151942
715,152134
715,148946
716,150790
716,152412
716,150630
716,153754
716,151862
716,152524
716,153230
716,152544
716,153868
716,153470
716,153392
716,153030
716,154520
716,155008
716,155508
716,156932
717,157616
717,159950
717,159392
717,158164
717,159400
717,159196
717,160432
717,161910
717,160610
717,163108
717,163756
717,162992
717,163836
717,164550
717,164610
717,163348
718,166638
718,164788
718,165160
718,164660
718,166096
718,167008
718,165104
718,166110
718,164672
718,163728
718,164964
718,165674
718,167442
718,164766
718,167522
718,169140
719,168100
719,171952
719,171456
719,172184
719,172372
719,176152
719,178648
719,177592
719,177654
719,178340
719,178484
719,181114
719,179166
719,180026
719,179078
719,178776
720,179986
720,180838
720,178108
720,177620
720,175832
720,175696
720,178008
720,179076
720,178064
720,178446
720,178280
720,177784
720,179932
720,179898
720,179030
720,180990
721,179400
721,177604
721,178830
721,178694
721,178354
721,180546
721,180912
721,180350
721,179836
721,178972
721,180008
721,179542
721,180496
721,181830
721,182536
721,183684
722,184006
722,183776
722,183058
722,185188
722,184382
722,187802
722,186204
722,185986
722,185090
722,186380
722,184908
722,183840
722,185692
722,184202
722,184918
722,186232
723,189564
723,187534
723,188340
723,188508
723,185298
723,187306
723,187312
723,188530
723,186174
723,188170
723,189130
723,190258
723,190568
723,189176
723,187734
723,186396
724,188152
724,188684
724,189018
724,190330
724,187728
724,188904
724,189328
724,189440
724,189484
724,190152
724,189854
724,189726
724,188816
724,189858
724,190646
724,188950
725,190358
725,187420
725,187606
725,190106
725,190156
725,188882
725,188360
725,191438
725,189526
725,189312
725,190420
725,190580
725,188014
725,190602
725,194152
725,192824
726,193014
726,192932
726,191272
726,193080
726,195068
726,193696
726,194516
726,193322
726,191190
726,192452
726,193444
726,194394
726,193898
726,192946
726,195806
726,195100
727,197086
727,197348
727,197086
727,197164
727,200470
727,199528
727,199216
727,199084
727,198788
727,197498
727,198390
727,199056
727,197762
727,197878
727,198084
727,194274
728,193916
728,193514
728,195748
728,194920
728,195882
728,196722
728,193566
728,192204
728,191802
728,192512
728,191354
728,192078
728,194628
728,193254
728,195348
728,194558
729,194360
729,194752
729,193068
729,192796
729,193180
729,196202
729,196386
729,197536
729,194424
729,196360
729,199160
729,200392
729,201236
729,203042
729,201016
729,202136
730,205152
730,208586
730,205492
730,205546
730,206810
730,206454
730,207522
730,206330
730,207244
730,205766
730,204996
730,205204
730,202348
730,203504
730,203796
730,201266
731,199918
731,198422
731,198002
731,199896
731,199556
731,198726
731,195548
731,198128
731,198070
731,197018
731,195448
731,196794
731,196860
731,198974
731,198754
731,199570
732,200440
732,200356
732,200814
732,203552
732,203562
732,204982
732,204240
732,206032
732,206138
732,206260
732,207980
732,206938
732,207672
732,205838
732,203798
732,206104
733,206542
733,206564
733,203994
733,204284
733,203632
733,201732
733,202808
733,200906
733,203914
733,200770
733,200660
733,198694
733,198330
733,197884
733,197286
733,197856
734,196964
734,199018
734,196800
734,195434
734,197656
734,197212
734,195602
734,199342
734,199498
734,200870
734,201366
734,203266
734,205336
734,206072
734,206870
734,207872
735,206964
735,206408
735,206416
735,206624
735,205682
735,204396
735,202644
735,202704
735,203020
735,204220
735,202630
735,200614
735,201102
735,200968
735,202842
735,203340
736,200346
736,199344
736,199242
736,201002
736,201912
736,203454
736,202702
736,203326
736,200760
736,201050
736,200276
736,201750
736,202954
736,202624
736,201698
736,202430
737,202706
737,201892
737,203004
737,204946
737,205686
737,204972
737,206522
737,207294
737,204918
737,204848
737,209808
737,210136
737,210578
737,207746
737,205436
737,205460
738,207178
738,209032
738,210120
738,209086
738,206832
738,207302
738,207532
738,207528
738,208252
738,207138
738,208192
738,203890
738,200454
738,201142
738,205270
738,203944
739,203298
739,202758
739,202096
739,201056
739,199854
739,203078
739,203344
739,201306
739,203808
739,203534
739,205048
739,205804
739,207374
739,207240
739,209402
739,209600
740,210526
740,212416
740,210410
740,210136
740,208242
740,210274
740,209416
740,209030
740,211470
740,209550
740,211496
740,210696
740,211740
740,210540
740,210416
740,209302
741,207234
741,206690
741,206060
741,204644
741,206124
741,205516
741,207480
741,207660
741,207708
741,208738
741,206784
741,206566
741,208790
741,207592
741,208870
741,207268
742,206778
742,208316
742,207886
742,208538
742,208236
742,209520
742,209142
742,208478
742,209696
742,209596
742,210866
742,209256
742,210554
742,210836
742,210430
742,209386
743,211800
743,212800
743,210918
743,212618
743,214052
743,210598
743,211998
743,209388
743,210682
743,211086
743,210380
743,211620
743,207624
743,209286
743,210628
743,207860
744,206722
744,208916
744,210954
744,209346
744,209732
744,207788
744,208160
744,210232
744,209822
744,206954
744,206506
744,205958
744,205088
744,204712
744,207768
744,206168
745,204906
745,207630
745,207588
745,207336
745,209548
745,208322
745,208936
745,209178
745,206008
745,207180
745,206446
745,207812
745,210186
745,210202
745,207272
745,208174
746,208536
746,209536
746,211902
746,208238
746,207916
746,207562
746,207936
746,207672
746,205720
746,203118
746,204492
746,204440
746,204198
746,206382
746,205530
746,205648
747,204920
747,206406
747,208736
747,208290
747,206856
747,207590
747,208116
747,208590
747,209548
747,205182
747,205796
747,204882
747,205324
747,205438
747,203596
747,205942
748,205042
748,204348
748,205460
748,202968
748,202806
748,202468
748,200932
748,199112
748,198846
748,201948
748,202434
748,201962
748,203850
748,205002
748,202324
748,203868
749,204110
749,203272
749,202690
749,202924
749,203816
749,202582
749,203004
749,204754
749,203248
749,202478
749,201140
749,200244
749,201046
749,200214
749,199910
749,200086
750,201328
750,198664
750,198344
750,201292
750,200608
750,200830
750,202066
750,201608
750,201746
750,200680
750,201524
750,201390
750,201086
750,204168
750,204698
750,204376
751,205832
751,202596
751,202168
751,202158
751,205180
751,203036
751,201530
751,204556
751,203570
751,204902
751,205270
751,203440
751,203358
751,203198
751,202902
751,202184
752,199800
752,200250
752,198492
752,198740
752,200960
752,199766
752,198452
752,199466
752,196752
752,200512
752,198926
752,197652
752,196914
752,197552
752,197482
752,196844
753,196278
753,194902
753,193886
753,193700
753,195444
753,196278
753,195300
753,193080
753,192020
753,194936
753,196344
753,194890
753,198536
753,196726
753,196138
753,192678
754,192862
754,194518
754,194462
754,195568
754,196068
754,194178
754,192438
754,193502
754,191732
754,194256
754,193598
754,193342
754,194248
754,194536
754,196300
754,194640
755,192710
755,193896
755,193050
755,191970
755,190468
755,188680
755,191812
755,192626
755,192796
755,192360
755,189938
755,188544
755,189722
755,190222
755,191174
755,190280
756,188962
756,188234
756,189626
756,188810
756,188280
756,186568
756,188196
756,188886
756,190382
756,187536
756,186696
756,186986
756,188748
756,191122
756,188994
756,187284
757,187102
757,190422
757,189118
757,188782
757,191624
757,191294
757,192076
757,190546
757,190240
757,189444
757,191292
757,190310
757,189576
757,188342
757,189258
757,189462
758,189732
758,190830
758,189836
758,189906
758,186976
758,189226
758,188382
758,188344
758,188820
758,188406
758,189172
758,188312
758,186754
758,188586
758,184998
758,184970
759,187156
759,188568
759,188782
759,189218
759,190626
759,191186
759,193204
759,191854
759,194652
759,196064
759,195138
759,196816
759,196958
759,196204
759,196814
759,195250
760,194626
760,192798
760,195116
760,193224
760,192422
760,191400
760,188808
760,187644
760,189766
760,192146
760,191162
760,190286
760,191204
760,191776
760,191866
760,193870
761,191818
761,194472
761,194342
761,193530
761,197794
761,196076
761,193610
761,194186
761,196046
761,196140
761,194700
761,195776
761,195806
761,194242
761,194714
761,195814
762,193126
762,192876
762,192842
762,194076
762,192002
762,191532
762,192066
762,191994
762,192870
762,192890
762,191156
762,191838
762,192192
762,190830
762,190782
762,191752
763,190044
763,192144
763,192932
763,192816
763,194746
763,192980
763,193232
763,191306
763,191148
763,193908
763,193108
763,192012
763,192394
763,193072
763,191350
763,193058
764,192298
764,192946
764,194530
764,194398
764,193386
764,193288
764,196186
764,193026
764,191822
764,191396
764,192558
764,189990
764,188970
764,191530
764,190352
764,189886
765,189682
765,188322
765,186324
765,187476
765,187594
765,188772
765,187726
765,188082
765,190028
765,189276
765,191310
765,189996
765,189648
765,190452
765,190294
765,191220
766,190866
766,189108
766,189116
766,188686
766,188476
766,189062
766,188512
766,188418
766,189010
766,185770
766,187166
766,187598
766,186714
766,188314
766,189986
766,187362
767,189012
767,191440
767,192854
767,190834
767,192572
767,191758
767,189678
767,188424
767,188102
767,190018
767,191142
767,188996
767,185790
767,184524
767,182702
767,183068
768,183658
768,182038
768,181824
768,182944
768,182712
768,182666
768,182450
768,180934
768,183172
768,182228
768,181484
768,182698
768,181910
768,180610
768,180366
768,181282
769,182950
769,183302
769,179958
769,179632
769,179806
769,179004
769,179726
769,178762
769,181024
769,181186
769,180944
769,182156
769,181100
769,178558
769,181130
769,180820
770,179902
770,177020
770,177980
770,176228
770,175352
770,177364
770,177808
770,177748
770,179292
770,179836
770,179042
770,180212
770,179180
770,177764
770,176782
770,179076
771,178844
771,177264
771,178454
771,178626
771,178226
771,176006
771,177876
771,178538
771,175882
771,173964
771,173250
771,171060
771,173430
771,171938
771,171386
771,170370
772,169604
772,171058
772,170496
772,173522
772,171452
772,171832
772,173272
772,173058
772,170998
772,170798
772,170638
772,169838
772,171490
772,173998
772,173074
772,173242
773,171352
773,172226
773,171112
773,170356
773,171226
773,171636
773,169232
773,167272
773,166868
773,166818
773,165526
773,166512
773,168436
773,167530
773,166140
773,167074
774,166574
774,165934
774,166930
774,167740
774,169210
774,167916
774,166896
774,168350
774,170120
774,168800
774,168956
774,168736
774,169312
774,169068
774,168384
774,168580
775,166586
775,165412
775,165286
775,167720
775,166056
775,164244
775,162726
775,162798
775,160868
775,161870
775,164456
775,163296
775,164164
775,162502
775,163604
775,164450
776,164696
776,163912
776,164168
776,165852
776,163382
776,161780
776,162000
776,165128
776,161986
776,162192
776,162452
776,162434
776,160102
776,160746
776,162066
776,163504
777,161948
777,162802
777,162454
777,164066
777,166176
777,168422
777,169372
777,169092
777,170060
777,170902
777,170598
777,171060
777,170926
777,173420
777,171830
777,170970
778,172206
778,170674
778,168916
778,166982
778,167410
778,168938
778,167054
778,166168
778,166210
778,165556
778,162630
778,162008
778,163174
778,163500
778,165180
778,166834
779,164386
779,164598
779,165878
779,165546
779,167646
779,167704
779,167140
779,167290
779,167868
779,169034
779,169038
779,169422
779,168782
779,168576
779,170548
779,168162
780,166356
780,166314
780,164544
780,162928
780,162958
780,164782
780,165736
780,162828
780,162956
780,164878
780,165068
780,166092
780,165674
780,167794
780,166984
780,167918
781,167538
781,167860
781,168608
781,169130
781,167352
781,170240
781,168194
781,169188
781,168098
781,166570
781,165886
781,167414
781,167656
781,168632
781,168358
781,167970
782,168584
782,167564
782,167454
782,168546
782,167932
782,168068
782,166870
782,166622
782,165016
782,167100
782,170562
782,166352
782,166626
782,167128
782,164480
782,163390
783,164476
783,165350
783,162944
783,161442
783,164218
783,162894
783,163418
783,162948
783,159836
783,162328
783,160502
783,163352
783,164910
783,165798
783,163542
783,164856
784,163738
784,164580
784,166498
784,167644
784,167526
784,169448
784,170968
784,171134
784,169834
784,170382
784,172684
784,174816
784,174518
784,172066
784,173726
784,173192
785,173670
785,170630
785,172050
785,172280
785,170676
785,170780
785,168174
785,168070
785,167324
785,166888
785,165996
785,165648
785,167272
785,164100
785,165814
785,166522
786,165664
786,164942
786,164390
786,165084
786,164450
786,168006
786,166268
786,165084
786,164170
786,164020
786,167402
786,166098
786,165602
786,166534
786,166302
786,166542
787,167394
787,169408
787,166244
787,168242
787,166670
787,166156
787,166866
787,168312
787,167592
787,165442
787,164344
787,163682
787,164256
787,164150
787,166222
787,163664
788,162550
788,162682
788,164520
788,166530
788,166250
788,166308
788,165330
788,168286
788,166842
788,167058
788,166670
788,167932
788,168776
788,168444
788,169050
788,170204
789,171504
789,172792
789,174232
789,173490
789,174068
789,173578
789,174062
789,175724
789,174684
789,172412
789,172514
789,173082
789,171424
789,170246
789,167598
789,166770
790,166754
790,165150
790,165810
790,168022
790,167940
790,166006
790,167954
790,169324
790,168840
790,167148
790,167322
790,166728
790,166738
790,167208
790,167936
790,168054
791,168010
791,166642
791,169292
791,170644
791,170632
791,171096
791,170850
791,168130
791,167356
791,166130
791,168700
791,168350
791,165426
791,167048
791,167428
791,167202
792,166588
792,170438
792,170646
792,171408
792,172460
792,172096
792,170628
792,170366
792,171034
792,170766
792,172508
792,173746
792,171132
792,171444
792,173262
792,170524
793,169032
793,171988
793,170716
793,168932
793,168758
793,168548
793,168382
793,169358
793,171160
793,167816
793,166728
793,168304
793,168802
793,167920
793,169480
793,168570
794,169156
794,170282
794,169116
794,168780
794,168202
794,167050
794,169120
794,169556
794,171070
794,170344
794,167474
794,169500
794,167748
794,167126
794,166644
794,169554
795,169448
795,170076
795,169960
795,169698
795,170542
795,172294
795,171176
795,171724
795,171730
795,171682
795,171916
795,171826
795,173494
795,172798
795,174162
795,172774
796,171480
796,171686
796,170950
796,171544
796,169600
796,169494
796,169596
796,171372
796,168086
796,169990
796,168726
796,166024
796,165884
796,165376
796,162334
796,164842
797,166292
797,163096
797,164960
797,163576
797,163744
797,167008
797,168224
797,168286
797,168568
797,167482
797,166348
797,166976
797,168576
797,166656
797,168922
797,170740
798,168934
798,168400
798,169282
798,170968
798,170996
798,172666
798,171378
798,167634
798,168052
798,171120
798,171696
798,169318
798,169552
798,168576
798,167640
798,166240
799,166982
799,165008
799,166632
799,165690
799,162922
799,163538
799,161992
799,161018
799,162252
799,163902
799,163878
799,163116
799,165518
799,165316
799,165426
799,165688
800,165130
800,165948
800,166272
800,164076
800,167106
800,166486
800,166456
800,166022
800,168192
800,167804
800,166548
800,164512
800,163406
800,164572
800,163078
800,162786
801,161878
801,161366
801,160494
801,162372
801,162186
801,158904
801,160346
801,161940
801,162692
801,165100
801,160408
801,160664
801,158316
801,159922
801,160762
801,160610
802,160338
802,160024
802,160272
802,158346
802,158230
802,158876
802,158754
802,160502
802,159098
802,156276
802,156090
802,156154
802,154644
802,153730
802,154470
802,153808
803,154806
803,156974
803,156632
803,155592
803,155530
803,155612
803,156262
803,157386
803,158524
803,156818
803,155798
803,156180
803,152570
803,152884
803,154308
803,153210
804,150278
804,150130
804,152154
804,152276
804,153644
804,155794
804,154156
804,152650
804,156454
804,153054
804,154498
804,155580
804,153260
804,153594
804,154230
804,153340
805,153798
805,152824
805,151502
805,150880
805,152706
805,154016
805,154206
805,153188
805,152148
805,153954
805,153632
805,150772
805,151130
805,151646
805,151266
805,151508
806,151006
806,150490
806,150576
806,152400
806,152366
806,151252
806,153206
806,151640
806,150124
806,148726
806,149804
806,149974
806,150674
806,150606
806,149854
806,150202
807,151098
807,150008
807,149534
807,148450
807,150088
807,151336
807,151276
807,150360
807,148774
807,147030
807,146596
807,146524
807,146938
807,147688
807,147386
807,146344
808,144960
808,146370
808,145732
808,145930
808,146128
808,147186
808,145130
808,144488
808,143774
808,143088
808,143972
808,145002
808,145586
808,143294
808,143854
808,141978
809,142336
809,144380
809,143678
809,141738
809,141878
809,142004
809,141220
809,141042
809,142838
809,141590
809,141574
809,142662
809,142770
809,144168
809,143102
809,142860
810,142948
810,143286
810,145896
810,144828
810,142528
810,143466
810,144442
810,142840
810,145022
810,145002
810,143590
810,145664
810,144848
810,143552
810,143530
810,143558
811,144500
811,143446
811,145146
811,143932
811,140874
811,141274
811,143060
811,143174
811,143682
811,141142
811,141312
811,140774
811,139418
811,139848
811,139774
811,140074
812,139660
812,138210
812,139472
812,136404
812,136178
812,135808
812,135396
812,135270
812,133206
812,134838
812,135242
812,135930
812,135790
812,134318
812,135320
812,133668
813,134846
813,133044
813,133572
813,134398
813,134202
813,132822
813,131728
813,135568
813,133646
813,133944
813,132640
813,132286
813,131854
813,134304
813,137722
813,135016
814,132818
814,134208
814,132288
814,133728
814,133532
814,134092
814,134212
814,134542
814,135456
814,134376
814,134902
814,134590
814,132704
814,133214
814,134506
814,133886
815,133678
815,133696
815,131838
815,130174
815,131758
815,132178
815,130998
815,131172
815,128116
815,127996
815,129706
815,127826
815,128628
815,131872
815,129682
815,127750
816,128956
816,128534
816,129172
816,131440
816,129002
816,127950
816,130160
816,130148
816,132510
816,133112
816,131142
816,131100
816,131616
816,132128
816,133118
816,131310
817,131194
817,132042
817,132018
817,132260
817,129870
817,128668
817,129452
817,129024
817,127680
817,130968
817,129798
817,128814
817,130366
817,129298
817,130868
817,129238
818,128486
818,130508
818,131238
818,130894
818,130584
818,130422
818,131024
818,130306
818,130664
818,133072
818,133420
818,132794
818,134648
818,135674
818,134734
818,132224
819,132810
819,132076
819,130226
819,131812
819,133412
819,132568
819,130356
819,132172
819,133300
819,131492
819,131594
819,131050
819,130946
819,130504
819,131940
819,131564
820,132330
820,132538
820,132658
820,132378
820,132330
820,132682
820,133772
820,135048
820,132256
820,130950
820,131278
820,134236
820,133010
820,132792
820,133560
820,134070
821,133040
821,135236
821,137000
821,134854
821,135546
821,137042
821,137884
821,138010
821,136140
821,137384
821,134424
821,137308
821,137452
821,136820
821,136902
821,136184
822,134728
822,132254
822,134130
822,134600
822,132810
822,133086
822,135098
822,133586
822,132784
822,132196
822,134364
822,134428
822,132020
822,132614
822,133442
822,134292
823,134080
823,132124
823,131140
823,134042
823,133788
823,132652
823,131478
823,133546
823,135662
823,136304
823,134320
823,136470
823,137248
823,136076
823,136500
823,134454
824,135020
824,135688
824,135358
824,133886
824,130670
824,131006
824,131602
824,130674
824,131012
824,131098
824,130706
824,130144
824,130048
824,131208
824,130516
824,130012
825,129416
825,129322
825,131278
825,132286
825,133112
825,133170
825,131456
825,134384
825,133344
825,132574
825,134806
825,135864
825,133946
825,132018
825,133820
825,134460
826,134872
826,134258
826,136398
826,136992
826,136798
826,137350
826,137786
826,136862
826,137910
826,136842
826,135140
826,135984
826,136706
826,135264
826,134298
826,133758
827,132586
827,133178
827,133698
827,134340
827,133496
827,133622
827,133036
827,131888
827,132978
827,133492
827,135962
827,134418
827,134550
827,135530
827,134234
827,135326
828,135598
828,136520
828,140562
828,142442
828,138348
828,139492
828,138836
828,139906
828,140740
828,143362
828,144348
828,140712
828,140812
828,138888
828,138220
828,140212
829,140386
829,139204
829,140204
829,140106
829,139192
829,139568
829,140944
829,140736
829,143344
829,143798
829,146180
829,143418
829,141152
829,143854
829,144056
829,143760
830,142832
830,142702
830,143024
830,142498
830,143490
830,142922
830,141992
830,143086
830,143326
830,142612
830,141440
830,142668
830,142272
830,141890
830,141594
830,143870
831,143616
831,145012
831,145272
831,143596
831,145948
831,143010
831,143296
831,144210
831,143536
831,144088
831,144914
831,146618
831,146014
831,142150
831,141468
831,142010
832,142488
832,143060
832,142164
832,141642
832,141644
832,142852
832,145520
832,143684
832,143762
832,146394
832,146138
832,147166
832,146332
832,147740
832,143086
832,144018
833,144084
833,144196
833,144442
833,146538
833,145690
833,144762
833,142756
833,141072
833,142230
833,142664
833,141004
833,141706
833,140892
833,139268
833,138944
833,139028
834,140444
834,139576
834,142170
834,140998
834,142080
834,141168
834,139966
834,139450
834,138600
834,138518
834,139454
834,140524
834,139376
834,138652
834,138498
834,139208
835,138444
835,140102
835,137798
835,139612
835,139932
835,140576
835,139322
835,139724
835,141790
835,140898
835,144592
835,143040
835,144604
835,145656
835,144596
835,145374
836,143852
836,142282
836,143196
836,140924
836,142632
836,140836
836,140874
836,140842
836,139962
836,140734
836,137004
836,139198
836,137716
836,139468
836,137218
836,138692
837,140686
837,140288
837,141182
837,141688
837,141866
837,140900
837,138800
837,137132
837,139364
837,140392
837,139270
837,139322
837,138682
837,137234
837,139152
837,139914
838,137490
838,137680
838,136980
838,135810
838,135322
838,135134
838,136468
838,136524
838,138860
838,138250
838,139302
838,138226
838,139454
838,141238
838,141754
838,142404
839,140110
839,139610
839,137984
839,138726
839,138836
839,140094
839,139498
839,141042
839,142332
839,143086
839,142558
839,142502
839,143110
839,140792
839,141100
839,141794
840,141308
840,141760
840,143872
840,142422
840,140620
840,140222
840,143052
840,140624
840,138450
840,138474
840,135724
840,135854
840,135488
840,136892
840,136936
840,136720
841,137626
841,135624
841,134646
841,133310
841,135618
841,135206
841,134830
841,133684
841,134712
841,137050
841,136234
841,135050
841,136018
841,138010
841,138550
841,137816
842,137230
842,137778
842,138128
842,139018
842,139252
842,138434
842,139594
842,139126
842,140042
842,140368
842,139966
842,140272
842,139252
842,137686
842,138108
842,136158
843,136196
843,135740
843,133708
843,133504
843,137122
843,135850
843,135494
843,136976
843,136636
843,135180
843,136640
843,137278
843,137758
843,136654
843,136684
843,137170
844,135594
844,136636
844,135728
844,137274
844,135858
844,134310
844,133930
844,135286
844,135926
844,135870
844,136938
844,135292
844,134762
844,133214
844,132982
844,134334
845,135222
845,132994
845,134222
845,136384
845,134608
845,135344
845,135478
845,134790
845,133884
845,135716
845,134674
845,135326
845,132462
845,132882
845,132568
845,132242
846,131006
846,128320
846,126204
846,127188
846,125728
846,126728
846,129676
846,129234
846,129586
846,128104
846,126276
846,127752
846,128756
846,127510
846,127422
846,127436
847,128942
847,125960
847,128134
847,128244
847,130872
847,132018
847,132402
847,132448
847,132544
847,131400
847,131410
847,131440
847,130928
847,131450
847,132534
847,131092
848,132178
848,131444
848,131078
848,133210
848,134694
848,131916
848,129644
848,130904
848,132838
848,131242
848,129892
848,131270
848,130904
848,129942
848,131192
848,130954
849,130040
849,129658
849,130090
849,129990
849,130624
849,129380
849,130030
849,129920
849,131994
849,130532
849,130682
849,131512
849,130052
849,128590
849,129102
849,130124
850,130768
850,132470
850,130046
850,130030
850,131020
850,129860
850,132176
850,133076
850,133734
850,134532
850,137592
850,139126
850,140276
850,140072
850,139992
850,142176
851,143116
851,141270
851,140048
851,140080
851,142038
851,140656
851,139974
851,138112
851,137828
851,134298
851,132432
851,133708
851,132602
851,132394
851,131734
851,132508
852,133748
852,130302
852,129456
852,129138
852,130208
852,131942
852,133974
852,135246
852,134028
852,133438
852,133704
852,135470
852,136758
852,134666
852,134404
852,135460
853,134744
853,135582
853,137350
853,134154
853,137092
853,136142
853,134454
853,136256
853,137790
853,137460
853,136914
853,138482
853,139104
853,139258
853,141254
853,139754
854,138940
854,140928
854,138072
854,138786
854,139800
854,137602
854,135974
854,136656
854,136430
854,135784
854,137582
854,136454
854,134008
854,135936
854,133948
854,132860
855,136508
855,137708
855,135644
855,134966
855,135460
855,134322
855,132212
855,136150
855,133100
855,133396
855,137232
855,138412
855,139034
855,137758
855,137550
855,136576
856,137676
856,139466
856,138990
856,137942
856,134736
856,134068
856,135558
856,137076
856,136994
856,137398
856,136276
856,135428
856,134276
856,135774
856,136560
856,138578
857,139672
857,136342
857,136814
857,138214
857,141122
857,137754
857,139728
857,139198
857,139082
857,138624
857,139194
857,137976
857,136358
857,135958
857,135186
857,135286
858,135994
858,135276
858,133114
858,134270
858,136704
858,134644
858,135548
858,136034
858,133642
858,133848
858,133632
858,132114
858,132556
858,133846
858,132892
858,131214
859,131092
859,130470
859,132942
859,131630
859,130800
859,132146
859,130844
859,131680
859,127932
859,127924
859,128448
859,127212
859,125742
859,127518
859,127596
859,127100
860,130370
860,129064
860,127920
860,128370
860,129496
860,128332
860,131176
860,130678
860,132474
860,133924
860,134418
860,134988
860,137112
860,137484
860,136928
860,138304
861,140382
861,139552
861,137086
861,136086
861,137328
861,137786
861,137516
861,136348
861,135340
861,133666
861,133206
861,132516
861,133192
861,133020
861,132692
861,131362
862,128782
862,128194
862,129498
862,128544
862,128618
862,129306
862,129486
862,128294
862,127404
862,124926
862,126082
862,129498
862,128354
862,128464
862,128270
862,127376
863,129382
863,130944
863,132118
863,128540
863,128278
863,128576
863,130460
863,129218
863,127974
863,129086
863,127158
863,128086
863,128958
863,127876
863,127680
863,128254
864,128748
864,129800
864,126578
864,126640
864,125782
864,123914
864,124350
864,125492
864,125406
864,124502
864,124156
864,122922
864,123032
864,124982
864,124682
864,123838
865,122844
865,122144
865,123216
865,121320
865,120788
865,120392
865,119138
865,117144
865,118444
865,120304
865,120636
865,117486
865,117044
865,117478
865,118364
865,118424
866,118676
866,117388
866,116240
866,116166
866,114842
866,116100
866,114830
866,116744
866,115924
866,117720
866,117352
866,116306
866,114906
866,114460
866,115436
866,114288
867,112648
867,112206
867,113358
867,112538
867,109962
867,108932
867,109232
867,110372
867,109122
867,107952
867,106458
867,104600
867,106008
867,107672
867,109008
867,110240
868,107738
868,107710
868,108236
868,107724
868,107942
868,108210
868,106932
868,106006
868,105138
868,106088
868,106608
868,105830
868,104390
868,104326
868,105380
868,104658
869,103086
869,103630
869,101966
869,101502
869,101758
869,102072
869,104068
869,102592
869,102576
869,103816
869,101146
869,101738
869,102450
869,103456
869,101916
869,101940
870,102108
870,101278
870,103562
870,103476
870,102076
870,102308
870,103014
870,104632
870,104428
870,105312
870,102204
870,104968
870,104902
870,104122
870,105112
870,106198
871,105028
871,106816
871,107084
871,105356
871,104172
871,105008
871,104320
871,102254
871,102378
871,101126
871,102468
871,102562
871,101662
871,103676
871,102450
871,104014
872,100754
872,100758
872,99742
872,100386
872,100556
872,101764
872,101344
872,101570
872,101372
872,100350
872,100262
872,98698
872,100130
872,99064
872,99128
872,99614
873,96176
873,98444
873,98170
873,97636
873,98880
873,98644
873,99224
873,99392
873,98864
873,99308
873,97092
873,97722
873,99086
873,97886
873,96992
873,97892
874,98320
874,98418
874,99544
874,100402
874,98132
874,97378
874,97974
874,98938
874,101720
874,100558
874,100592
874,100140
874,98754
874,100648
874,100136
874,98278
875,95552
875,97330
875,96668
875,94320
875,93292
875,94492
875,93278
875,91896
875,93122
875,92074
875,90564
875,89710
875,89512
875,88690
875,90132
875,88806
876,87190
876,87650
876,89814
876,89768
876,90912
876,90320
876,90352
876,91120
876,87800
876,87434
876,86540
876,86848
876,87594
876,87488
876,86188
876,84408
877,86216
877,86548
877,85320
877,84800
877,84492
877,83522
877,84500
877,85544
877,83910
877,84754
877,84136
877,84588
877,83378
877,83528
877,81774
877,81008
878,79966
878,78332
878,78066
878,78356
878,77952
878,76926
878,76182
878,78370
878,79222
878,77562
878,76784
878,77262
878,75988
878,75668
878,77218
878,75534
879,75514
879,74486
879,75408
879,77730
879,77350
879,75102
879,74194
879,72850
879,73768
879,73258
879,74176
879,73370
879,72370
879,72036
879,70754
879,71646
880,69556
880,69056
880,67732
880,66428
880,67486
880,66854
880,67508
880,66272
880,65872
880,66554
880,66996
880,64598
880,65292
880,66044
880,66016
880,67796
881,65266
881,66372
881,64404
881,63100
881,61862
881,63998
881,62958
881,62980
881,65678
881,64922
881,64888
881,64382
881,66586
881,67456
881,67334
881,64926
882,65960
882,65626
882,68030
882,66898
882,65130
882,64404
882,66030
882,64334
882,62688
882,63268
882,63924
882,62400
882,62422
882,60542
882,60334
882,59176
883,57392
883,57966
883,58128
883,57008
883,58670
883,57896
883,56904
883,57632
883,56850
883,56500
883,54634
883,53454
883,56014
883,55182
883,54418
883,52700
884,52824
884,54042
884,54646
884,55654
884,54848
884,55124
884,55036
884,53470
884,53856
884,54934
884,53590
884,53246
884,53320
884,52112
884,49800
884,51780
885,49654
885,46446
885,45750
885,43830
885,41702
885,41362
885,43652
885,43172
885,42292
885,40632
885,38596
885,40232
885,39244
885,38000
885,38902
885,37912
886,38790
886,38086
886,38684
886,37266
886,38192
886,39700
886,39458
886,38632
886,37790
886,35138
886,35260
886,35588
886,36060
886,36378
886,36296
886,33392
887,35700
887,34876
887,34762
887,34774
887,34306
887,31196
887,31386
887,30774
887,30986
887,30302
887,32312
887,31586
887,30096
887,31158
887,29836
887,29500
888,31036
888,28408
888,29570
888,29284
888,28014
888,30156
888,27244
888,26572
888,27730
888,26448
888,27074
888,25340
888,25558
888,26594
888,25628
888,25442
889,26360
889,27160
889,25512
889,23842
889,25950
889,27398
889,26060
889,26358
889,24970
889,23826
889,24186
889,22172
889,22812
889,22108
889,22940
889,23436
890,23636
890,23210
890,21638
890,20628
890,21492
890,22140
890,22982
890,22962
890,23442
890,23386
890,22098
890,22770
890,21470
890,21056
890,21818
890,21640
891,21094
891,20706
891,20972
891,19084
891,20350
891,21454
891,21052
891,20832
891,20992
891,20688
891,17982
891,19596
891,18510
891,19380
891,19274
891,18954
892,19386
892,18802
892,18192
892,18606
892,20198
892,21552
892,19926
892,18386
892,16662
892,18104
892,18026
892,17362
892,16918
892,15150
892,17164
892,16672
893,18514
893,16418
893,17444
893,16938
893,19064
893,17500
893,17494
893,16746
893,18248
893,19882
893,20552
893,21782
893,21028
893,20918
893,18336
893,18768
894,21054
894,22740
894,21438
894,20056
894,20442
894,17506
894,16820
894,16698
894,16048
894,14030
894,16174
894,14720
894,13942
894,14580
894,14158
894,15464
895,15320
895,16074
895,15618
895,17808
895,18618
895,16944
895,18588
895,19096
895,20796
895,18484
895,18608
895,18516
895,18750
895,18928
895,20216
895,18726
896,17246
896,17232
896,15598
896,13762
896,12704
896,13244
896,12958
896,11826
896,12586
896,12424
896,12908
896,13292
896,10454
896,12884
896,13030
896,14204
897,15508
897,13960
897,14972
897,13950
897,15372
897,16250
897,16204
897,15736
897,15310
897,15046
897,16140
897,15692
897,15144
897,13664
897,13596
897,14462
898,12508
898,14170
898,14262
898,12932
898,12572
898,14576
898,14284
898,14322
898,12962
898,14330
898,14260
898,12758
898,13456
898,14150
898,12228
898,13514
899,14018
899,12440
899,14510
899,12716
899,13538
899,11910
899,12740
899,13116
899,13806
899,14852
899,11074
899,10458
899,10996
899,10334
899,11726
899,11870
900,10648
900,10272
900,9744
900,10486
900,11486
900,11116
900,12410
900,13358
900,11350
900,13082
900,13624
900,12124
900,15164
900,13262
900,14468
900,13956
901,13780
901,14276
901,14682
901,17130
901,16534
901,16226
901,14050
901,13360
901,13824
901,14028
901,15258
901,15658
901,17096
901,17044
901,14284
901,14402
902,15932
902,15228
902,15658
902,15556
902,15734
902,17150
902,17084
902,16286
902,15502
902,16166
902,14418
902,14952
902,15366
902,14116
902,15956
902,12956
903,13330
903,15822
903,15474
903,15036
903,14124
903,14288
903,13370
903,13158
903,13394
903,12614
903,12646
903,11708
903,11154
903,9944
903,9292
903,10658
904,10482
904,11232
904,10186
904,12124
904,12502
904,11538
904,12256
904,12662
904,10266
904,12434
904,13426
904,13568
904,12064
904,10466
904,10340
904,9990
905,10486
905,11080
905,12812
905,12352
905,10550
905,10626
905,11628
905,11306
905,11952
905,11206
905,13354
905,11898
905,12934
905,13590
905,13004
905,13848
906,14574
906,14238
906,14116
906,12516
906,12340
906,10766
906,12294
906,10918
906,11008
906,12280
906,9736
906,9370
906,7972
906,8210
906,7510
906,5368
907,6524
907,6614
907,5890
907,5594
907,5366
907,3988
907,4318
907,5306
907,3924
907,4908
907,5382
907,4870
907,4178
907,5020
907,5106
907,3474
908,4238
908,3638
908,4158
908,3050
908,6214
908,6112
908,5318
908,4120
908,4640
908,5668
908,5366
908,6180
908,5636
908,7000
908,7526
908,5402
909,8494
909,8774
909,8994
909,6636
909,4218
909,4670
909,4938
909,5064
909,5698
909,5338
909,5172
909,3124
909,1264
909,1372
909,1216
909,1442
910,1282
910,1770
910,960
910,2036
910,884
910,3584
910,1794
910,958
910,1156
910,2756
910,3884
910,2294
910,2908
910,4572
910,6860
910,5490
911,4700
911,2796
911,4590
911,5042
911,4800
911,3890
911,3090
911,2938
911,2242
911,860
911,1710
911,944
911,-22
911,1052
911,-232
911,1504
912,834
912,-914
912,-448
912,276
912,-1604
912,-2180
912,-2940
912,-4568
912,-3720
912,-1946
912,-3196
912,-2696
912,-3930
912,-3382
912,-4082
912,-5992
913,-5200
913,-5134
913,-4664
913,-7436
913,-6512
913,-6234
913,-7498
913,-7012
913,-7330
913,-6300
913,-7652
913,-8404
913,-6406
913,-7980
913,-7588
913,-4674
914,-5446
914,-7074
914,-7150
914,-7432
914,-9382
914,-9328
914,-7466
914,-10126
914,-10198
914,-10354
914,-10928
914,-10558
914,-11610
914,-13210
914,-13822
914,-15976
915,-16896
915,-17190
915,-19230
915,-18098
915,-18188
915,-19976
915,-19460
915,-20852
915,-19938
915,-20214
915,-22052
915,-21664
915,-20770
915,-20626
915,-21180
915,-21622
916,-20732
916,-20048
916,-19874
916,-20690
916,-20676
916,-18574
916,-20568
916,-20126
916,-21868
916,-22754
916,-21764
916,-23118
916,-22392
916,-21252
916,-22680
916,-23736
917,-24112
917,-25138
917,-24332
917,-24824
917,-25676
917,-24560
917,-25894
917,-26714
917,-25342
917,-25134
917,-27054
917,-26216
917,-26386
917,-26182
917,-25962
917,-28330
918,-29772
918,-29206
918,-30012
918,-29434
918,-29210
918,-29540
918,-30050
918,-31002
918,-33232
918,-33906
918,-33628
918,-33164
918,-34576
918,-35010
918,-34788
918,-34532
919,-34808
919,-32520
919,-33754
919,-32720
919,-31792
919,-33882
919,-33574
919,-34342
919,-34414
919,-35248
919,-36574
919,-36216
919,-36762
919,-36922
919,-37346
919,-38156
920,-38366
920,-40980
920,-41880
920,-41226
920,-41882
920,-42478
920,-41390
920,-44472
920,-41486
920,-42928
920,-42694
920,-41002
920,-40978
920,-39684
920,-40748
920,-38806
921,-39570
921,-39442
921,-38632
921,-37354
921,-37526
921,-37258
921,-38028
921,-39586
921,-39042
921,-41634
921,-40082
921,-40360
921,-40526
921,-42118
921,-41752
921,-42390
922,-41592
922,-41542
922,-42748
922,-41286
922,-40440
922,-39250
922,-40674
922,-40390
922,-39240
922,-40332
922,-39694
922,-39606
922,-39764
922,-38526
922,-37976
922,-39260
923,-40796
923,-39394
923,-41906
923,-42692
923,-42152
923,-42496
923,-42280
923,-42446
923,-42892
923,-41412
923,-41738
923,-42246
923,-42256
923,-44888
923,-45016
923,-46428
924,-45544
924,-41418
924,-42036
924,-40932
924,-39740
924,-40826
924,-41336
924,-41348
924,-41282
924,-42158
924,-40856
924,-42126
924,-41958
924,-43956
924,-43634
924,-43060
925,-41122
925,-42144
925,-44672
925,-44074
925,-45506
925,-43988
925,-45410
925,-43104
925,-44798
925,-46722
925,-44166
925,-45388
925,-43878
925,-43170
925,-43620
925,-44010
926,-43512
926,-43232
926,-43840
926,-44928
926,-43092
926,-43946
926,-44322
926,-45458
926,-47512
926,-46604
926,-45954
926,-47618
926,-46798
926,-49602
926,-48914
926,-48584
927,-47654
927,-47120
927,-49154
927,-51004
927,-48792
927,-49696
927,-49428
927,-50080
927,-49184
927,-47326
927,-48028
927,-47386
927,-48656
927,-46538
927,-46884
927,-46228
928,-46952
928,-46822
928,-46084
928,-45890
928,-45582
928,-47414
928,-46752
928,-48306
928,-49008
928,-50482
928,-49740
928,-51644
928,-51664
928,-52364
928,-51852
928,-53982
929,-52938
929,-54188
929,-54534
929,-54160
929,-54466
929,-56342
929,-53680
929,-53866
929,-55270
929,-54016
929,-56400
929,-56532
929,-54794
929,-54238
929,-54272
929,-57268
930,-56160
930,-55874
930,-55336
930,-55382
930,-55920
930,-54212
930,-54626
930,-56852
930,-57424
930,-56916
930,-55444
930,-55840
930,-55208
930,-54166
930,-55912
930,-57010
931,-55506
931,-55784
931,-54530
931,-56214
931,-57274
931,-56306
931,-58614
931,-58748
931,-58470
931,-58584
931,-58972
931,-60590
931,-62670
931,-61486
931,-59708
931,-59228
932,-60000
932,-60772
932,-61598
932,-61228
932,-62048
932,-61212
932,-60424
932,-60396
932,-59042
932,-57970
932,-58836
932,-58228
932,-57688
932,-58862
932,-59186
932,-57818
933,-56098
933,-57738
933,-57428
933,-59632
933,-59230
933,-58266
933,-58288
933,-58808
933,-57346
933,-58562
933,-59612
933,-60456
933,-60628
933,-60774
933,-60002
933,-61300
934,-61562
934,-61860
934,-59354
934,-58774
934,-60504
934,-59986
934,-62466
934,-63330
934,-61012
934,-61932
934,-63326
934,-62824
934,-61966
934,-62370
934,-60622
934,-59812
935,-60844
935,-61100
935,-59922
935,-58824
935,-58462
935,-58908
935,-57672
935,-57530
935,-57312
935,-58122
935,-59056
935,-57630
935,-56232
935,-55326
935,-56462
935,-56500
936,-58684
936,-60892
936,-60742
936,-60724
936,-58906
936,-58822
936,-60244
936,-60464
936,-63346
936,-62870
936,-62934
936,-61382
936,-61408
936,-63326
936,-63640
936,-64016
937,-64312
937,-64256
937,-64334
937,-64186
937,-63146
937,-62908
937,-62410
937,-61810
937,-63446
937,-64278
937,-64538
937,-64694
937,-64186
937,-63086
937,-61338
937,-61054
938,-60972
938,-59716
938,-59230
938,-58266
938,-59684
938,-61840
938,-61838
938,-63242
938,-63644
938,-63280
938,-63364
938,-63446
938,-63162
938,-62706
938,-61634
938,-62384
939,-62568
939,-62268
939,-62740
939,-61464
939,-63034
939,-61798
939,-61654
939,-63172
939,-62180
939,-63224
939,-62580
939,-64034
939,-62940
939,-63622
939,-61518
939,-61214
940,-61572
940,-61582
940,-62706
940,-60198
940,-60066
940,-60444
940,-60198
940,-62146
940,-61084
940,-62124
940,-59288
940,-60572
940,-61298
940,-60796
940,-60984
940,-61476
941,-62180
941,-61050
941,-58814
941,-58088
941,-58316
941,-58884
941,-57376
941,-59662
941,-60080
941,-60032
941,-60538
941,-59862
941,-58430
941,-57198
941,-57954
941,-57674
942,-58034
942,-57768
942,-57770
942,-55948
942,-56176
942,-55708
942,-53810
942,-55996
942,-56138
942,-55080
942,-54454
942,-53232
942,-54232
942,-52538
942,-50414
942,-52576
943,-53144
943,-50838
943,-51176
943,-51186
943,-52358
943,-51854
943,-51510
943,-52366
943,-51922
943,-52672
943,-53670
943,-53424
943,-53074
943,-51810
943,-52580
943,-50572
944,-51572
944,-53016
944,-52264
944,-53816
944,-51558
944,-51348
944,-52000
944,-52464
944,-53748
944,-52974
944,-55646
944,-55328
944,-54118
944,-53424
944,-54214
944,-55736
945,-52768
945,-52254
945,-52644
945,-52240
945,-53176
945,-53466
945,-52334
945,-51046
945,-54036
945,-52840
945,-55250
945,-53228
945,-50908
945,-51110
945,-49280
945,-50718
946,-51498
946,-49860
946,-49672
946,-50712
946,-51570
946,-53614
946,-54928
946,-55888
946,-56942
946,-55304
946,-54570
946,-56244
946,-57450
946,-57626
946,-57068
946,-57542
947,-58906
947,-59322
947,-59250
947,-58408
947,-57306
947,-55940
947,-56710
947,-56390
947,-56108
947,-55696
947,-56332
947,-56174
947,-56414
947,-56602
947,-58478
947,-59788
948,-58796
948,-57942
948,-57054
948,-57224
948,-56610
948,-56122
948,-56946
948,-56624
948,-56128
948,-56536
948,-57102
948,-59096
948,-56806
948,-57116
948,-57808
948,-57376
949,-58366
949,-57408
949,-59296
949,-60006
949,-58310
949,-58650
949,-60132
949,-58422
949,-57984
949,-61116
949,-59598
949,-61208
949,-61746
949,-60286
949,-59810
949,-59034
950,-60524
950,-58682
950,-60642
950,-61970
950,-58972
950,-59918
950,-60688
950,-60502
950,-59804
950,-60238
950,-59228
950,-60038
950,-59406
950,-60324
950,-60646
950,-60642
951,-60228
951,-60648
951,-58694
951,-57696
951,-60102
951,-57784
951,-59008
951,-60292
951,-59222
951,-61252
951,-62522
951,-62208
951,-62478
951,-62110
951,-63944
951,-62630
952,-63032
952,-63212
952,-61904
952,-65430
952,-65870
952,-62918
952,-62186
952,-61654
952,-61150
952,-62648
952,-61820
952,-63340
952,-61770
952,-60940
952,-63434
952,-62588
953,-63626
953,-64856
953,-64672
953,-66230
953,-64664
953,-66074
953,-67832
953,-67918
953,-67390
953,-67148
953,-67342
953,-67528
953,-67264
953,-67206
953,-66928
953,-68572
954,-67048
954,-67792
954,-70044
954,-70992
954,-69944
954,-69602
954,-69590
954,-70612
954,-71064
954,-71926
954,-72660
954,-73606
954,-75058
954,-74170
954,-73504
954,-75876
955,-75470
955,-76698
955,-76412
955,-78344
955,-76530
955,-75954
955,-78016
955,-78530
955,-77098
955,-76700
955,-77304
955,-76040
955,-77116
955,-76434
955,-77390
955,-76280
956,-77550
956,-77588
956,-78168
956,-79606
956,-78986
956,-80562
956,-80618
956,-81896
956,-83816
956,-83750
956,-84182
956,-82516
956,-84574
956,-85312
956,-86112
956,-84844
957,-86666
957,-88260
957,-89358
957,-88914
957,-89998
957,-89464
957,-88886
957,-89412
957,-88930
957,-87568
957,-88182
957,-87950
957,-87196
957,-87840
957,-86596
957,-88434
958,-88870
958,-88452
958,-88066
958,-88922
958,-88448
958,-89986
958,-91572
958,-91178
958,-90666
958,-89920
958,-92250
958,-93356
958,-93012
958,-93992
958,-93272
958,-92600
959,-94206
959,-91230
959,-92552
959,-93274
959,-93710
959,-93156
959,-93326
959,-94334
959,-93694
959,-93356
959,-96076
959,-96424
959,-97908
959,-98274
959,-98104
959,-96128
960,-96676
960,-97294
960,-97960
960,-101860
960,-101846
960,-100856
960,-102054
960,-103148
960,-103982
960,-103188
960,-103560
960,-102052
960,-101104
960,-101548
960,-101926
960,-101660
961,-99260
961,-99650
961,-99880
961,-98758
961,-100066
961,-100206
961,-99378
961,-98592
961,-98608
961,-102408
961,-103792
961,-103074
961,-103044
961,-103724
961,-104822
961,-104972
962,-105264
962,-106910
962,-106084
962,-104672
962,-104762
962,-106004
962,-105372
962,-107260
962,-106630
962,-105700
962,-108490
962,-106816
962,-107794
962,-109914
962,-106456
962,-106118
963,-108296
963,-106638
963,-108752
963,-107596
963,-106786
963,-106406
963,-107506
963,-108910
963,-109526
963,-108386
963,-107698
963,-106584
963,-106110
963,-107184
963,-107614
963,-108340
964,-109230
964,-110308
964,-110894
964,-111576
964,-110820
964,-112590
964,-112446
964,-111004
964,-110012
964,-111246
964,-111856
964,-111640
964,-111826
964,-112432
964,-112374
964,-113170
965,-115194
965,-114918
965,-115920
965,-114918
965,-113092
965,-116650
965,-116992
965,-116278
965,-116188
965,-115920
965,-113622
965,-115348
965,-115250
965,-114270
965,-114002
965,-112344
966,-113814
966,-112062
966,-113126
966,-112838
966,-113936
966,-114810
966,-113676
966,-113494
966,-116114
966,-115824
966,-116434
966,-117308
966,-117116
966,-116750
966,-118974
966,-117364
967,-116640
967,-117108
967,-117128
967,-118536
967,-118212
967,-118126
967,-118802
967,-119276
967,-120104
967,-121432
967,-120300
967,-120010
967,-118586
967,-118320
967,-118848
967,-120402
968,-120862
968,-121562
968,-121470
968,-123272
968,-123538
968,-124644
968,-123970
968,-124170
968,-124210
968,-125468
968,-128088
968,-126154
968,-126738
968,-128310
968,-124972
968,-125336
969,-124138
969,-121666
969,-122190
969,-122370
969,-122920
969,-121654
969,-121876
969,-124576
969,-124590
969,-125734
969,-125820
969,-124962
969,-124936
969,-126266
969,-124686
969,-124102
970,-125384
970,-125810
970,-124564
970,-124622
970,-124340
970,-123536
970,-125110
970,-124682
970,-126342
970,-126466
970,-127198
970,-125786
970,-125058
970,-126358
970,-126718
970,-128394
971,-129336
971,-128532
971,-127970
971,-128024
971,-128242
971,-129934
971,-131584
971,-131350
971,-133000
971,-132922
971,-134164
971,-134942
971,-135382
971,-135262
971,-134336
971,-134902
972,-133932
972,-132772
972,-132962
972,-131194
972,-131162
972,-130244
972,-130662
972,-129612
972,-129750
972,-129436
972,-129386
972,-130174
972,-130032
972,-128864
972,-127754
972,-130232
973,-131792
973,-129472
973,-132156
973,-131606
973,-131762
973,-131606
973,-130846
973,-132600
973,-132144
973,-132478
973,-132256
973,-132914
973,-132590
973,-133504
973,-133056
973,-133440
974,-133728
974,-132922
974,-131768
974,-132458
974,-132346
974,-132510
974,-134990
974,-133678
974,-133354
974,-136472
974,-135180
974,-134774
974,-135290
974,-135422
974,-137144
974,-137540
975,-137362
975,-138260
975,-137140
975,-138122
975,-138612
975,-139442
975,-139520
975,-140820
975,-140440
975,-139936
975,-139328
975,-140468
975,-139270
975,-141146
975,-140530
975,-142358
976,-143262
976,-142906
976,-143996
976,-147148
976,-147910
976,-146528
976,-147556
976,-148112
976,-147148
976,-146154
976,-148892
976,-148964
976,-149164
976,-149168
976,-149794
976,-149512
977,-148340
977,-148908
977,-147394
977,-148336
977,-146684
977,-146176
977,-147434
977,-147298
977,-148086
977,-149274
977,-148492
977,-148934
977,-149312
977,-148622
977,-146848
977,-147678
978,-147426
978,-147280
978,-147264
978,-146920
978,-148324
978,-148354
978,-147696
978,-150294
978,-150186
978,-150754
978,-149782
978,-148936
978,-150270
978,-151298
978,-151406
978,-151724
979,-151852
979,-151808
979,-152054
979,-151880
979,-152444
979,-153370
979,-153372
979,-154910
979,-156648
979,-153270
979,-153500
979,-154008
979,-154966
979,-155074
979,-153910
979,-155170
980,-153316
980,-152876
980,-154900
980,-154022
980,-153810
980,-153378
980,-153760
980,-153970
980,-153850
980,-152124
980,-151590
980,-152464
980,-151604
980,-151082
980,-151382
980,-152250
981,-152332
981,-152542
981,-153728
981,-153516
981,-154514
981,-152794
981,-151824
981,-152704
981,-154114
981,-155042
981,-152532
981,-152612
981,-153704
981,-153868
981,-155246
981,-155026
982,-153900
982,-154950
982,-154522
982,-157688
982,-156432
982,-155410
982,-153794
982,-154474
982,-154296
982,-154782
982,-154240
982,-153646
982,-153390
982,-151760
982,-152848
982,-153080
983,-151366
983,-150536
983,-151070
983,-153486
983,-153810
983,-156230
983,-155386
983,-156594
983,-157950
983,-157724
983,-154690
983,-154950
983,-156674
983,-156930
983,-155820
983,-158352
984,-158726
984,-159716
984,-160310
984,-161140
984,-161806
984,-161608
984,-160764
984,-160096
984,-161840
984,-161664
984,-160120
984,-163640
984,-163896
984,-164136
984,-164982
984,-164416
985,-164002
985,-163078
985,-163448
985,-162420
985,-159388
985,-160136
985,-159854
985,-158552
985,-159870
985,-161940
985,-160304
985,-161096
985,-161568
985,-161348
985,-161890
985,-162658
986,-163144
986,-162850
986,-163686
986,-164582
986,-165514
986,-164250
986,-165214
986,-165452
986,-165416
986,-164172
986,-165478
986,-164384
986,-164128
986,-163828
986,-164622
986,-165652
987,-164582
987,-163844
987,-164254
987,-165666
987,-165510
987,-165084
987,-168308
987,-166690
987,-165712
987,-165854
987,-165644
987,-164020
987,-164540
987,-164572
987,-164598
987,-165220
988,-167292
988,-165838
988,-166508
988,-169202
988,-168448
988,-168340
988,-168862
988,-168106
988,-168362
988,-167224
988,-168022
988,-167672
988,-167252
988,-165810
988,-166962
988,-167290
989,-167540
989,-167314
989,-168910
989,-169790
989,-167238
989,-168596
989,-170460
989,-171008
989,-171784
989,-172456
989,-171758
989,-171244
989,-171296
989,-171572
989,-169568
989,-170202
990,-171670
990,-169858
990,-168592
990,-171410
990,-169648
990,-168708
990,-170788
990,-171252
990,-168598
990,-167190
990,-166768
990,-166296
990,-167604
990,-168654
990,-168288
990,-168852
991,-169734
991,-169446
991,-170322
991,-172048
991,-169964
991,-169580
991,-171324
991,-170660
991,-170130
991,-168528
991,-168098
991,-167396
991,-169144
991,-169154
991,-168518
991,-168140
992,-167412
992,-166442
992,-167098
992,-166756
992,-167038
992,-165370
992,-165772
992,-165884
992,-165584
992,-166778
992,-166852
992,-167126
992,-166504
992,-166742
992,-168078
992,-167284
993,-165558
993,-165986
993,-165272
993,-166120
993,-167372
993,-167446
993,-166368
993,-168440
993,-166658
993,-166772
993,-166428
993,-166118
993,-165808
993,-164720
993,-166594
993,-168006
994,-166596
994,-166528
994,-167778
994,-165440
994,-168290
994,-168056
994,-166676
994,-168180
994,-167620
994,-166914
994,-165762
994,-166786
994,-165950
994,-166690
994,-168214
994,-167858
995,-168474
995,-167494
995,-166896
995,-167364
995,-166964
995,-166010
995,-167240
995,-164570
995,-165034
995,-164864
995,-162824
995,-162946
995,-162800
995,-160524
995,-161952
995,-160800
996,-160192
996,-162252
996,-162734
996,-162084
996,-163410
996,-162008
996,-161408
996,-162442
996,-163276
996,-164662
996,-162908
996,-163672
996,-165064
996,-164910
996,-165902
996,-166230
997,-165860
997,-164056
997,-165320
997,-162160
997,-160276
997,-160946
997,-160974
997,-158920
997,-160712
997,-160260
997,-158902
997,-159698
997,-159590
997,-159820
997,-159284
997,-159224
998,-158618
998,-159498
998,-159914
998,-159618
998,-158558
998,-160110
998,-160782
998,-160930
998,-160884
998,-160866
998,-161852
998,-160836
998,-161618
998,-162140
998,-161552
998,-161798
999,-163162
999,-161872
999,-162082
999,-159860
999,-162364
999,-162590
999,-161906
999,-162288
999,-160826
999,-161990
999,-160628
999,-158830
999,-160812
999,-158926
999,-155280
999,-155648
1000,-156662
1000,-155274
1000,-157094
1000,-156996
1000,-156784
1000,-156604
1000,-157908
1000,-157352
1000,-158444
1000,-158930
1000,-158182
1000,-156880
1000,-157852
1000,-155650
1000,-156428
1000,-157200
1001,-156550
1001,-158490
1001,-158984
1001,-158968
1001,-158388
1001,-158796
1001,-158180
1001,-158550
1001,-160350
1001,-158526
1001,-158920
1001,-159720
1001,-161548
1001,-161080
1001,-161106
1001,-162226
1002,-163468
1002,-161894
1002,-160962
1002,-161236
1002,-160804
1002,-159788
1002,-158938
1002,-159872
1002,-158498
1002,-156980
1002,-157960
1002,-156112
1002,-158132
1002,-158594
1002,-158740
1002,-158358
1003,-158416
1003,-157472
1003,-158334
1003,-159098
1003,-159748
1003,-159940
1003,-160218
1003,-160410
1003,-159314
1003,-159328
1003,-160300
1003,-159442
1003,-159360
1003,-161140
1003,-161484
1003,-159962
1004,-159862
1004,-160814
1004,-160730
1004,-160040
1004,-158450
1004,-156996
1004,-156684
1004,-158866
1004,-156564
1004,-157804
1004,-157858
1004,-157364
1004,-158282
1004,-156582
1004,-157580
1004,-156072
1005,-157316
1005,-158122
1005,-157284
1005,-158410
1005,-158998
1005,-158584
1005,-158782
1005,-159062
1005,-158344
1005,-159424
1005,-159980
1005,-159462
1005,-158940
1005,-157324
1005,-159046
1005,-159548
1006,-159832
1006,-160550
1006,-160308
1006,-159884
1006,-160418
1006,-160188
1006,-160060
1006,-159992
1006,-158890
1006,-158424
1006,-158160
1006,-159522
1006,-159850
1006,-160506
1006,-159946
1006,-159236
1007,-157466
1007,-159680
1007,-158394
1007,-157474
1007,-158394
1007,-158650
1007,-158286
1007,-156720
1007,-156386
1007,-157058
1007,-156844
1007,-157642
1007,-156996
1007,-157916
1007,-157236
1007,-156664
1008,-155652
1008,-157182
1008,-156952
1008,-155392
1008,-157168
1008,-158288
1008,-158342
1008,-159822
1008,-160368
1008,-160436
1008,-160794
1008,-160742
1008,-160352
1008,-159232
1008,-159180
1008,-158394
1009,-157744
1009,-159400
1009,-158762
1009,-157324
1009,-157718
1009,-157026
1009,-156162
1009,-156520
1009,-156642
1009,-154924
1009,-154182
1009,-154896
1009,-153034
1009,-153960
1009,-152102
1009,-153278
1010,-153612
1010,-152998
1010,-155158
1010,-154948
1010,-156358
1010,-155598
1010,-154986
1010,-154452
1010,-154608
1010,-155822
1010,-154148
1010,-154774
1010,-155908
1010,-154466
1010,-153996
1010,-154984
1011,-154652
1011,-156492
1011,-155870
1011,-154782
1011,-153742
1011,-153146
1011,-156222
1011,-154574
1011,-152944
1011,-152952
1011,-152086
1011,-150332
1011,-150296
1011,-149694
1011,-149168
1011,-148902
1012,-148526
1012,-147962
1012,-147022
1012,-147020
1012,-146424
1012,-147174
1012,-147442
1012,-148270
1012,-147780
1012,-147318
1012,-148016
1012,-148700
1012,-148212
1012,-147228
1012,-149160
1012,-149538
1013,-148910
1013,-148910
1013,-150248
1013,-149944
1013,-147192
1013,-148032
1013,-147216
1013,-146634
1013,-146298
1013,-146894
1013,-145906
1013,-143496
1013,-143034
1013,-143494
1013,-142032
1013,-142536
1014,-143434
1014,-141634
1014,-141116
1014,-142086
1014,-142236
1014,-142184
1014,-142452
1014,-142728
1014,-141660
1014,-142224
1014,-142506
1014,-141934
1014,-143064
1014,-141948
1014,-144156
1014,-143726
1015,-143962
1015,-144144
1015,-144342
1015,-144054
1015,-142246
1015,-144286
1015,-144678
1015,-144232
1015,-143396
1015,-143052
1015,-146224
1015,-145346
1015,-144416
1015,-143330
1015,-143916
1015,-144722
1016,-144010
1016,-143932
1016,-144660
1016,-144520
1016,-145822
1016,-143878
1016,-142454
1016,-145254
1016,-143844
1016,-144392
1016,-144268
1016,-144104
1016,-142998
1016,-144646
1016,-145402
1016,-143776
1017,-142342
1017,-142896
1017,-145838
1017,-146366
1017,-145580
1017,-147766
1017,-147504
1017,-147020
1017,-148544
1017,-148552
1017,-147364
1017,-146340
1017,-148634
1017,-147714
1017,-148736
1017,-149284
1018,-149012
1018,-150186
1018,-148876
1018,-149430
1018,-151388
1018,-150582
1018,-151156
1018,-150928
1018,-150892
1018,-149042
1018,-149112
1018,-149678
1018,-150904
1018,-149182
1018,-149510
1018,-150942
1019,-150446
1019,-151376
1019,-150598
1019,-150042
1019,-151250
1019,-150412
1019,-149398
1019,-149146
1019,-149578
1019,-147950
1019,-147310
1019,-148318
1019,-148252
1019,-147400
1019,-146374
1019,-147076
1020,-146612
1020,-147140
1020,-144480
1020,-144214
1020,-145208
1020,-145158
1020,-145268
1020,-147572
1020,-146278
1020,-147830
1020,-149200
1020,-147954
1020,-146922
1020,-147230
1020,-146074
1020,-145096
1021,-144832
1021,-145328
1021,-145970
1021,-143664
1021,-145526
1021,-144188
1021,-144496
1021,-143632
1021,-145822
1021,-144840
1021,-146110
1021,-145074
1021,-145820
1021,-144320
1021,-145284
1021,-145658
1022,-146012
1022,-146846
1022,-146612
1022,-147224
1022,-147654
1022,-147820
1022,-146454
1022,-146450
1022,-145528
1022,-146586
1022,-143874
1022,-143530
1022,-143604
1022,-141870
1022,-141800
1022,-141032
1023,-140420
1023,-140810
1023,-139776
1023,-138916
1023,-137762
1023,-138436
1023,-137568
1023,-137540
1023,-137560
1023,-137280
1023,-137328
1023,-136858
1023,-137834
1023,-137380
1023,-136910
1023,-137254
RAW_SUMMARY id=7 captured=16384 odd_lsb=0
