# run: drift5a_C_48k_align_1
# firmware: role=drifttest git=throwaway version=sketch board=damp (source: drifttest-sketch/)
# started: 2026-10-09T18:07:58+02:00
RAW_BEGIN id=5 sr=48000 rate=48000 align=1 dmacount=4 dmalen=128 label=C_48k_align_1
ms,pcm
0,22611
0,23155
0,24029
0,23282
0,23056
0,23322
0,23735
0,23248
0,23790
0,23595
0,24629
0,23105
0,23201
0,23693
0,22514
0,23239
0,23416
0,23042
0,23600
0,21817
0,23368
0,22765
0,22245
0,24027
0,23671
0,22261
0,23409
0,23164
0,22902
0,23646
0,25035
0,23535
0,23545
0,23734
0,22769
0,23510
0,24023
0,22319
0,24554
0,23322
0,23599
0,22803
0,22105
0,21840
0,21819
0,21379
0,21838
0,22815
1,20936
1,21336
1,21348
1,21394
1,21223
1,21568
1,22204
1,21306
1,21605
1,22107
1,21318
1,21441
1,20925
1,21842
1,22732
1,22988
1,23402
1,23911
1,22418
1,22259
1,21758
1,22753
1,24545
1,23073
1,23176
1,23681
1,21969
1,21273
1,21395
1,21690
1,20797
1,19763
1,20214
1,21056
1,19859
1,21241
1,21943
1,21271
1,22250
1,21272
1,20784
1,21261
1,20718
1,21163
1,20634
1,20415
1,20686
1,21901
2,21155
2,20968
2,21873
2,21079
2,21961
2,21084
2,22338
2,21078
2,21222
2,20533
2,21336
2,19809
2,21451
2,20344
2,21531
2,20522
2,21348
2,20693
2,21024
2,21268
2,20916
2,22891
2,20869
2,21698
2,20399
2,20887
2,21080
2,21426
2,21186
2,21457
2,20432
2,20033
2,20491
2,19176
2,19920
2,20842
2,21887
2,21038
2,20149
2,21138
2,20674
2,21725
2,21188
2,20398
2,21058
2,22128
2,21110
2,20835
3,19743
3,20639
3,21039
3,20713
3,22216
3,22146
3,21283
3,20599
3,21400
3,20772
3,21378
3,20666
3,20067
3,22076
3,22049
3,20723
3,20918
3,21464
3,19630
3,19686
3,19888
3,19553
3,18780
3,18513
3,19640
3,18030
3,18875
3,19716
3,18539
3,19580
3,19567
3,19805
3,19618
3,19592
3,19781
3,19567
3,19340
3,20713
3,18859
3,21392
3,19321
3,20451
3,20703
3,19537
3,19427
3,19467
3,18676
3,18991
4,19051
4,18478
4,19566
4,18661
4,18962
4,19132
4,18142
4,18915
4,19853
4,18549
4,18770
4,18694
4,19296
4,18334
4,20792
4,19892
4,21776
4,19071
4,21274
4,20088
4,19984
4,20540
4,20341
4,19957
4,18545
4,19473
4,19255
4,19009
4,18720
4,18932
4,19032
4,19666
4,19037
4,19004
4,19220
4,18731
4,20030
4,19612
4,20082
4,19503
4,20431
4,20321
4,19822
4,20280
4,18615
4,19204
4,19611
4,19175
5,19220
5,19985
5,18535
5,19228
5,19286
5,19302
5,20141
5,19300
5,19439
5,19332
5,19922
5,20548
5,20461
5,20189
5,19030
5,19623
5,18955
5,19792
5,19200
5,19251
5,19430
5,18781
5,18438
5,19906
5,19775
5,19163
5,19258
5,19185
5,19560
5,19797
5,19657
5,19429
5,19127
5,18314
5,18985
5,20264
5,20043
5,20218
5,20792
5,19338
5,19489
5,19672
5,19982
5,18064
5,19049
5,19415
5,19375
5,20345
6,19851
6,20189
6,20790
6,21574
6,20538
6,20704
6,19704
6,21101
6,19674
6,21162
6,20234
6,20331
6,19779
6,21208
6,18960
6,19883
6,19636
6,20237
6,19644
6,21195
6,18920
6,18689
6,19190
6,19294
6,19916
6,18805
6,20108
6,18621
6,18710
6,19498
6,18751
6,17308
6,20222
6,18648
6,18733
6,19405
6,18985
6,19716
6,17954
6,17882
6,18729
6,18990
6,18942
6,18773
6,18045
6,18612
6,20107
6,17916
7,18788
7,18358
7,18165
7,18305
7,17513
7,19150
7,16961
7,19034
7,18450
7,17804
7,19314
7,19869
7,19507
7,18080
7,18886
7,19122
7,18732
7,18388
7,18946
7,19639
7,18685
7,18681
7,19139
7,17019
7,18564
7,17953
7,18879
7,18046
7,18606
7,18399
7,18951
7,19063
7,18697
7,19483
7,19553
7,18352
7,17537
7,18467
7,17795
7,17362
7,17697
7,18989
7,18892
7,19293
7,18410
7,19235
7,17941
7,16686
8,17644
8,17381
8,16707
8,19059
8,16352
8,17726
8,16080
8,16901
8,16643
8,16861
8,18357
8,16743
8,17635
8,16592
8,18824
8,18085
8,16543
8,18470
8,18672
8,17971
8,17798
8,16650
8,16898
8,16497
8,16743
8,17671
8,16362
8,16223
8,17116
8,17121
8,16807
8,16024
8,18906
8,16729
8,17566
8,16587
8,17268
8,18065
8,17366
8,17809
8,17285
8,17682
8,18362
8,17784
8,16631
8,17737
8,16299
8,18302
9,16509
9,17426
9,15046
9,16587
9,17017
9,15584
9,15679
9,17065
9,15908
9,16968
9,17685
9,16981
9,17541
9,17080
9,16841
9,15908
9,16432
9,16716
9,16052
9,16359
9,15988
9,16278
9,16781
9,16044
9,16974
9,16702
9,14847
9,15864
9,14659
9,16255
9,16704
9,16669
9,17442
9,17022
9,16064
9,17076
9,17638
9,18151
9,17815
9,18341
9,16059
9,17114
9,16819
9,16303
9,14749
9,17179
9,16373
9,15669
10,16372
10,16673
10,17951
10,16655
10,16433
10,17229
10,17671
10,16665
10,16615
10,16132
10,17348
10,17790
10,16523
10,16509
10,17025
10,15187
10,16671
10,16470
10,16316
10,16388
10,17378
10,16422
10,17396
10,15076
10,17076
10,16988
10,16415
10,15702
10,16449
10,16760
10,16372
10,16945
10,16159
10,16655
10,18395
10,16400
10,17572
10,15973
10,17761
10,16043
10,16858
10,17267
10,16001
10,17030
10,14794
10,16965
10,15844
10,15993
11,16843
11,16547
11,16318
11,16140
11,16801
11,17644
11,17296
11,17221
11,16659
11,16945
11,15722
11,16144
11,15561
11,14503
11,15828
11,15356
11,14364
11,14743
11,14390
11,13714
11,14654
11,15964
11,15791
11,14533
11,15480
11,15746
11,15385
11,15403
11,14597
11,15161
11,15931
11,15036
11,15291
11,15639
11,15722
11,14840
11,15101
11,15345
11,14053
11,16127
11,16046
11,17063
11,16894
11,17592
11,16584
11,16737
11,16408
11,14911
12,14972
12,14477
12,14569
12,16816
12,16183
12,17456
12,17134
12,16811
12,16298
12,16695
12,17432
12,17140
12,17377
12,16440
12,16125
12,16096
12,15655
12,16016
12,14453
12,14829
12,14531
12,15386
12,14135
12,14393
12,15723
12,15109
12,15283
12,15586
12,16368
12,14491
12,14755
12,15146
12,15218
12,14858
12,16690
12,14970
12,14734
12,15143
12,15249
12,15545
12,14307
12,15205
12,14796
12,14774
12,16692
12,16101
12,15993
12,14576
13,17031
13,15061
13,14905
13,14065
13,15308
13,13385
13,13662
13,13877
13,14525
13,15188
13,14787
13,14652
13,14525
13,14190
13,15284
13,15366
13,14739
13,15352
13,14340
13,15527
13,15529
13,15605
13,14997
13,14706
13,15280
13,14798
13,14373
13,13979
13,13023
13,14286
13,13961
13,13869
13,15963
13,15949
13,15006
13,14806
13,15938
13,14703
13,14352
13,15351
13,14292
13,15015
13,13729
13,14707
13,14555
13,14553
13,13455
13,13808
14,14407
14,14038
14,14702
14,13997
14,15220
14,14516
14,15537
14,14616
14,15674
14,14324
14,14796
14,14522
14,14952
14,14808
14,13981
14,15425
14,14841
14,14379
14,13667
14,14491
14,14240
14,13897
14,14320
14,15034
14,13072
14,15584
14,14633
14,15140
14,14467
14,14693
14,14850
14,14210
14,14476
14,14592
14,13535
14,13840
14,13348
14,12855
14,13238
14,12407
14,13549
14,13742
14,13146
14,13767
14,13506
14,13973
14,14073
14,13593
15,12734
15,14983
15,14335
15,14487
15,13360
15,14031
15,14086
15,14142
15,15066
15,13733
15,13039
15,14453
15,14502
15,14027
15,15017
15,13715
15,14402
15,14513
15,14670
15,15317
15,14740
15,13908
15,15404
15,15411
15,14521
15,15299
15,14092
15,13634
15,13443
15,12982
15,13349
15,14239
15,14431
15,13677
15,13797
15,14552
15,13601
15,15379
15,13650
15,15280
15,14398
15,13667
15,13666
15,13142
15,14565
15,13190
15,13842
15,13614
16,12794
16,13556
16,12773
16,12437
16,13309
16,13074
16,13812
16,14338
16,12876
16,14240
16,13483
16,13636
16,13074
16,13546
16,13780
16,13940
16,14334
16,13037
16,13601
16,12669
16,13106
16,13119
16,14077
16,12642
16,12410
16,13287
16,11926
16,13236
16,12921
16,12145
16,11353
16,12583
16,11881
16,12667
16,12909
16,11869
16,12446
16,11941
16,11402
16,11981
16,12004
16,12203
16,12168
16,12737
16,11798
16,12537
16,12322
16,13233
17,11642
17,12548
17,11952
17,11418
17,11618
17,10960
17,10991
17,11050
17,10884
17,11005
17,10902
17,11739
17,10893
17,12026
17,10736
17,12720
17,11392
17,11240
17,11773
17,10995
17,11798
17,12224
17,11566
17,9322
17,10383
17,9802
17,9803
17,9765
17,11587
17,9266
17,11285
17,9758
17,9601
17,11476
17,10943
17,11538
17,11168
17,10757
17,10126
17,10040
17,10711
17,11332
17,9852
17,10706
17,9866
17,10143
17,10497
17,9741
18,10185
18,10094
18,11266
18,11476
18,10744
18,11504
18,11253
18,10458
18,10646
18,11521
18,10326
18,10204
18,10198
18,9331
18,9523
18,10750
18,9864
18,9411
18,10578
18,9819
18,10432
18,11112
18,10713
18,9589
18,9308
18,9477
18,10430
18,10293
18,10502
18,10739
18,10332
18,9822
18,10740
18,9627
18,9684
18,9264
18,9350
18,9453
18,9326
18,10327
18,9980
18,10839
18,10131
18,10469
18,9993
18,10538
18,9945
18,9970
19,9477
19,8356
19,7764
19,8859
19,8922
19,8518
19,8502
19,9609
19,8604
19,8276
19,8452
19,8938
19,9265
19,8722
19,8692
19,10151
19,8827
19,9271
19,7410
19,9780
19,8450
19,8855
19,9184
19,7979
19,8143
19,6789
19,7296
19,8322
19,7939
19,7249
19,7570
19,7792
19,7386
19,6441
19,6805
19,6599
19,6480
19,7289
19,7514
19,7617
19,8507
19,7285
19,7394
19,6791
19,8281
19,6623
19,7950
19,7035
20,6789
20,8443
20,6857
20,7435
20,8488
20,7328
20,8149
20,8158
20,7471
20,7308
20,5987
20,6428
20,5493
20,6737
20,7110
20,6981
20,6896
20,7024
20,6664
20,5510
20,5262
20,6521
20,5194
20,5422
20,4548
20,5497
20,5343
20,4531
20,6505
20,7113
20,6846
20,7440
20,5653
20,7665
20,5842
20,6132
20,5739
20,5416
20,5578
20,5723
20,6083
20,7223
20,5150
20,6088
20,5902
20,6131
20,5444
20,6478
21,6295
21,6860
21,6328
21,5481
21,6659
21,5270
21,6755
21,5379
21,5238
21,5903
21,5700
21,5969
21,5802
21,6191
21,6622
21,4879
21,4964
21,4761
21,5200
21,5146
21,4140
21,4591
21,4456
21,4441
21,3201
21,4871
21,4321
21,4906
21,4706
21,5482
21,5127
21,4025
21,4553
21,4161
21,4830
21,3740
21,3281
21,4135
21,4265
21,3229
21,5208
21,3960
21,3203
21,3319
21,1850
21,3213
21,3048
21,4007
22,4167
22,3754
22,3938
22,3553
22,2959
22,4361
22,3320
22,3446
22,4531
22,3211
22,4477
22,3398
22,3548
22,4647
22,3611
22,3933
22,2629
22,2741
22,3019
22,2563
22,3932
22,3033
22,4762
22,5001
22,4975
22,4277
22,4429
22,4694
22,4743
22,3907
22,4710
22,3098
22,3999
22,3351
22,3454
22,2610
22,3992
22,4461
22,5364
22,3741
22,4730
22,4208
22,3543
22,4015
22,4081
22,4798
22,4133
22,4978
23,3229
23,2621
23,2049
23,4016
23,3440
23,2518
23,3335
23,3688
23,1967
23,2637
23,3078
23,3302
23,3458
23,3094
23,4199
23,4277
23,3753
23,4684
23,5132
23,4811
23,4951
23,4879
23,4653
23,3221
23,2744
23,3465
23,3683
23,1999
23,2740
23,2182
23,2536
23,2379
23,3167
23,3375
23,3491
23,3558
23,3301
23,3137
23,3579
23,3275
23,3598
23,3147
23,3359
23,3187
23,2729
23,3201
23,2128
23,2646
24,2429
24,3649
24,3783
24,3292
24,3623
24,4017
24,4131
24,3207
24,3291
24,3180
24,3058
24,3435
24,3379
24,3664
24,3713
24,4993
24,3006
24,4161
24,3291
24,4341
24,2689
24,4344
24,2149
24,3347
24,4349
24,2518
24,3263
24,3211
24,2500
24,3334
24,2306
24,3241
24,3122
24,2237
24,2355
24,2611
24,2288
24,2189
24,2348
24,1617
24,2591
24,2866
24,3114
24,2768
24,3625
24,2733
24,1957
24,1576
25,1855
25,2478
25,1132
25,1548
25,1959
25,1991
25,3514
25,2755
25,2749
25,3211
25,3609
25,2693
25,3183
25,3181
25,4362
25,3994
25,5265
25,4099
25,3490
25,2988
25,3391
25,2660
25,2380
25,2801
25,3299
25,2950
25,2091
25,2123
25,3824
25,3997
25,2484
25,2772
25,2426
25,2448
25,3039
25,4440
25,2814
25,3189
25,3524
25,3606
25,3876
25,3471
25,2816
25,2987
25,2648
25,2479
25,1487
25,2801
26,1873
26,974
26,1997
26,1638
26,1865
26,2628
26,1775
26,2415
26,2165
26,2060
26,2916
26,2841
26,2158
26,2834
26,2200
26,1498
26,1973
26,1237
26,2024
26,2166
26,2210
26,1323
26,2173
26,1312
26,1467
26,1828
26,2704
26,1955
26,3200
26,1341
26,3346
26,3742
26,3067
26,2017
26,2150
26,3117
26,3110
26,3404
26,3173
26,3114
26,2739
26,1833
26,1709
26,1450
26,2509
26,2637
26,2733
26,2901
27,2518
27,2080
27,2618
27,2834
27,2566
27,2563
27,2285
27,3480
27,2349
27,2456
27,2490
27,1996
27,3993
27,3604
27,3008
27,2612
27,2330
27,2793
27,3037
27,2611
27,2136
27,4370
27,3545
27,4178
27,2553
27,4164
27,3464
27,2109
27,3393
27,3830
27,2414
27,1576
27,2582
27,1575
27,1828
27,2118
27,1640
27,1860
27,2661
27,2009
27,2278
27,2065
27,2178
27,3571
27,2311
27,3466
27,3701
27,3093
28,4050
28,4305
28,3602
28,4172
28,2652
28,3005
28,2146
28,2541
28,1279
28,3920
28,2623
28,2125
28,3349
28,2290
28,1755
28,2470
28,2079
28,3315
28,4303
28,2603
28,3556
28,3083
28,3243
28,2439
28,3507
28,2287
28,2180
28,3307
28,2537
28,3535
28,2129
28,1595
28,2266
28,2603
28,1394
28,2128
28,2942
28,3169
28,2275
28,3383
28,2704
28,2765
28,2518
28,3676
28,2539
28,2491
28,2823
28,4107
29,3757
29,3254
29,3571
29,2354
29,3513
29,3920
29,4380
29,3658
29,3015
29,2759
29,3652
29,2551
29,2535
29,3025
29,2696
29,2200
29,2546
29,3292
29,3095
29,3827
29,2454
29,2786
29,3605
29,3050
29,3196
29,2645
29,4259
29,2738
29,3424
29,2440
29,1974
29,3460
29,2056
29,4503
29,4135
29,4216
29,3705
29,3776
29,4715
29,3287
29,2487
29,2814
29,4216
29,3179
29,3452
29,3822
29,3530
29,4114
30,4848
30,5179
30,5061
30,5732
30,3838
30,4930
30,3787
30,4835
30,4717
30,4303
30,3873
30,3922
30,4381
30,5875
30,4885
30,4161
30,4813
30,2953
30,3307
30,3974
30,4167
30,2997
30,3766
30,4173
30,4162
30,4796
30,5066
30,4597
30,4563
30,4433
30,5902
30,6595
30,5996
30,5761
30,5252
30,3805
30,4358
30,5122
30,3469
30,3138
30,3195
30,3800
30,4192
30,4064
30,2539
30,2529
30,5095
30,4121
31,3222
31,4397
31,3958
31,4448
31,4322
31,3839
31,4531
31,4136
31,2641
31,3611
31,4421
31,4353
31,3555
31,3213
31,3819
31,2687
31,2546
31,3705
31,3800
31,3669
31,3529
31,5135
31,3612
31,3935
31,4298
31,5442
31,4151
31,4499
31,4970
31,4481
31,4629
31,3835
31,4422
31,4002
31,3288
31,5524
31,4039
31,4092
31,3711
31,3829
31,3199
31,3704
31,4653
31,3930
31,4320
31,2768
31,3292
31,2856
32,3038
32,4994
32,4716
32,5270
32,3693
32,4521
32,4386
32,3300
32,4842
32,2452
32,3466
32,4514
32,4504
32,4669
32,3933
32,5499
32,4758
32,4891
32,5343
32,4936
32,4606
32,3234
32,4051
32,4329
32,5097
32,3924
32,3167
32,3117
32,3539
32,2955
32,5593
32,5024
32,5701
32,5511
32,6078
32,5931
32,5610
32,5988
32,5754
32,6152
32,5649
32,4595
32,5320
32,5346
32,5273
32,3961
32,4971
32,4358
33,4155
33,3979
33,6293
33,5975
33,4646
33,4863
33,5269
33,5411
33,5385
33,6085
33,5304
33,6561
33,6226
33,6063
33,5520
33,4298
33,4537
33,5306
33,5758
33,5119
33,4392
33,5435
33,3706
33,4954
33,5247
33,4695
33,5758
33,6320
33,5678
33,6071
33,7160
33,7056
33,7288
33,4906
33,6353
33,6802
33,6027
33,6718
33,5187
33,5616
33,6248
33,5125
33,6848
33,5874
33,5884
33,4990
33,4842
33,5285
34,3682
34,5913
34,4012
34,4200
34,4331
34,5158
34,5248
34,4811
34,4496
34,4152
34,5046
34,5137
34,5669
34,5638
34,5192
34,5826
34,6283
34,6507
34,5633
34,6878
34,5347
34,4629
34,6498
34,4650
34,5175
34,5216
34,4932
34,4190
34,4828
34,4481
34,5059
34,4491
34,4949
34,5966
34,4997
34,6022
34,4955
34,4908
34,4720
34,4155
34,4562
34,4577
34,4447
34,4755
34,4491
34,5410
34,3630
34,4078
35,4098
35,3996
35,4821
35,4285
35,5725
35,6077
35,5073
35,6046
35,6169
35,4415
35,5798
35,6483
35,6533
35,5692
35,6261
35,6341
35,6317
35,5691
35,6099
35,4759
35,6695
35,7133
35,7184
35,6648
35,6940
35,8428
35,5886
35,6979
35,7078
35,7253
35,7334
35,6191
35,6466
35,7442
35,5788
35,6155
35,4757
35,5614
35,5540
35,6464
35,6595
35,7495
35,7527
35,7058
35,7301
35,8113
35,7644
35,6948
36,7135
36,6808
36,4845
36,5524
36,5062
36,7213
36,5976
36,6191
36,7026
36,6408
36,8420
36,7304
36,6238
36,6147
36,7468
36,7144
36,7005
36,7468
36,7352
36,7654
36,8422
36,9548
36,8149
36,6918
36,8266
36,8831
36,8831
36,8193
36,8943
36,9011
36,8546
36,9584
36,8263
36,8910
36,9019
36,6923
36,8014
36,7812
36,7526
36,7477
36,6380
36,5878
36,7615
36,6791
36,8201
36,8252
36,7462
36,8592
37,8325
37,9451
37,8059
37,8488
37,9525
37,6974
37,9797
37,6836
37,9223
37,7871
37,8591
37,7789
37,8951
37,8291
37,8875
37,8949
37,8041
37,8726
37,8745
37,9551
37,8113
37,8905
37,8504
37,7518
37,7785
37,7724
37,7870
37,7963
37,8796
37,8358
37,8078
37,6997
37,7392
37,7585
37,7600
37,8435
37,7970
37,8138
37,7579
37,6493
37,7275
37,7583
37,8468
37,7483
37,6692
37,6485
37,7965
37,8692
38,8970
38,10828
38,9902
38,9663
38,9437
38,9463
38,9168
38,8505
38,8342
38,9407
38,8495
38,8483
38,8461
38,7270
38,8736
38,9231
38,8126
38,9443
38,9162
38,9572
38,10111
38,9887
38,10272
38,9721
38,9736
38,7752
38,8653
38,7979
38,7695
38,8080
38,6647
38,8332
38,8491
38,8686
38,8847
38,8790
38,8716
38,8462
38,9486
38,7327
38,9569
38,9292
38,7744
38,9374
38,9400
38,10000
38,9425
38,9533
39,9694
39,8733
39,9708
39,8394
39,9220
39,8498
39,8574
39,10683
39,9216
39,9064
39,9307
39,8555
39,9645
39,9121
39,9755
39,8589
39,9410
39,7749
39,9120
39,10289
39,9188
39,8657
39,8613
39,8196
39,9117
39,7638
39,8929
39,8704
39,8760
39,9167
39,8991
39,9729
39,9526
39,8328
39,8655
39,9880
39,9038
39,8433
39,9432
39,8504
39,10633
39,9403
39,9320
39,9116
39,9345
39,8672
39,8769
39,9043
40,8773
40,8219
40,8979
40,9716
40,10315
40,8900
40,9451
40,9957
40,9867
40,9952
40,8460
40,9628
40,9626
40,8805
40,9392
40,9109
40,9860
40,7630
40,8685
40,9283
40,8726
40,8917
40,9314
40,9274
40,9728
40,9040
40,9640
40,10486
40,8161
40,9248
40,9239
40,9398
40,9711
40,10871
40,10562
40,11818
40,11249
40,11196
40,11635
40,10945
40,11131
40,10834
40,9971
40,9963
40,9954
40,9824
40,9983
40,9849
41,10512
41,8734
41,8935
41,9636
41,8037
41,9565
41,8438
41,8101
41,10188
41,8662
41,9345
41,9774
41,8702
41,9276
41,9306
41,9747
41,9958
41,9966
41,9298
41,10898
41,10841
41,11245
41,10899
41,10903
41,10394
41,10416
41,11096
41,10360
41,9811
41,10211
41,10056
41,11103
41,9636
41,12008
41,10370
41,10459
41,10790
41,12780
41,11360
41,11490
41,10315
41,11573
41,10663
41,10728
41,11850
41,11818
41,10207
41,10261
42,10069
42,9290
42,10759
42,8154
42,8929
42,9739
42,10600
42,10141
42,10662
42,10301
42,10313
42,10529
42,10002
42,10867
42,9893
42,10717
42,9501
42,11379
42,10491
42,11461
42,10769
42,10995
42,10508
42,9744
42,10772
42,9884
42,11654
42,9575
42,9667
42,10023
42,10106
42,9083
42,9777
42,9001
42,9511
42,9440
42,9854
42,10053
42,10955
42,10477
42,10027
42,9090
42,10297
42,10256
42,9166
42,8480
42,8077
42,9136
43,8890
43,10284
43,10344
43,9563
43,10488
43,10364
43,9761
43,10115
43,11580
43,11877
43,9805
43,11433
43,9949
43,10440
43,9604
43,8997
43,10557
43,9553
43,9018
43,9851
43,9813
43,8877
43,8725
43,9611
43,9459
43,8969
43,10112
43,9284
43,9983
43,9943
43,9090
43,8877
43,10100
43,9057
43,8920
43,9712
43,7902
43,8520
43,9222
43,8284
43,8415
43,8394
43,7877
43,8983
43,8631
43,8171
43,7958
43,7253
44,6985
44,7455
44,7688
44,8481
44,7793
44,6967
44,9873
44,8171
44,9415
44,9756
44,8846
44,8329
44,7889
44,9394
44,8983
44,7734
44,7156
44,9129
44,7457
44,6741
44,7495
44,8379
44,8654
44,8294
44,8878
44,7930
44,8892
44,8817
44,8826
44,8522
44,8952
44,9660
44,9467
44,9028
44,8613
44,8871
44,9107
44,8271
44,8148
44,8384
44,7752
44,7938
44,9731
44,9710
44,9015
44,9773
44,9427
44,10784
45,10102
45,9817
45,9572
45,9271
45,9782
45,10011
45,8928
45,8708
45,8614
45,9270
45,9664
45,7813
45,9249
45,9055
45,9245
45,9482
45,10142
45,9973
45,9770
45,10521
45,10406
45,10705
45,10049
45,9543
45,9055
45,9335
45,9660
45,9815
45,11305
45,10177
45,11312
45,11109
45,11054
45,11055
45,10437
45,10489
45,11358
45,10811
45,12193
45,10888
45,10840
45,11871
45,13886
45,11733
45,12898
45,12521
45,12774
45,12530
46,11412
46,10673
46,11344
46,11623
46,12419
46,12976
46,12257
46,13317
46,12878
46,12289
46,12093
46,12634
46,13940
46,12183
46,13039
46,12375
46,11537
46,12017
46,12479
46,11588
46,11939
46,11244
46,12727
46,12148
46,11418
46,13562
46,11888
46,11939
46,12015
46,11901
46,12422
46,12618
46,11595
46,13283
46,13982
46,12302
46,13519
46,14617
46,14726
46,14252
46,13120
46,13831
46,12957
46,13341
46,13967
46,13016
46,12330
46,12648
47,12384
47,12312
47,12441
47,12934
47,13976
47,13529
47,13177
47,15091
47,13993
47,13610
47,14746
47,13651
47,14871
47,14470
47,15604
47,14453
47,14600
47,15558
47,13612
47,13109
47,13824
47,14312
47,13270
47,13330
47,13009
47,13239
47,12561
47,13982
47,14275
47,14952
47,14445
47,14772
47,13797
47,13599
47,15054
47,13519
47,14274
47,14303
47,14458
47,13692
47,14437
47,12976
47,14535
47,14506
47,13516
47,13217
47,12544
47,13403
48,13008
48,13332
48,12109
48,12498
48,12706
48,12991
48,14374
48,13557
48,15668
48,13808
48,13959
48,15972
48,14865
48,14293
48,13800
48,13964
48,13345
48,12282
48,12018
48,13154
48,13289
48,13601
48,12793
48,13544
48,14141
48,13027
48,13010
48,13948
48,14498
48,13572
48,14771
48,15047
48,14071
48,14982
48,14418
48,14398
48,15914
48,15108
48,15000
48,13436
48,14552
48,13472
48,13362
48,12687
48,12758
48,12729
48,12180
48,11859
49,12700
49,11379
49,11804
49,12795
49,13157
49,13863
49,14561
49,13280
49,14240
49,13706
49,14250
49,13997
49,13058
49,13971
49,14288
49,14251
49,13654
49,13613
49,13294
49,12526
49,12880
49,13664
49,13379
49,13765
49,13501
49,13766
49,15535
49,14667
49,14903
49,13492
49,15553
49,14211
49,14747
49,14120
49,14401
49,14627
49,14064
49,14483
49,14604
49,14693
49,14664
49,14134
49,14687
49,13856
49,13450
49,14497
49,15394
49,14688
50,15295
50,15262
50,14637
50,13267
50,14108
50,13730
50,14598
50,14348
50,13215
50,13720
50,13088
50,13041
50,13247
50,14447
50,13808
50,15112
50,15267
50,13817
50,13827
50,14782
50,15115
50,15655
50,14573
50,15196
50,15167
50,14869
50,14112
50,13614
50,14997
50,13093
50,15129
50,14002
50,13756
50,13152
50,13965
50,13954
50,12596
50,13754
50,13988
50,13181
50,12750
50,12954
50,12559
50,13002
50,12633
50,14165
50,13493
50,13317
51,14211
51,13715
51,13832
51,12645
51,14141
51,14963
51,14084
51,14922
51,13836
51,14170
51,14372
51,13309
51,13727
51,12890
51,12676
51,13019
51,12410
51,12725
51,13159
51,13852
51,13790
51,12226
51,12008
51,12302
51,11891
51,11524
51,12344
51,13873
51,12387
51,12220
51,12225
51,11848
51,10871
51,12599
51,12505
51,13100
51,13244
51,13254
51,13214
51,13582
51,13002
51,13528
51,12014
51,11448
51,11710
51,10969
51,11435
51,11711
52,12105
52,11950
52,12093
52,11395
52,10816
52,11769
52,12316
52,12616
52,13068
52,13614
52,14620
52,13907
52,14065
52,11784
52,13234
52,12401
52,12837
52,12606
52,11299
52,12161
52,12215
52,13825
52,13183
52,14253
52,14149
52,12682
52,12112
52,11267
52,11939
52,12576
52,11550
52,12579
52,11807
52,12536
52,11544
52,13001
52,12874
52,12900
52,12478
52,12672
52,10597
52,11872
52,11436
52,12098
52,11079
52,12038
52,10270
52,10717
53,11848
53,10940
53,11463
53,11666
53,10872
53,11056
53,10788
53,11186
53,13231
53,13203
53,13805
53,13036
53,13226
53,13345
53,11816
53,13173
53,13105
53,13631
53,15124
53,13434
53,12975
53,12573
53,12162
53,11511
53,11360
53,12767
53,12796
53,11949
53,11176
53,11269
53,12457
53,11683
53,13117
53,12629
53,11958
53,13212
53,12776
53,11420
53,14050
53,12404
53,12964
53,13076
53,11815
53,11932
53,11558
53,12046
53,11445
53,11526
54,11709
54,11861
54,10305
54,12271
54,11377
54,11943
54,12026
54,11062
54,12020
54,11687
54,10886
54,11296
54,11782
54,11898
54,10448
54,12307
54,9392
54,12079
54,11968
54,13276
54,11601
54,11771
54,13151
54,10570
54,11137
54,11382
54,10619
54,11334
54,11219
54,11563
54,11032
54,11587
54,11035
54,13545
54,12953
54,12638
54,11930
54,12140
54,13173
54,13950
54,12759
54,12972
54,12339
54,12768
54,12625
54,12128
54,12306
54,12574
55,11091
55,12523
55,12016
55,12369
55,10572
55,11011
55,11869
55,12258
55,11940
55,12152
55,11851
55,12388
55,12992
55,12819
55,13682
55,12174
55,12735
55,13540
55,11738
55,11482
55,10940
55,12357
55,11017
55,12126
55,9833
55,10782
55,11160
55,12012
55,10839
55,12248
55,12863
55,11712
55,12480
55,11005
55,12325
55,11887
55,11188
55,12055
55,10308
55,13468
55,12194
55,11697
55,12044
55,11978
55,11878
55,13298
55,13245
55,11602
56,12657
56,11989
56,13766
56,12837
56,11206
56,12755
56,12309
56,12092
56,12793
56,13065
56,14241
56,12231
56,12455
56,11968
56,12407
56,13044
56,12080
56,12829
56,12064
56,12079
56,12589
56,12033
56,11170
56,12521
56,12958
56,12263
56,12578
56,12132
56,12548
56,12850
56,11700
56,11986
56,12613
56,12633
56,12288
56,12611
56,11245
56,12149
56,12332
56,12597
56,11666
56,11815
56,12226
56,11208
56,12261
56,12097
56,12026
56,12554
57,12465
57,11789
57,12312
57,11631
57,11064
57,11749
57,12310
57,12482
57,11077
57,10792
57,12590
57,11563
57,11166
57,12340
57,11593
57,12375
57,11865
57,12292
57,12559
57,13416
57,12560
57,13171
57,12477
57,11922
57,12310
57,11639
57,11924
57,12241
57,13095
57,11994
57,12734
57,12133
57,12343
57,12425
57,14912
57,12781
57,11954
57,13003
57,12970
57,13166
57,12568
57,13672
57,13292
57,13806
57,13339
57,14103
57,13599
57,13693
58,12900
58,12228
58,12259
58,13115
58,12647
58,12251
58,12095
58,12459
58,11611
58,14317
58,13714
58,12543
58,12886
58,12293
58,12651
58,12197
58,11851
58,11105
58,13145
58,11023
58,11734
58,11245
58,13152
58,14377
58,13259
58,14303
58,13454
58,14729
58,12946
58,13391
58,13832
58,13578
58,12646
58,13380
58,13048
58,14971
58,13901
58,13309
58,15716
58,12728
58,14388
58,13464
58,13556
58,14348
58,12161
58,13437
58,12931
58,13074
59,13745
59,13375
59,14135
59,13410
59,14146
59,14411
59,12495
59,13905
59,14356
59,12406
59,13477
59,14541
59,11525
59,12893
59,13490
59,12995
59,12692
59,12021
59,13080
59,13329
59,13112
59,14295
59,13848
59,12792
59,11677
59,13537
59,12131
59,12789
59,13234
59,12584
59,12491
59,11908
59,13835
59,12966
59,12393
59,12386
59,12894
59,13309
59,14160
59,12793
59,13026
59,13985
59,13808
59,13458
59,14699
59,14072
59,14696
59,12789
60,13109
60,13508
60,13170
60,13267
60,13415
60,13961
60,13984
60,13522
60,13712
60,12825
60,14362
60,12702
60,13617
60,12283
60,11931
60,11859
60,12308
60,13708
60,12463
60,13665
60,11448
60,13183
60,12308
60,12540
60,11100
60,12441
60,12289
60,11806
60,11487
60,12744
60,13253
60,12860
60,12521
60,13259
60,12776
60,12436
60,13508
60,13712
60,14489
60,14060
60,13408
60,12729
60,14350
60,13310
60,14072
60,12143
60,13158
60,12568
61,12814
61,13399
61,14918
61,13167
61,13149
61,12746
61,13618
61,13058
61,13518
61,12118
61,11978
61,13671
61,11569
61,12745
61,13435
61,12161
61,12699
61,14271
61,12439
61,12702
61,12361
61,10665
61,11669
61,11015
61,10434
61,11553
61,11127
61,11649
61,11358
61,11845
61,11351
61,11061
61,11097
61,11006
61,11177
61,11586
61,11097
61,11157
61,11930
61,10587
61,10250
61,10445
61,9421
61,11348
61,11282
61,10861
61,10706
61,11097
62,11550
62,10938
62,11850
62,11022
62,11756
62,11340
62,10228
62,11187
62,10505
62,10978
62,10600
62,10324
62,10201
62,8718
62,8972
62,9929
62,10425
62,8398
62,9709
62,9825
62,9242
62,10476
62,8392
62,10862
62,10710
62,10449
62,9411
62,10036
62,10508
62,9251
62,10020
62,10004
62,9804
62,11110
62,10608
62,9600
62,10896
62,9197
62,9926
62,8851
62,11148
62,10139
62,11134
62,10369
62,9978
62,10741
62,10204
62,9508
63,9559
63,9626
63,10566
63,10017
63,10104
63,9093
63,9583
63,9455
63,9080
63,9266
63,9712
63,9748
63,9325
63,10225
63,10529
63,8871
63,8578
63,9341
63,8531
63,8732
63,9805
63,9906
63,9644
63,9903
63,8537
63,9197
63,7817
63,10054
63,8340
63,9359
63,9462
63,9141
63,9526
63,8368
63,8094
63,8015
63,8865
63,8812
63,8672
63,8357
63,8117
63,8107
63,8120
63,9098
63,8185
63,8826
63,9809
63,9010
64,9868
64,9564
64,8355
64,8814
64,9789
64,10006
64,9225
64,10003
64,9471
64,9201
64,8369
64,9087
64,9843
64,8610
64,9304
64,8950
64,7754
64,8155
64,9498
64,8387
64,9119
64,9693
64,9460
64,8473
64,8342
64,8295
64,9082
64,9130
64,9315
64,8276
64,8793
64,8701
64,8083
64,8005
64,8620
64,8499
64,8213
64,7241
64,8979
64,8589
64,9004
64,9326
64,7969
64,9333
64,7823
64,8978
64,9272
64,8279
65,8555
65,8387
65,8702
65,7264
65,8683
65,8308
65,9604
65,8595
65,8023
65,8661
65,8609
65,9229
65,7589
65,7805
65,7710
65,8562
65,7662
65,8072
65,7955
65,7757
65,7892
65,7515
65,8450
65,7545
65,8094
65,7582
65,7595
65,6435
65,6845
65,7366
65,7466
65,7063
65,7371
65,7743
65,7249
65,7175
65,7514
65,6685
65,7644
65,7891
65,7091
65,7128
65,7165
65,6913
65,6360
65,6560
65,6459
65,6715
66,5722
66,8185
66,6218
66,7559
66,7756
66,6002
66,6617
66,5771
66,6932
66,7102
66,6634
66,7852
66,6598
66,7844
66,6789
66,6206
66,6342
66,6622
66,7717
66,7196
66,7500
66,7358
66,8095
66,5630
66,6769
66,7839
66,7422
66,7941
66,7091
66,8390
66,7025
66,8728
66,7180
66,9457
66,7607
66,7942
66,6571
66,7693
66,6556
66,7896
66,7407
66,7754
66,9581
66,8688
66,8705
66,8860
66,9750
66,8295
67,9064
67,8760
67,8527
67,9062
67,9423
67,9447
67,8241
67,8698
67,8911
67,6998
67,6973
67,7573
67,6823
67,6794
67,6264
67,7068
67,6892
67,7172
67,9089
67,6706
67,8913
67,8153
67,7598
67,7731
67,7804
67,8485
67,8018
67,7563
67,7997
67,7785
67,8899
67,9244
67,8856
67,7751
67,8316
67,8098
67,8875
67,9403
67,8879
67,8828
67,9040
67,9124
67,7714
67,7023
67,7295
67,7245
67,7181
67,7651
68,6804
68,7190
68,7033
68,7229
68,7580
68,7200
68,7482
68,8248
68,8434
68,6511
68,7113
68,6728
68,5757
68,5860
68,5529
68,5792
68,6261
68,6594
68,6335
68,6647
68,8338
68,8154
68,8172
68,7268
68,6872
68,7175
68,6850
68,6030
68,7275
68,7038
68,7033
68,6162
68,6943
68,5563
68,5682
68,6333
68,6853
68,5098
68,5991
68,5911
68,5606
68,5182
68,5053
68,6839
68,6099
68,7127
68,7089
68,6621
69,7064
69,5879
69,4803
69,4626
69,6362
69,5647
69,4771
69,5033
69,4645
69,5043
69,6136
69,6147
69,4317
69,4899
69,3555
69,5293
69,4501
69,5321
69,4647
69,5467
69,5302
69,6033
69,3904
69,5415
69,4414
69,5511
69,5354
69,5127
69,6389
69,4483
69,6329
69,5350
69,5579
69,6552
69,5424
69,6563
69,6615
69,6530
69,6157
69,4631
69,5991
69,5573
69,4902
69,5783
69,4788
69,5289
69,5575
69,5110
70,4626
70,4778
70,5133
70,4747
70,4680
70,4926
70,4656
70,3578
70,3980
70,4836
70,3498
70,4420
70,5962
70,3954
70,4042
70,4457
70,3437
70,5311
70,4493
70,3771
70,4906
70,5170
70,5492
70,5775
70,5283
70,4871
70,5764
70,4854
70,6148
70,4761
70,5364
70,5068
70,4992
70,4508
70,3624
70,4429
70,2830
70,4156
70,2961
70,4536
70,4497
70,4718
70,3553
70,4527
70,4968
70,3646
70,3310
70,5691
71,2384
71,4785
71,3547
71,3973
71,4532
71,4408
71,4580
71,4234
71,3548
71,3838
71,3249
71,3786
71,2796
71,4721
71,4042
71,3403
71,2890
71,2641
71,2859
71,3565
71,2607
71,3604
71,3579
71,3649
71,3982
71,4638
71,3791
71,3944
71,2814
71,3257
71,3624
71,2354
71,1901
71,2817
71,2933
71,2032
71,2692
71,4044
71,3131
71,2882
71,3654
71,2788
71,3475
71,4270
71,3013
71,3852
71,4218
71,3299
72,2912
72,3047
72,1568
72,3656
72,2077
72,1997
72,3006
72,2753
72,1843
72,1936
72,1570
72,1541
72,2034
72,2661
72,2328
72,3433
72,2951
72,2595
72,4109
72,4575
72,3735
72,3878
72,3394
72,3537
72,2707
72,3459
72,3582
72,3352
72,2986
72,3450
72,2989
72,2681
72,3133
72,2648
72,2741
72,2643
72,3584
72,2960
72,2391
72,4239
72,2113
72,4218
72,2811
72,2236
72,3379
72,2875
72,2009
72,3580
73,2677
73,3444
73,2782
73,2198
73,4430
73,2834
73,1042
73,3113
73,2667
73,3388
73,2323
73,2698
73,2670
73,2143
73,2413
73,1709
73,3284
73,1997
73,2930
73,1704
73,1503
73,3106
73,1716
73,1491
73,2292
73,3543
73,510
73,3411
73,2196
73,3511
73,2042
73,1708
73,2922
73,2215
73,3666
73,2280
73,2638
73,3975
73,3579
73,3156
73,3487
73,2453
73,3298
73,2368
73,1522
73,1792
73,3345
73,1727
74,1809
74,2527
74,2505
74,1068
74,1715
74,1508
74,2393
74,1811
74,1965
74,2096
74,1504
74,1620
74,2216
74,828
74,1333
74,2479
74,1696
74,2537
74,1981
74,1069
74,2396
74,3251
74,3261
74,3062
74,3061
74,1543
74,1807
74,2150
74,245
74,1382
74,1412
74,2329
74,2381
74,2636
74,2159
74,2594
74,2609
74,3131
74,2509
74,3272
74,1636
74,2868
74,3462
74,3518
74,2192
74,3357
74,3369
74,4644
75,2310
75,3413
75,3348
75,3454
75,2658
75,3095
75,3978
75,3435
75,3758
75,2972
75,2772
75,4128
75,2626
75,2150
75,4322
75,3579
75,3036
75,4197
75,3881
75,4213
75,4181
75,4957
75,4534
75,3430
75,3498
75,4227
75,4417
75,3953
75,3999
75,4313
75,3416
75,3179
75,3982
75,3687
75,3238
75,3763
75,3615
75,3672
75,4078
75,3504
75,2491
75,4037
75,4046
75,4587
75,3981
75,3270
75,4270
75,3727
76,5476
76,3864
76,4652
76,4596
76,4906
76,5932
76,3853
76,4653
76,3867
76,3016
76,3262
76,3293
76,4278
76,3719
76,4277
76,4457
76,4242
76,4902
76,4011
76,5811
76,4021
76,5376
76,5108
76,2853
76,4312
76,4264
76,4478
76,3597
76,5009
76,3380
76,4440
76,3116
76,3974
76,2531
76,3047
76,4510
76,4851
76,4955
76,3463
76,3534
76,2220
76,2863
76,3885
76,3116
76,2348
76,2509
76,3114
76,3293
77,3762
77,4010
77,3267
77,4919
77,3883
77,5585
77,4946
77,4449
77,3950
77,3781
77,3905
77,2715
77,4136
77,2309
77,3332
77,2371
77,3278
77,4334
77,2942
77,3652
77,3588
77,4152
77,3009
77,2707
77,2675
77,3577
77,2608
77,3176
77,3070
77,2265
77,2375
77,1706
77,2996
77,3136
77,5057
77,3839
77,5282
77,4612
77,5204
77,4837
77,5198
77,5656
77,6070
77,5162
77,5553
77,5726
77,5556
77,4769
78,5129
78,5708
78,4700
78,5349
78,3835
78,4152
78,3999
78,4761
78,3811
78,5000
78,3667
78,4532
78,3946
78,4329
78,4240
78,5309
78,4876
78,3534
78,4792
78,4761
78,4688
78,3312
78,4199
78,2801
78,4631
78,4637
78,3773
78,4548
78,4325
78,4160
78,5128
78,4060
78,5839
78,4293
78,5012
78,5143
78,3794
78,5037
78,5603
78,6546
78,5964
78,6455
78,6393
78,4907
78,5923
78,6027
78,4946
78,5362
79,5511
79,4702
79,4438
79,3944
79,3703
79,4829
79,4842
79,3872
79,4709
79,4309
79,5170
79,3572
79,4055
79,5858
79,4006
79,4876
79,4663
79,3423
79,3328
79,4136
79,2576
79,2804
79,2316
79,2902
79,2303
79,2625
79,3463
79,2555
79,3842
79,3280
79,4519
79,4385
79,5006
79,4749
79,4609
79,4302
79,2868
79,3261
79,4232
79,2360
79,3541
79,2943
79,4509
79,3007
79,3149
79,2318
79,2124
79,3124
80,1717
80,2670
80,2405
80,2565
80,3011
80,2538
80,2359
80,2339
80,3533
80,2167
80,3173
80,2402
80,2515
80,3137
80,2436
80,2470
80,1945
80,3255
80,2461
80,2916
80,2965
80,2380
80,3047
80,2644
80,2035
80,3718
80,2672
80,3190
80,3543
80,3050
80,2035
80,2841
80,3066
80,2846
80,3229
80,4435
80,3857
80,4194
80,3807
80,2473
80,2900
80,3046
80,1797
80,1548
80,2201
80,2909
80,3717
80,4063
81,3809
81,3374
81,2941
81,2996
81,3327
81,2718
81,2321
81,3386
81,2115
81,3076
81,2981
81,3146
81,3931
81,2366
81,3387
81,2818
81,3393
81,1943
81,3456
81,3443
81,3993
81,2812
81,3364
81,2598
81,2656
81,2300
81,1959
81,1833
81,2479
81,2561
81,919
81,2404
81,1175
81,2691
81,3495
81,2396
81,2121
81,1317
81,3044
81,1741
81,1437
81,3047
81,2840
81,1528
81,3846
81,1592
81,1782
81,2800
82,1309
82,2381
82,1638
82,2620
82,1340
82,1775
82,2691
82,1843
82,1312
82,2539
82,2016
82,3497
82,2614
82,2557
82,2229
82,1473
82,2072
82,2645
82,1943
82,2338
82,1802
82,2213
82,1817
82,2502
82,1546
82,1136
82,1157
82,831
82,1855
82,1681
82,763
82,2392
82,1996
82,1830
82,1230
82,2471
82,1795
82,1800
82,1284
82,726
82,1871
82,671
82,1191
82,-249
82,1267
82,-547
82,927
82,780
83,658
83,1671
83,2228
83,1104
83,2210
83,2150
83,1168
83,1760
83,1783
83,1489
83,2896
83,2935
83,2812
83,3655
83,1801
83,2830
83,1351
83,932
83,-386
83,1716
83,1096
83,1854
83,1696
83,1167
83,2633
83,1150
83,626
83,2886
83,999
83,2648
83,2771
83,2007
83,1856
83,4423
83,4416
83,3381
83,3150
83,5523
83,3406
83,3797
83,4173
83,2095
83,1560
83,2470
83,2850
83,2011
83,2500
83,3514
84,2696
84,2650
84,4199
84,3484
84,3977
84,3990
84,4516
84,3890
84,2851
84,3886
84,3750
84,3409
84,3656
84,4910
84,3467
84,4240
84,3922
84,2888
84,2351
84,3583
84,3482
84,3039
84,3123
84,3038
84,3178
84,3019
84,3515
84,2976
84,3833
84,3265
84,2878
84,4370
84,3713
84,3893
84,3583
84,3717
84,3872
84,3745
84,3191
84,4101
84,2317
84,3751
84,3436
84,3850
84,3875
84,3030
84,3704
84,3965
85,4500
85,2464
85,2881
85,3346
85,3502
85,4375
85,3882
85,3040
85,2151
85,3744
85,2745
85,3674
85,2658
85,4055
85,5142
85,4511
85,3762
85,3492
85,4602
85,2571
85,4719
85,3256
85,5061
85,4226
85,3652
85,3133
85,3215
85,4024
85,3766
85,3913
85,3819
85,3697
85,3479
85,3392
85,4074
85,3319
85,3104
85,3968
85,3821
85,3264
85,2873
85,3851
85,3848
85,4322
85,3659
85,4918
85,4268
85,3167
86,4352
86,3413
86,3609
86,3207
86,4116
86,4133
86,2420
86,4101
86,2698
86,3311
86,4148
86,3147
86,3355
86,4411
86,4256
86,3875
86,4922
86,6180
86,4114
86,5707
86,5639
86,5180
86,5158
86,3090
86,4961
86,6177
86,5475
86,5345
86,4406
86,5044
86,4203
86,4270
86,4290
86,4214
86,4276
86,4608
86,6781
86,5939
86,6180
86,5825
86,6321
86,4878
86,6091
86,5118
86,3928
86,4929
86,4235
86,4734
87,4338
87,4833
87,4810
87,5453
87,4925
87,5548
87,5942
87,5297
87,3765
87,5766
87,4037
87,4699
87,5008
87,4718
87,5054
87,4569
87,6161
87,4558
87,5893
87,4807
87,4680
87,4666
87,5772
87,4821
87,4983
87,6100
87,4956
87,5478
87,4443
87,6110
87,4657
87,5471
87,4658
87,5330
87,7010
87,7591
87,7660
87,6583
87,5624
87,6216
87,5328
87,5812
87,4757
87,4557
87,4680
87,4889
87,3808
87,5011
88,4112
88,5122
88,3464
88,4719
88,5184
88,4265
88,4352
88,4129
88,4009
88,5413
88,4738
88,4674
88,6094
88,5319
88,5157
88,3354
88,6193
88,4655
88,6187
88,4207
88,4728
88,4499
88,5548
88,5457
88,5275
88,6077
88,5183
88,5513
88,6609
88,5676
88,5888
88,5762
88,4872
88,5708
88,4889
88,6300
88,4995
88,4756
88,5347
88,5082
88,5123
88,3821
88,4528
88,4008
88,5173
88,4731
88,4990
88,5253
89,5175
89,5792
89,5994
89,6544
89,5445
89,6126
89,5912
89,5265
89,5611
89,5184
89,4836
89,4627
89,4934
89,5989
89,7130
89,5182
89,4987
89,5460
89,4863
89,5106
89,5562
89,6466
89,5443
89,6873
89,5718
89,4783
89,4917
89,5862
89,5718
89,5162
89,6781
89,6193
89,6127
89,5028
89,5359
89,5314
89,5808
89,6426
89,6241
89,6550
89,5643
89,5473
89,5377
89,5299
89,4682
89,5019
89,6258
89,4823
90,5545
90,5034
90,6750
90,5441
90,5836
90,4852
90,5632
90,5825
90,5658
90,6888
90,6487
90,6089
90,5428
90,5690
90,6635
90,6092
90,7174
90,6422
90,7443
90,7485
90,7570
90,6019
90,6779
90,6550
90,5350
90,6613
90,5618
90,5657
90,4957
90,5751
90,5609
90,7170
90,6483
90,6002
90,6403
90,6190
90,7041
90,6002
90,5663
90,6078
90,5099
90,6597
90,5968
90,5957
90,5946
90,6439
90,6437
90,5868
91,5520
91,5525
91,4835
91,4886
91,4716
91,6428
91,6236
91,6956
91,6818
91,6688
91,7103
91,7386
91,5595
91,5641
91,4991
91,4770
91,4630
91,5551
91,6006
91,6561
91,6993
91,7936
91,7085
91,6553
91,6831
91,5678
91,7253
91,6392
91,6989
91,6021
91,8517
91,6959
91,7473
91,7722
91,7374
91,8392
91,7643
91,8563
91,7461
91,7023
91,7767
91,6397
91,7248
91,6846
91,6816
91,6032
91,7173
91,8441
92,8374
92,8567
92,6562
92,7116
92,7944
92,7861
92,6866
92,6919
92,7506
92,7981
92,6226
92,8114
92,7318
92,8850
92,8558
92,8310
92,7448
92,7595
92,7531
92,8035
92,6979
92,6444
92,7468
92,7515
92,6919
92,8592
92,8795
92,6885
92,9134
92,7519
92,9789
92,8554
92,7712
92,6967
92,6771
92,7568
92,7479
92,6947
92,7318
92,7612
92,7939
92,7729
92,8375
92,7487
92,7318
92,8688
92,7921
92,9193
93,8313
93,8475
93,8789
93,8711
93,8169
93,8672
93,7990
93,8824
93,7995
93,8612
93,8767
93,8311
93,8254
93,8757
93,8547
93,9032
93,8556
93,8802
93,8702
93,8233
93,8278
93,9020
93,9573
93,7736
93,9930
93,8951
93,9693
93,8831
93,9314
93,9093
93,8800
93,8072
93,8860
93,7770
93,8523
93,7821
93,7257
93,8620
93,6857
93,7971
93,8164
93,7525
93,7990
93,7686
93,7892
93,7576
93,7477
93,6942
94,6981
94,7774
94,8031
94,6265
94,7844
94,6495
94,7326
94,7787
94,6790
94,7479
94,6524
94,5700
94,7127
94,7785
94,8070
94,6674
94,8632
94,8444
94,8416
94,6650
94,7473
94,7983
94,6878
94,8009
94,7597
94,7570
94,7850
94,6345
94,5800
94,6667
94,5304
94,5957
94,5298
94,5040
94,5542
94,5404
94,5556
94,6387
94,5441
94,6889
94,6261
94,6482
94,8105
94,7216
94,7500
94,7209
94,6596
94,6381
95,6096
95,6904
95,6760
95,5856
95,7216
95,7820
95,7345
95,6853
95,6454
95,5984
95,6885
95,6002
95,6594
95,7918
95,5881
95,7537
95,6157
95,8368
95,6736
95,9294
95,8947
95,7401
95,7649
95,7548
95,6634
95,6604
95,7233
95,7752
95,6874
95,8132
95,6930
95,5314
95,7223
95,6997
95,6808
95,7711
95,6780
95,7099
95,7338
95,6641
95,6982
95,8335
95,7538
95,7136
95,6983
95,7756
95,5040
95,6712
96,5998
96,7764
96,6806
96,6515
96,7873
96,8274
96,7842
96,8138
96,8599
96,7591
96,7058
96,8222
96,8055
96,8108
96,7580
96,7587
96,7701
96,7430
96,6400
96,6210
96,6913
96,8448
96,8727
96,8405
96,8285
96,8572
96,8339
96,8258
96,8839
96,6765
96,8305
96,8370
96,7101
96,7953
96,8495
96,7489
96,7756
96,7952
96,8910
96,7609
96,7982
96,7539
96,8418
96,7235
96,8486
96,7995
96,6686
96,7847
97,8586
97,6795
97,8341
97,7930
97,8696
97,8528
97,6849
97,7904
97,7873
97,7806
97,8464
97,8025
97,8180
97,6684
97,7203
97,7224
97,8424
97,6881
97,9289
97,8115
97,7412
97,8143
97,7790
97,8976
97,8602
97,10064
97,8988
97,9321
97,9126
97,8545
97,10091
97,9403
97,8477
97,8073
97,8096
97,8412
97,8748
97,8889
97,7891
97,9069
97,7247
97,7907
97,9098
97,8527
97,9300
97,9054
97,8187
97,9020
98,9035
98,9134
98,8164
98,9787
98,7778
98,9492
98,9810
98,9247
98,10004
98,9411
98,9434
98,8478
98,9674
98,8643
98,8912
98,9283
98,8040
98,7613
98,8703
98,8273
98,7935
98,8375
98,9195
98,8728
98,9289
98,9569
98,8464
98,8318
98,8525
98,7618
98,8691
98,8425
98,7766
98,7002
98,9567
98,9275
98,10286
98,8290
98,8079
98,9172
98,8703
98,7773
98,8650
98,6817
98,7676
98,9395
98,8726
98,9685
99,9413
99,9070
99,8210
99,8945
99,8446
99,8983
99,9106
99,7395
99,8514
99,9567
99,9516
99,7979
99,9311
99,9221
99,9144
99,9548
99,8566
99,9248
99,8321
99,7876
99,7510
99,8343
99,7785
99,7771
99,8589
99,8253
99,9191
99,10093
99,8887
99,9805
99,10515
99,10516
99,9063
99,9436
99,9431
99,8214
99,8347
99,7186
99,8533
99,8779
99,7900
99,8799
99,8846
99,8405
99,7391
99,7982
99,8961
99,8264
100,8373
100,9012
100,8559
100,9423
100,8952
100,9763
100,9417
100,9759
100,8430
100,8478
100,9321
100,8116
100,8920
100,9935
100,8227
100,8758
100,6821
100,6643
100,6288
100,8047
100,7346
100,7524
100,7531
100,9744
100,8737
100,9186
100,9291
100,7441
100,9771
100,9333
100,7792
100,9024
100,8479
100,8272
100,8447
100,9260
100,8225
100,9276
100,8541
100,8958
100,8441
100,7237
100,7803
100,8975
100,8206
100,8604
100,8570
100,9008
101,9300
101,7725
101,8504
101,7791
101,9134
101,8674
101,9198
101,10281
101,8462
101,8129
101,9309
101,8409
101,7794
101,9561
101,8962
101,11155
101,8220
101,8506
101,7882
101,8636
101,9239
101,8362
101,9269
101,10366
101,9815
101,9793
101,9181
101,8971
101,9549
101,9041
101,9317
101,8518
101,8046
101,8518
101,7200
101,8034
101,7248
101,8965
101,9489
101,9266
101,8549
101,10116
101,10626
101,10323
101,9177
101,8506
101,9293
101,9314
102,9335
102,10119
102,8679
102,10109
102,9584
102,10039
102,9014
102,9288
102,9508
102,10186
102,10662
102,10373
102,9400
102,10697
102,10375
102,9985
102,11592
102,10083
102,10441
102,10514
102,9970
102,9210
102,8729
102,9387
102,9385
102,8698
102,9037
102,7714
102,9866
102,7959
102,8914
102,9320
102,8647
102,9023
102,7490
102,9373
102,9139
102,9502
102,9461
102,10062
102,8148
102,9933
102,9774
102,9011
102,9603
102,8902
102,8445
102,7817
103,8879
103,7887
103,7991
103,8600
103,8711
103,9253
103,8802
103,8857
103,7978
103,9317
103,9223
103,6868
103,8446
103,7347
103,8494
103,8052
103,8596
103,8479
103,7683
103,8319
103,8028
103,8297
103,8080
103,8030
103,6946
103,7805
103,7765
103,6595
103,6899
103,7903
103,7176
103,7825
103,7404
103,6367
103,7105
103,8447
103,7765
103,7903
103,6819
103,8092
103,8101
103,7420
103,8309
103,7668
103,8575
103,9071
103,8547
103,8121
104,7894
104,8577
104,7411
104,8152
104,8428
104,8738
104,9053
104,9152
104,8031
104,8168
104,7842
104,7790
104,8616
104,8160
104,8576
104,7963
104,8246
104,8786
104,8788
104,7877
104,9093
104,8970
104,7755
104,9370
104,8074
104,7905
104,7729
104,8574
104,8041
104,9400
104,7564
104,7504
104,7797
104,8378
104,7502
104,8981
104,8471
104,9222
104,8216
104,7322
104,7634
104,8642
104,6841
104,7062
104,6414
104,6582
104,7261
104,6093
105,8739
105,7818
105,8647
105,7825
105,8107
105,8609
105,8290
105,7329
105,8107
105,9280
105,7541
105,9031
105,9617
105,10497
105,10358
105,9843
105,11818
105,11545
105,9105
105,10002
105,10474
105,9802
105,10033
105,10382
105,10889
105,9106
105,9620
105,9480
105,8314
105,8857
105,8834
105,8829
105,7527
105,8505
105,8559
105,9467
105,9778
105,9246
105,11026
105,10124
105,10012
105,9855
105,9193
105,9180
105,10196
105,10529
105,9279
105,9819
106,10102
106,9508
106,9948
106,9119
106,9206
106,8845
106,8836
106,8923
106,8297
106,10861
106,8315
106,9852
106,9220
106,9276
106,10608
106,10360
106,10653
106,9198
106,8862
106,10960
106,10632
106,8013
106,9797
106,8373
106,10493
106,10585
106,8159
106,9466
106,8279
106,8821
106,8844
106,7680
106,9002
106,9427
106,10343
106,9074
106,8924
106,10898
106,9465
106,10799
106,9954
106,9544
106,8969
106,9330
106,9308
106,8751
106,8715
106,9324
107,9475
107,9811
107,9113
107,8277
107,9739
107,9507
107,9650
107,12001
107,10002
107,10001
107,10327
107,9813
107,10293
107,9754
107,10622
107,10343
107,8855
107,11016
107,9270
107,9556
107,8435
107,7328
107,8750
107,7186
107,8123
107,8514
107,8688
107,8107
107,6585
107,9676
107,9313
107,8541
107,8868
107,8929
107,9604
107,9416
107,9729
107,8288
107,9498
107,9320
107,9274
107,8176
107,7496
107,8552
107,9868
107,7466
107,8175
107,8793
108,9578
108,9054
108,9244
108,9474
108,8220
108,8440
108,8461
108,8526
108,8606
108,9011
108,9108
108,8977
108,8626
108,8094
108,9519
108,9000
108,8832
108,8836
108,10098
108,9762
108,8131
108,10052
108,8530
108,9371
108,9215
108,9056
108,9082
108,8121
108,8495
108,9358
108,8980
108,6876
108,8174
108,7892
108,8000
108,7038
108,8465
108,7333
108,9387
108,8066
108,7782
108,8652
108,8736
108,8607
108,8247
108,7519
108,8239
108,8842
109,8813
109,8394
109,8634
109,8774
109,8707
109,8319
109,8556
109,8022
109,8257
109,7464
109,8296
109,8158
109,8734
109,8505
109,9920
109,9346
109,9293
109,9373
109,9118
109,9323
109,8873
109,8200
109,9420
109,9118
109,9629
109,10218
109,9066
109,9161
109,8672
109,8204
109,8378
109,9066
109,9518
109,9231
109,9520
109,8866
109,9993
109,9212
109,9589
109,8579
109,10015
109,10112
109,9982
109,8566
109,9477
109,8948
109,10289
109,10341
110,10759
110,10767
110,10218
110,8659
110,10566
110,10200
110,9368
110,9202
110,10395
110,11044
110,10544
110,8678
110,10896
110,10654
110,9529
110,10348
110,9305
110,9946
110,9335
110,10004
110,8369
110,10760
110,9813
110,10702
110,11006
110,10476
110,11116
110,10789
110,10843
110,10721
110,10948
110,11013
110,11679
110,10900
110,11059
110,10644
110,11120
110,10469
110,11248
110,10278
110,10071
110,12092
110,10578
110,10527
110,9929
110,10672
110,10181
110,9559
111,11662
111,10567
111,11154
111,11981
111,10283
111,10978
111,10537
111,9341
111,10579
111,10324
111,9417
111,10228
111,9942
111,10537
111,10979
111,10927
111,9944
111,9269
111,9872
111,9639
111,10557
111,9912
111,10529
111,9490
111,9041
111,8960
111,9106
111,9584
111,8536
111,10065
111,9022
111,10169
111,9307
111,9863
111,8104
111,9707
111,9605
111,9546
111,9833
111,9573
111,10470
111,9759
111,9580
111,10352
111,9939
111,9972
111,10108
111,10335
112,10025
112,9352
112,10091
112,9534
112,9026
112,10084
112,10732
112,9581
112,10192
112,8530
112,8557
112,8791
112,8960
112,9139
112,9723
112,9518
112,9987
112,10674
112,10945
112,10362
112,10393
112,9966
112,10293
112,9719
112,9533
112,9185
112,8431
112,8633
112,8401
112,10165
112,9789
112,10393
112,10483
112,11054
112,10304
112,11667
112,10722
112,10388
112,9493
112,10828
112,9183
112,10720
112,9154
112,9562
112,9978
112,10419
112,9903
112,9713
113,10826
113,9155
113,9548
113,9478
113,11170
113,10089
113,8327
113,10021
113,10075
113,9448
113,10064
113,8262
113,9486
113,9599
113,8611
113,9495
113,9751
113,10509
113,9563
113,10584
113,9450
113,9642
113,8535
113,8090
113,7042
113,8248
113,8666
113,8768
113,8747
113,10314
113,9803
113,9352
113,9158
113,8916
113,9050
113,10343
113,8053
113,10013
113,8283
113,8903
113,8574
113,10555
113,10044
113,9822
113,8002
113,8538
113,9374
113,8696
114,9938
114,9257
114,9585
114,10381
114,11043
114,9742
114,9031
114,10655
114,10890
114,10527
114,11509
114,10337
114,10172
114,10092
114,10402
114,10957
114,10139
114,11069
114,10297
114,9964
114,10725
114,10913
114,10609
114,10944
114,10219
114,10134
114,9808
114,11601
114,11600
114,10938
114,11128
114,10532
114,9409
114,9984
114,9553
114,8918
114,10611
114,11590
114,10828
114,10985
114,11771
114,11008
114,9945
114,10761
114,10637
114,10358
114,11404
114,9874
115,10066
115,10225
115,10484
115,11606
115,11242
115,10585
115,11006
115,11885
115,11757
115,12504
115,10837
115,10615
115,9432
115,10111
115,10509
115,11027
115,11668
115,11957
115,10356
115,11459
115,10965
115,10948
115,11524
115,11487
115,11021
115,11873
115,10625
115,10223
115,11820
115,11751
115,11908
115,11862
115,10994
115,12334
115,12376
115,12072
115,13093
115,12391
115,12382
115,12347
115,12885
115,12639
115,12599
115,13085
115,13303
115,12742
115,13303
115,12844
116,12268
116,13075
116,14123
116,12960
116,12930
116,12902
116,13435
116,11942
116,12972
116,13220
116,12885
116,13447
116,12709
116,13154
116,12457
116,12851
116,13857
116,13400
116,13644
116,12766
116,13088
116,12398
116,13156
116,11720
116,13400
116,12780
116,13160
116,12153
116,12641
116,12326
116,13006
116,11873
116,13635
116,13971
116,13735
116,13412
116,15104
116,13937
116,13926
116,13068
116,13803
116,13014
116,12808
116,12645
116,12168
116,13675
116,12816
116,12414
117,13641
117,12101
117,11840
117,12546
117,13278
117,14669
117,14096
117,14547
117,14421
117,14019
117,13318
117,13272
117,13559
117,12533
117,13290
117,13673
117,14326
117,13932
117,14350
117,13861
117,14827
117,14212
117,14557
117,14717
117,14791
117,15019
117,14569
117,14284
117,14951
117,14522
117,14794
117,14843
117,16259
117,14821
117,16283
117,14665
117,15088
117,14885
117,15231
117,15859
117,14204
117,13495
117,15104
117,14005
117,13475
117,15594
117,17386
117,15800
118,17035
118,16182
118,16332
118,15310
118,16109
118,16213
118,15789
118,16769
118,16785
118,14953
118,15609
118,14865
118,15635
118,14899
118,15334
118,14438
118,13023
118,14641
118,13574
118,15246
118,15387
118,15759
118,15177
118,15493
118,14052
118,15138
118,15004
118,14987
118,15371
118,15339
118,15811
118,15478
118,15767
118,14277
118,14667
118,14437
118,15686
118,15806
118,14951
118,16153
118,15823
118,16384
118,16045
118,17104
118,16125
118,17463
118,17262
118,16491
119,16067
119,16154
119,15765
119,16007
119,15073
119,15531
119,16211
119,15095
119,15864
119,16070
119,15750
119,14167
119,16061
119,15415
119,15874
119,15041
119,16312
119,16479
119,15400
119,15498
119,14081
119,16492
119,15413
119,15755
119,15247
119,15963
119,15977
119,15374
119,15177
119,14786
119,15747
119,14797
119,16816
119,14905
119,15573
119,14631
119,15185
119,16044
119,15581
119,15736
119,15565
119,16865
119,15624
119,16220
119,15806
119,16182
119,16547
119,15433
120,15958
120,15803
120,14874
120,16308
120,14945
120,14858
120,15726
120,14608
120,14120
120,12272
120,13591
120,13807
120,13582
120,14472
120,14591
120,15495
120,15452
120,15442
120,13854
120,15182
120,15465
120,14955
120,14664
120,15192
120,16004
120,16346
120,16392
120,15770
120,15815
120,15699
120,14205
120,15048
120,15605
120,14142
120,13610
120,14911
120,14823
120,14475
120,14667
120,15849
120,15631
120,15051
120,15530
120,15432
120,15971
120,14835
120,15809
120,15560
121,14545
121,14979
121,14567
121,15563
121,15215
121,15151
121,14762
121,14768
121,14571
121,14145
121,13381
121,13656
121,14346
121,15138
121,14285
121,14149
121,13945
121,13994
121,13487
121,13560
121,14386
121,14747
121,14100
121,13701
121,14490
121,14960
121,13443
121,13627
121,13836
121,13029
121,12990
121,14051
121,13887
121,13605
121,13125
121,12538
121,12647
121,12362
121,12529
121,11944
121,12957
121,12595
121,13502
121,11775
121,11676
121,13074
121,12096
121,11929
122,13125
122,12819
122,13251
122,11705
122,12492
122,13311
122,14495
122,12672
122,13603
122,12858
122,12984
122,12715
122,11790
122,11543
122,11812
122,10288
122,10116
122,11885
122,10548
122,11185
122,10653
122,11403
122,11720
122,10279
122,11075
122,11814
122,11770
122,11470
122,11319
122,11322
122,10252
122,10780
122,10286
122,10668
122,11368
122,11542
122,12486
122,11466
122,11919
122,10794
122,12994
122,11935
122,12285
122,11500
122,10392
122,11492
122,10528
122,10458
123,9518
123,10670
123,10422
123,10752
123,11008
123,11337
123,11395
123,10380
123,10935
123,11090
123,10767
123,11122
123,11057
123,10568
123,9515
123,10103
123,9613
123,8327
123,9911
123,8862
123,8457
123,8509
123,8084
123,7613
123,8874
123,10825
123,9433
123,8796
123,9995
123,7944
123,8213
123,8178
123,8520
123,8431
123,9548
123,8948
123,10284
123,9847
123,8802
123,9416
123,9406
123,8224
123,9485
123,8541
123,8739
123,9255
123,6344
123,9056
124,8999
124,7250
124,7644
124,7903
124,7636
124,7713
124,7382
124,7849
124,7748
124,6675
124,6820
124,6383
124,7817
124,7263
124,7972
124,8785
124,7743
124,7429
124,7746
124,7260
124,7924
124,8472
124,8917
124,8033
124,8380
124,8076
124,7854
124,8662
124,7618
124,7678
124,7992
124,9219
124,8328
124,8029
124,8981
124,8908
124,7392
124,7978
124,7805
124,6462
124,7027
124,6744
124,6311
124,7182
124,6165
124,7733
124,7159
124,7389
125,6950
125,7172
125,7806
125,6664
125,6582
125,6779
125,7067
125,7797
125,7634
125,7247
125,6753
125,7445
125,6021
125,6049
125,7008
125,7636
125,7563
125,6443
125,7775
125,7252
125,8069
125,8951
125,8324
125,8113
125,7516
125,7679
125,7256
125,7249
125,6117
125,6018
125,7809
125,7413
125,7255
125,6823
125,6963
125,7631
125,6946
125,7666
125,6732
125,6314
125,7287
125,7026
125,7057
125,6600
125,6507
125,6322
125,7420
125,6218
126,7577
126,7727
126,6025
126,6531
126,7381
126,8934
126,7273
126,7093
126,6963
126,6844
126,6449
126,6152
126,6910
126,6999
126,7768
126,6774
126,7220
126,7353
126,7195
126,7535
126,6575
126,8451
126,8197
126,8043
126,8020
126,9012
126,8030
126,8499
126,6610
126,7641
126,6572
126,7242
126,7125
126,7109
126,7322
126,7495
126,7235
126,8770
126,6948
126,7438
126,6634
126,8316
126,7455
126,7600
126,7317
126,6806
126,7641
126,7256
127,6748
127,7197
127,6972
127,8082
127,7209
127,6849
127,8889
127,7712
127,7511
127,7630
127,7915
127,8024
127,6841
127,7752
127,7440
127,7418
127,8917
127,8640
127,7559
127,8461
127,8293
127,7502
127,7641
127,8776
127,7865
127,8205
127,8665
127,8571
127,6834
127,8064
127,8685
127,7739
127,7319
127,7231
127,7879
127,8915
127,8285
127,6818
127,8169
127,8143
127,8280
127,8461
127,7372
127,8112
127,6819
127,7548
127,6967
127,7081
128,7027
128,7761
128,7197
128,7020
128,7335
128,6161
128,8138
128,7088
128,6933
128,7126
128,7403
128,7742
128,8069
128,7613
128,8261
128,7931
128,7954
128,7602
128,8352
128,7041
128,6891
128,7865
128,8089
128,8312
128,9353
128,7590
128,7611
128,8810
128,8475
128,6745
128,7474
128,8057
128,6871
128,8458
128,7296
128,7306
128,7285
128,6736
128,7232
128,6654
128,5960
128,7551
128,7702
128,6536
128,5754
128,5803
128,5517
128,5816
129,5758
129,6426
129,7155
129,8363
129,7529
129,6081
129,8488
129,7387
129,6685
129,7250
129,7615
129,6899
129,5839
129,6931
129,6680
129,6519
129,5372
129,5227
129,6593
129,6718
129,6641
129,7170
129,6841
129,6154
129,6422
129,6873
129,5864
129,7178
129,5520
129,5619
129,5706
129,4415
129,4686
129,4819
129,4306
129,4166
129,6094
129,6377
129,5569
129,5960
129,5801
129,5000
129,4532
129,4784
129,5481
129,5551
129,4521
129,5049
130,4595
130,5206
130,5730
130,4450
130,5851
130,6821
130,4962
130,6146
130,5445
130,4651
130,5702
130,4669
130,4881
130,5140
130,3967
130,5324
130,5509
130,5844
130,4521
130,4960
130,5237
130,4302
130,5601
130,4532
130,5673
130,4250
130,4872
130,5638
130,4472
130,4306
130,5779
130,5283
130,4323
130,5410
130,5830
130,5295
130,5516
130,4424
130,5060
130,3743
130,4976
130,3403
130,3983
130,3750
130,2809
130,2499
130,2669
130,2174
131,4269
131,3468
131,2090
131,3504
131,3761
131,4132
131,2598
131,3931
131,2782
131,3379
131,5010
131,3813
131,5426
131,4181
131,4326
131,3181
131,2517
131,2394
131,3524
131,1905
131,2957
131,2719
131,2424
131,2844
131,1863
131,2733
131,2644
131,3233
131,3374
131,2376
131,2445
131,2617
131,2656
131,2208
131,2805
131,2871
131,3136
131,3046
131,2995
131,3173
131,3038
131,2593
131,2336
131,1182
131,1372
131,1526
131,1178
131,2132
132,1889
132,2680
132,1944
132,1977
132,3177
132,2661
132,1141
132,2662
132,2176
132,1636
132,1212
132,1378
132,1966
132,2726
132,2429
132,3636
132,2756
132,3753
132,2194
132,3539
132,3177
132,3380
132,2762
132,3132
132,2556
132,2341
132,3701
132,3038
132,2836
132,2475
132,734
132,2106
132,779
132,2136
132,862
132,1291
132,1596
132,1486
132,2796
132,1902
132,1803
132,2158
132,1991
132,1330
132,728
132,494
132,947
132,8
133,832
133,1058
133,1696
133,1577
133,1592
133,343
133,1361
133,1464
133,846
133,829
133,1614
133,435
133,-41
133,177
133,380
133,171
133,1648
133,2099
133,643
133,1281
133,2317
133,-222
133,1699
133,2514
133,239
133,1035
133,348
133,1772
133,2067
133,2129
133,1715
133,1615
133,937
133,1421
133,1360
133,1645
133,1321
133,1217
133,1484
133,1137
133,-256
133,1487
133,-85
133,-410
133,893
133,823
133,555
133,1950
134,2111
134,912
134,1666
134,1756
134,2430
134,2769
134,2877
134,2521
134,2913
134,2438
134,2221
134,1517
134,1583
134,1653
134,914
134,1716
134,2060
134,348
134,2596
134,1331
134,2918
134,1581
134,1922
134,2171
134,2117
134,1859
134,1807
134,3006
134,3244
134,3218
134,3536
134,3430
134,3537
134,4164
134,4005
134,4374
134,3697
134,4159
134,2438
134,3655
134,3886
134,3773
134,3615
134,3616
134,2859
134,3653
134,2716
134,3909
135,3865
135,4475
135,4727
135,3414
135,4498
135,3332
135,3439
135,3463
135,3406
135,4164
135,3929
135,4265
135,3286
135,4394
135,3199
135,3198
135,3937
135,3209
135,4120
135,5059
135,3445
135,3248
135,4451
135,4517
135,4205
135,3707
135,4402
135,5059
135,4492
135,5324
135,3843
135,3761
135,4093
135,3583
135,3332
135,2445
135,3430
135,4018
135,3402
135,3028
135,4598
135,3918
135,3641
135,3936
135,4339
135,4771
135,3568
135,5182
136,3243
136,4001
136,3647
136,3193
136,3139
136,2512
136,2424
136,3656
136,2684
136,3297
136,3434
136,4126
136,3275
136,3952
136,3598
136,3969
136,3348
136,4013
136,2600
136,3567
136,3118
136,2514
136,3414
136,4357
136,3012
136,3521
136,4611
136,3589
136,3947
136,4813
136,4241
136,4805
136,3448
136,4406
136,4606
136,4562
136,4309
136,3056
136,3211
136,3625
136,4197
136,4262
136,3283
136,4500
136,3889
136,4491
136,3971
136,2969
137,3333
137,1723
137,3576
137,3678
137,3495
137,2343
137,2408
137,2989
137,3292
137,2389
137,2571
137,3063
137,4118
137,3120
137,3702
137,2869
137,2931
137,3467
137,2966
137,3776
137,3218
137,2834
137,1234
137,3767
137,3463
137,2297
137,1408
137,1992
137,997
137,1451
137,1977
137,1453
137,2531
137,1893
137,2986
137,2802
137,1848
137,2645
137,2556
137,2701
137,3126
137,2012
137,3414
137,2107
137,2092
137,2903
137,2163
137,1657
138,1848
138,720
138,1377
138,616
138,1008
138,2043
138,1160
138,1282
138,652
138,1315
138,2296
138,1372
138,1970
138,1920
138,1549
138,19
138,494
138,825
138,687
138,340
138,603
138,1113
138,-465
138,564
138,208
138,694
138,1350
138,1764
138,2273
138,891
138,1915
138,2443
138,3053
138,3205
138,2360
138,2962
138,2669
138,1350
138,2887
138,2136
138,1828
138,1833
138,700
138,1969
138,694
138,726
138,1088
138,-311
139,126
139,67
139,2170
139,1812
139,1159
139,1474
139,741
139,2748
139,334
139,1773
139,918
139,958
139,1038
139,521
139,75
139,305
139,-74
139,-243
139,-252
139,130
139,-488
139,-115
139,122
139,1293
139,204
139,646
139,881
139,1069
139,366
139,1343
139,767
139,1123
139,1668
139,1302
139,1904
139,1150
139,591
139,-304
139,-1164
139,-1708
139,-1539
139,-2275
139,-1270
139,-2004
139,-2204
139,-1736
139,-1020
139,-1564
140,-2539
140,-2130
140,-2248
140,-1281
140,-2229
140,-1559
140,-746
140,-1364
140,-1173
140,395
140,-929
140,-1654
140,128
140,-888
140,145
140,-872
140,-1084
140,-2041
140,-1086
140,-1625
140,-756
140,409
140,-2860
140,-1293
140,-1175
140,-1735
140,-1650
140,-669
140,-1749
140,-2145
140,-2055
140,-1660
140,-2236
140,-1708
140,-1389
140,-1996
140,-2298
140,-2757
140,-1779
140,-3072
140,-2555
140,-3137
140,-3560
140,-3541
140,-3312
140,-3356
140,-3082
140,-4615
141,-4097
141,-5126
141,-5675
141,-5588
141,-4881
141,-4102
141,-5105
141,-4128
141,-5275
141,-3738
141,-3683
141,-4131
141,-2859
141,-2876
141,-2927
141,-3323
141,-3301
141,-3942
141,-4548
141,-4110
141,-2528
141,-4809
141,-3795
141,-3856
141,-6826
141,-3850
141,-3456
141,-4720
141,-4589
141,-4319
141,-5737
141,-5067
141,-6691
141,-5313
141,-5131
141,-4173
141,-5462
141,-4617
141,-4709
141,-5736
141,-5735
141,-5688
141,-5569
141,-5361
141,-4543
141,-4212
141,-4797
141,-4015
142,-4649
142,-2877
142,-3815
142,-3855
142,-4742
142,-2846
142,-3344
142,-4884
142,-4707
142,-3263
142,-5142
142,-4719
142,-4542
142,-5590
142,-4848
142,-6858
142,-6034
142,-6596
142,-5658
142,-5740
142,-6363
142,-6628
142,-5706
142,-5454
142,-6215
142,-5589
142,-5506
142,-5595
142,-6163
142,-6446
142,-5197
142,-6378
142,-6122
142,-7098
142,-7219
142,-7227
142,-7360
142,-5674
142,-7182
142,-6245
142,-5989
142,-7049
142,-7271
142,-7584
142,-7363
142,-7661
142,-7935
142,-6982
143,-8855
143,-6597
143,-7949
143,-7220
143,-8741
143,-7952
143,-8767
143,-7557
143,-7851
143,-7677
143,-8428
143,-7823
143,-8485
143,-9013
143,-7439
143,-9568
143,-8083
143,-9777
143,-7332
143,-7853
143,-8322
143,-7841
143,-8242
143,-7875
143,-8092
143,-8477
143,-9002
143,-8236
143,-8105
143,-7633
143,-6826
143,-8687
143,-8333
143,-8160
143,-6755
143,-7972
143,-7321
143,-8752
143,-7150
143,-8184
143,-9061
143,-8974
143,-7927
143,-8947
143,-8634
143,-9008
143,-9543
143,-8313
144,-7783
144,-8566
144,-8721
144,-7761
144,-7864
144,-8362
144,-8191
144,-7571
144,-8062
144,-8870
144,-8081
144,-9166
144,-8986
144,-9466
144,-7822
144,-8590
144,-7886
144,-8480
144,-7507
144,-8138
144,-8398
144,-8077
144,-6490
144,-7178
144,-7677
144,-7234
144,-7537
144,-7376
144,-7969
144,-8380
144,-8917
144,-7368
144,-9032
144,-9124
144,-8344
144,-8439
144,-8178
144,-9139
144,-8751
144,-9206
144,-9147
144,-9221
144,-7472
144,-9415
144,-9293
144,-8788
144,-9453
144,-9090
145,-9170
145,-10194
145,-9191
145,-9648
145,-8863
145,-9853
145,-10709
145,-9114
145,-7915
145,-8160
145,-8824
145,-8529
145,-8317
145,-9230
145,-8312
145,-9268
145,-9522
145,-8210
145,-8848
145,-8916
145,-9938
145,-9231
145,-9322
145,-9279
145,-10697
145,-10688
145,-9854
145,-8709
145,-7409
145,-9471
145,-8113
145,-8950
145,-8924
145,-8706
145,-8609
145,-8538
145,-9092
145,-8151
145,-9980
145,-8749
145,-9539
145,-10008
145,-9369
145,-8878
145,-9122
145,-9761
145,-8807
145,-9879
146,-7746
146,-8286
146,-7398
146,-8814
146,-8560
146,-8900
146,-9374
146,-9460
146,-9518
146,-10256
146,-9603
146,-11594
146,-11048
146,-10337
146,-11568
146,-11440
146,-10952
146,-10661
146,-10770
146,-11585
146,-11101
146,-11036
146,-11245
146,-12365
146,-11264
146,-11250
146,-11176
146,-11819
146,-11912
146,-11476
146,-12441
146,-11075
146,-11446
146,-12412
146,-12348
146,-11863
146,-12527
146,-12581
146,-11552
146,-12678
146,-12762
146,-13495
146,-12532
146,-12392
146,-12695
146,-12123
146,-12837
146,-10992
147,-12723
147,-12911
147,-12288
147,-12676
147,-12237
147,-13355
147,-13612
147,-13219
147,-12989
147,-11760
147,-11399
147,-11084
147,-11968
147,-13004
147,-12814
147,-12668
147,-13720
147,-13966
147,-13875
147,-13984
147,-13933
147,-13967
147,-14484
147,-13382
147,-12755
147,-14065
147,-14755
147,-13083
147,-14273
147,-13658
147,-13808
147,-14655
147,-15149
147,-14694
147,-14009
147,-15408
147,-15411
147,-13880
147,-15282
147,-15607
147,-16154
147,-15082
147,-15230
147,-14827
147,-14040
147,-15555
147,-15983
147,-13946
148,-15284
148,-15787
148,-15025
148,-14632
148,-14756
148,-14815
148,-15047
148,-16513
148,-16243
148,-15407
148,-15443
148,-17844
148,-16888
148,-17009
148,-16997
148,-15744
148,-16885
148,-16418
148,-17076
148,-17443
148,-16208
148,-16501
148,-15780
148,-16375
148,-15856
148,-14835
148,-16293
148,-17762
148,-17322
148,-17007
148,-17726
148,-16625
148,-17051
148,-16788
148,-18029
148,-19081
148,-17822
148,-17499
148,-17358
148,-17919
148,-17596
148,-17359
148,-18122
148,-18971
148,-17484
148,-18016
148,-18621
148,-17473
149,-17938
149,-18350
149,-18410
149,-18699
149,-19454
149,-19114
149,-18127
149,-20150
149,-20253
149,-20298
149,-19721
149,-19018
149,-19911
149,-20548
149,-19186
149,-18627
149,-18483
149,-20700
149,-20316
149,-20197
149,-20672
149,-20625
149,-20307
149,-20105
149,-20151
149,-20171
149,-21295
149,-21267
149,-21700
149,-20199
149,-21037
149,-19863
149,-20208
149,-22407
149,-20764
149,-20885
149,-21153
149,-21598
149,-22682
149,-23189
149,-22620
149,-21343
149,-22271
149,-20858
149,-22729
149,-21804
149,-21543
149,-21593
150,-22236
150,-22786
150,-22368
150,-22956
150,-22110
150,-22931
150,-22799
150,-22964
150,-23269
150,-23576
150,-22487
150,-23116
150,-22442
150,-23592
150,-21531
150,-22007
150,-22736
150,-22768
150,-23641
150,-23257
150,-24810
150,-23973
150,-24902
150,-23630
150,-25253
150,-25215
150,-24126
150,-23969
150,-23544
150,-23453
150,-23924
150,-24024
150,-23790
150,-24149
150,-23635
150,-24004
150,-22489
150,-24143
150,-24148
150,-24264
150,-23993
150,-24467
150,-24889
150,-24340
150,-23783
150,-24173
150,-24449
150,-25049
151,-25270
151,-23880
151,-24927
151,-25555
151,-26890
151,-25987
151,-25270
151,-26185
151,-25651
151,-25809
151,-26165
151,-24764
151,-24996
151,-26281
151,-25072
151,-25566
151,-26403
151,-26153
151,-26348
151,-26394
151,-27382
151,-27662
151,-27197
151,-27306
151,-26978
151,-27532
151,-27028
151,-27208
151,-26575
151,-26607
151,-26701
151,-27329
151,-27397
151,-27000
151,-26605
151,-26211
151,-27991
151,-26663
151,-27755
151,-26814
151,-26902
151,-27226
151,-28226
151,-28265
151,-27346
151,-28065
151,-28554
151,-28656
152,-29733
152,-29300
152,-28992
152,-28426
152,-29248
152,-27920
152,-28748
152,-29786
152,-29162
152,-29449
152,-28227
152,-28822
152,-27552
152,-29843
152,-29731
152,-28896
152,-29019
152,-29889
152,-28660
152,-29165
152,-28409
152,-29099
152,-27980
152,-28701
152,-29403
152,-29853
152,-29218
152,-29463
152,-30365
152,-30193
152,-29859
152,-30714
152,-29784
152,-29471
152,-29814
152,-30034
152,-30896
152,-30313
152,-29751
152,-30059
152,-31311
152,-30055
152,-31428
152,-31176
152,-29822
152,-31182
152,-30159
152,-31202
153,-30006
153,-31992
153,-30882
153,-31037
153,-31778
153,-31739
153,-30691
153,-31859
153,-29446
153,-31402
153,-30807
153,-30893
153,-30032
153,-31567
153,-31803
153,-32857
153,-33044
153,-32883
153,-33205
153,-33523
153,-31754
153,-34228
153,-31582
153,-32992
153,-32359
153,-32987
153,-32513
153,-33216
153,-33909
153,-32217
153,-33191
153,-33851
153,-34153
153,-32481
153,-33390
153,-32684
153,-32408
153,-32995
153,-33955
153,-33331
153,-34047
153,-33888
153,-33943
153,-35144
153,-35328
153,-34148
153,-34543
153,-34830
154,-34049
154,-34747
154,-35125
154,-35048
154,-34330
154,-34161
154,-34123
154,-34418
154,-34625
154,-33827
154,-34658
154,-34037
154,-34805
154,-35159
154,-34412
154,-33255
154,-33636
154,-34701
154,-34087
154,-35306
154,-35011
154,-34955
154,-35172
154,-32992
154,-33752
154,-32906
154,-34391
154,-33883
154,-35037
154,-34025
154,-34980
154,-35059
154,-34110
154,-35171
154,-34952
154,-35122
154,-35549
154,-34875
154,-35910
154,-35962
154,-35899
154,-35202
154,-35653
154,-34854
154,-35310
154,-35901
154,-36432
154,-35460
155,-36194
155,-35780
155,-35570
155,-37099
155,-37136
155,-36596
155,-37305
155,-35654
155,-36569
155,-36452
155,-36598
155,-35058
155,-36227
155,-36020
155,-34998
155,-37075
155,-36677
155,-35561
155,-36046
155,-36948
155,-35515
155,-36346
155,-35067
155,-35667
155,-35542
155,-35541
155,-36372
155,-36967
155,-37280
155,-36464
155,-35564
155,-36215
155,-36363
155,-36042
155,-35499
155,-35452
155,-36462
155,-36745
155,-35843
155,-38264
155,-35262
155,-36890
155,-35652
155,-36154
155,-37220
155,-36999
155,-34520
155,-36842
156,-36173
156,-36201
156,-36699
156,-36458
156,-36575
156,-36005
156,-37492
156,-37178
156,-37349
156,-37550
156,-36505
156,-37447
156,-35578
156,-37328
156,-36128
156,-35727
156,-35641
156,-35490
156,-36670
156,-35525
156,-36271
156,-35430
156,-35312
156,-36081
156,-36458
156,-35778
156,-35962
156,-35956
156,-37270
156,-36550
156,-36402
156,-35413
156,-35639
156,-36356
156,-37155
156,-36261
156,-35797
156,-36757
156,-37020
156,-36145
156,-36560
156,-36077
156,-35989
156,-36251
156,-37127
156,-37030
156,-37026
156,-38068
157,-36936
157,-35789
157,-37530
157,-36787
157,-36911
157,-36977
157,-37503
157,-36971
157,-36960
157,-37445
157,-36974
157,-35609
157,-36614
157,-36186
157,-35817
157,-36943
157,-37708
157,-37841
157,-37315
157,-37142
157,-37532
157,-37500
157,-38457
157,-38448
157,-37320
157,-37285
157,-38083
157,-38080
157,-37286
157,-37532
157,-37027
157,-37179
157,-36232
157,-37098
157,-36300
157,-36335
157,-37746
157,-36364
157,-38849
157,-37051
157,-36484
157,-38566
157,-37433
157,-38487
157,-37491
157,-37840
157,-37106
157,-36713
158,-37846
158,-36971
158,-39092
158,-37639
158,-37453
158,-36607
158,-36863
158,-38096
158,-36132
158,-37316
158,-37227
158,-37353
158,-36920
158,-38185
158,-36927
158,-37808
158,-37672
158,-37834
158,-36893
158,-38013
158,-37563
158,-37990
158,-37443
158,-38500
158,-37935
158,-37461
158,-38439
158,-36302
158,-38471
158,-38008
158,-36847
158,-37095
158,-38046
158,-37091
158,-38303
158,-36694
158,-38082
158,-37819
158,-38414
158,-37787
158,-39044
158,-38169
158,-37415
158,-39109
158,-38068
158,-39370
158,-38821
158,-39753
159,-39657
159,-39804
159,-39145
159,-40711
159,-39851
159,-39630
159,-39851
159,-39643
159,-39629
159,-40012
159,-40325
159,-40456
159,-40019
159,-40359
159,-41279
159,-41033
159,-39600
159,-39716
159,-40390
159,-40439
159,-39160
159,-39698
159,-39904
159,-40016
159,-39197
159,-41409
159,-38762
159,-39321
159,-40425
159,-38421
159,-38653
159,-38292
159,-37893
159,-38300
159,-38839
159,-39138
159,-40490
159,-40490
159,-39126
159,-39891
159,-39462
159,-39524
159,-40204
159,-40858
159,-40062
159,-38849
159,-40550
159,-39650
160,-39823
160,-39150
160,-39730
160,-39193
160,-40288
160,-39882
160,-39093
160,-39734
160,-40235
160,-40156
160,-39688
160,-40872
160,-41465
160,-40263
160,-40162
160,-41705
160,-40381
160,-41247
160,-39766
160,-40901
160,-40917
160,-40195
160,-41203
160,-41452
160,-40741
160,-41905
160,-42126
160,-40937
160,-41616
160,-42563
160,-41041
160,-41074
160,-41577
160,-40735
160,-41495
160,-41810
160,-42919
160,-42509
160,-41025
160,-42401
160,-42626
160,-42433
160,-41892
160,-41448
160,-42840
160,-43233
160,-42993
160,-41660
161,-43165
161,-43062
161,-42429
161,-43827
161,-42678
161,-43153
161,-42686
161,-40849
161,-42941
161,-42468
161,-42670
161,-43145
161,-43152
161,-42504
161,-42357
161,-42822
161,-42733
161,-43186
161,-42495
161,-43444
161,-42391
161,-42226
161,-42316
161,-43036
161,-42712
161,-41663
161,-43435
161,-42420
161,-42357
161,-40913
161,-42333
161,-40449
161,-42295
161,-41382
161,-42032
161,-43209
161,-43097
161,-42286
161,-43221
161,-42742
161,-43034
161,-44153
161,-44508
161,-43194
161,-44220
161,-44351
161,-43542
161,-44642
162,-42958
162,-43948
162,-43170
162,-44179
162,-44978
162,-44664
162,-43697
162,-43714
162,-45133
162,-42759
162,-44469
162,-43786
162,-44347
162,-44062
162,-44672
162,-43638
162,-43885
162,-44427
162,-43148
162,-43776
162,-42983
162,-43383
162,-44023
162,-44171
162,-44286
162,-44344
162,-45120
162,-45072
162,-44322
162,-45259
162,-44990
162,-46512
162,-46240
162,-46388
162,-45245
162,-46123
162,-45570
162,-46298
162,-46357
162,-45201
162,-45335
162,-45636
162,-45845
162,-45678
162,-45639
162,-45748
162,-46435
162,-46377
163,-47045
163,-46775
163,-47385
163,-48545
163,-47947
163,-47321
163,-47676
163,-47327
163,-47056
163,-46230
163,-46301
163,-45590
163,-45551
163,-45848
163,-46123
163,-46117
163,-45814
163,-46534
163,-44906
163,-45593
163,-45867
163,-43319
163,-43890
163,-44085
163,-44768
163,-46233
163,-44742
163,-45358
163,-46493
163,-46586
163,-45528
163,-45927
163,-47061
163,-45931
163,-47287
163,-47579
163,-47282
163,-48068
163,-48307
163,-48121
163,-48184
163,-47152
163,-46106
163,-47067
163,-46464
163,-47469
163,-47438
163,-46730
164,-48098
164,-47725
164,-47959
164,-47458
164,-47282
164,-47211
164,-49192
164,-47342
164,-47442
164,-48172
164,-48201
164,-47830
164,-47817
164,-47984
164,-46927
164,-47006
164,-47612
164,-47646
164,-46736
164,-47131
164,-46495
164,-46408
164,-45705
164,-46919
164,-46696
164,-46467
164,-46685
164,-47571
164,-46523
164,-46666
164,-47891
164,-47607
164,-46683
164,-46935
164,-47561
164,-47529
164,-47233
164,-46536
164,-45374
164,-48071
164,-46049
164,-46510
164,-46355
164,-45696
164,-46806
164,-45469
164,-46355
164,-45166
165,-45695
165,-46052
165,-46864
165,-45855
165,-46217
165,-47199
165,-46598
165,-48277
165,-48079
165,-48582
165,-47841
165,-47562
165,-48208
165,-47088
165,-47708
165,-48866
165,-47753
165,-47774
165,-48436
165,-48072
165,-47207
165,-47419
165,-47999
165,-47585
165,-49812
165,-47904
165,-48578
165,-49634
165,-48403
165,-48382
165,-49509
165,-49269
165,-48839
165,-49686
165,-49309
165,-49659
165,-48312
165,-48930
165,-48191
165,-47923
165,-48174
165,-47792
165,-48445
165,-49431
165,-47050
165,-47103
165,-48614
165,-47176
166,-47220
166,-48450
166,-47167
166,-47339
166,-49064
166,-49240
166,-48666
166,-48413
166,-48642
166,-48455
166,-48059
166,-48579
166,-47871
166,-48326
166,-48522
166,-48666
166,-48586
166,-48665
166,-48307
166,-49112
166,-48418
166,-49516
166,-48843
166,-49051
166,-49422
166,-48464
166,-49757
166,-48232
166,-49010
166,-49058
166,-48787
166,-49287
166,-48666
166,-50153
166,-49367
166,-49518
166,-50639
166,-49936
166,-49578
166,-50102
166,-49591
166,-49291
166,-49896
166,-49722
166,-48752
166,-48441
166,-48790
166,-47739
167,-48840
167,-48728
167,-48737
167,-48532
167,-47404
167,-48219
167,-47673
167,-47183
167,-47260
167,-48299
167,-49963
167,-48940
167,-49381
167,-49647
167,-49088
167,-48039
167,-47942
167,-48512
167,-49127
167,-48163
167,-48703
167,-49139
167,-49392
167,-49751
167,-48969
167,-49545
167,-49122
167,-48974
167,-48749
167,-48145
167,-48865
167,-47421
167,-48313
167,-48279
167,-49196
167,-49286
167,-47945
167,-48078
167,-48397
167,-47817
167,-48507
167,-47831
167,-48139
167,-47252
167,-48245
167,-48305
167,-48405
167,-47362
168,-48446
168,-47224
168,-47182
168,-47806
168,-47910
168,-46879
168,-48232
168,-48087
168,-47996
168,-47566
168,-48369
168,-48658
168,-48708
168,-49972
168,-47686
168,-48700
168,-48819
168,-48547
168,-49034
168,-47773
168,-48739
168,-48336
168,-47960
168,-47296
168,-47510
168,-46560
168,-47554
168,-46844
168,-47115
168,-46439
168,-47815
168,-48049
168,-47409
168,-46669
168,-47658
168,-48107
168,-46876
168,-49339
168,-48465
168,-47808
168,-48249
168,-48640
168,-49068
168,-48867
168,-48929
168,-48038
168,-48828
168,-47336
169,-48749
169,-48238
169,-49250
169,-48129
169,-48450
169,-48037
169,-46846
169,-47507
169,-46228
169,-46288
169,-45351
169,-47020
169,-46679
169,-46324
169,-46726
169,-47526
169,-47712
169,-47544
169,-49098
169,-48466
169,-47455
169,-46171
169,-47740
169,-46923
169,-46769
169,-48680
169,-47628
169,-47471
169,-47733
169,-46712
169,-46365
169,-47737
169,-48092
169,-47225
169,-48381
169,-47422
169,-47173
169,-48422
169,-46910
169,-48390
169,-47062
169,-46915
169,-47785
169,-46179
169,-47000
169,-46417
169,-44715
169,-45751
170,-46062
170,-45725
170,-46254
170,-46512
170,-47253
170,-45285
170,-46192
170,-45038
170,-46277
170,-46225
170,-45652
170,-46126
170,-46723
170,-48143
170,-46491
170,-46145
170,-48052
170,-48127
170,-47203
170,-48308
170,-46977
170,-46627
170,-47375
170,-47662
170,-45965
170,-47292
170,-45687
170,-46856
170,-45377
170,-45731
170,-47105
170,-45759
170,-45900
170,-46817
170,-45949
170,-46369
170,-46155
170,-45798
170,-46028
170,-46292
170,-45555
170,-45490
170,-45070
170,-45505
170,-44823
170,-45012
170,-45815
170,-44987
171,-45138
171,-43876
171,-45141
171,-44067
171,-44745
171,-45464
171,-45667
171,-45909
171,-45097
171,-45009
171,-44629
171,-45205
171,-45651
171,-44425
171,-44028
171,-44239
171,-42827
171,-44628
171,-42942
171,-42792
171,-43546
171,-42575
171,-42304
171,-42619
171,-43020
171,-42463
171,-42655
171,-42916
171,-43199
171,-42994
171,-42566
171,-43425
171,-43242
171,-43235
171,-43159
171,-43817
171,-43904
171,-43693
171,-43754
171,-43887
171,-44475
171,-43982
171,-44281
171,-43582
171,-44429
171,-43978
171,-44551
171,-44061
172,-43389
172,-44703
172,-44214
172,-44661
172,-44427
172,-43773
172,-44459
172,-42631
172,-43555
172,-43650
172,-43053
172,-43549
172,-43502
172,-42123
172,-42036
172,-41563
172,-41714
172,-39642
172,-40752
172,-39787
172,-40696
172,-40255
172,-39874
172,-43168
172,-41785
172,-41530
172,-40783
172,-41966
172,-41827
172,-42278
172,-41896
172,-40987
172,-41828
172,-41765
172,-41473
172,-41651
172,-41521
172,-41693
172,-41843
172,-41356
172,-42320
172,-41739
172,-40856
172,-41504
172,-40832
172,-40625
172,-41108
172,-40310
173,-40921
173,-38608
173,-40073
173,-38908
173,-40177
173,-38938
173,-39097
173,-39063
173,-38863
173,-39132
173,-39305
173,-37843
173,-38744
173,-38965
173,-37792
173,-38792
173,-38698
173,-38244
173,-37722
173,-38901
173,-38488
173,-38392
173,-37919
173,-37659
173,-36197
173,-37437
173,-36940
173,-37597
173,-37829
173,-36633
173,-39211
173,-37135
173,-37383
173,-39397
173,-38594
173,-39010
173,-38469
173,-38302
173,-38645
173,-37925
173,-38464
173,-36303
173,-38401
173,-36785
173,-38191
173,-37592
173,-38025
173,-37531
174,-36902
174,-37086
174,-36039
174,-35716
174,-35165
174,-37025
174,-35754
174,-36336
174,-35665
174,-37154
174,-36766
174,-36979
174,-37900
174,-36155
174,-36888
174,-36077
174,-35771
174,-35980
174,-36538
174,-36116
174,-36967
174,-36827
174,-36525
174,-35799
174,-36127
174,-36042
174,-36321
174,-36140
174,-36969
174,-35305
174,-35559
174,-36136
174,-35117
174,-36356
174,-35222
174,-36279
174,-35332
174,-34435
174,-35219
174,-34734
174,-34967
174,-35155
174,-33801
174,-32929
174,-34180
174,-34298
174,-34313
174,-33708
175,-33501
175,-33820
175,-33511
175,-33221
175,-33615
175,-35112
175,-35042
175,-34095
175,-34804
175,-34075
175,-36066
175,-35917
175,-35884
175,-36107
175,-35949
175,-36693
175,-35938
175,-34938
175,-35753
175,-35903
175,-36262
175,-37079
175,-35752
175,-34573
175,-34413
175,-34856
175,-34600
175,-34104
175,-35230
175,-34433
175,-34018
175,-33024
175,-33915
175,-34124
175,-33448
175,-32986
175,-34488
175,-34415
175,-34248
175,-35018
175,-33725
175,-34417
175,-34706
175,-34451
175,-34516
175,-35346
175,-35191
175,-34228
176,-35136
176,-33947
176,-34463
176,-34483
176,-32419
176,-33907
176,-33740
176,-35527
176,-34913
176,-33998
176,-34993
176,-33481
176,-34389
176,-34769
176,-34016
176,-33340
176,-32624
176,-33962
176,-32446
176,-32403
176,-31419
176,-32825
176,-32323
176,-33404
176,-32348
176,-31653
176,-33354
176,-32266
176,-32726
176,-33361
176,-32165
176,-32533
176,-32934
176,-32279
176,-32515
176,-32716
176,-32745
176,-31889
176,-33112
176,-31822
176,-33601
176,-32086
176,-32240
176,-32718
176,-32844
176,-33768
176,-31989
176,-32569
177,-31650
177,-31691
177,-30659
177,-31708
177,-31257
177,-32072
177,-33023
177,-32795
177,-31428
177,-32144
177,-32087
177,-31487
177,-32086
177,-32006
177,-31799
177,-32010
177,-32234
177,-32343
177,-32437
177,-30897
177,-31445
177,-30688
177,-29663
177,-29649
177,-29967
177,-28746
177,-28804
177,-29112
177,-29658
177,-29213
177,-29442
177,-30046
177,-27997
177,-29939
177,-28355
177,-29489
177,-29739
177,-29131
177,-28136
177,-29747
177,-29118
177,-28791
177,-27370
177,-28170
177,-28543
177,-27978
177,-29727
177,-28953
178,-30087
178,-28899
178,-28861
178,-29516
178,-30591
178,-29603
178,-28261
178,-29125
178,-29804
178,-29056
178,-28432
178,-29192
178,-28840
178,-29202
178,-27512
178,-27453
178,-27117
178,-27386
178,-26620
178,-26968
178,-26443
178,-26713
178,-26297
178,-26087
178,-25420
178,-25876
178,-27439
178,-27902
178,-27543
178,-26933
178,-27357
178,-27245
178,-28539
178,-27973
178,-28049
178,-28119
178,-27559
178,-27256
178,-26395
178,-28302
178,-26765
178,-27461
178,-25868
178,-28975
178,-26293
178,-27035
178,-27010
178,-25681
179,-27158
179,-26237
179,-27512
179,-27008
179,-26276
179,-26081
179,-25785
179,-26584
179,-26345
179,-26030
179,-24712
179,-25950
179,-25175
179,-26183
179,-25694
179,-24974
179,-25874
179,-24838
179,-26366
179,-25816
179,-25127
179,-25659
179,-24149
179,-23806
179,-23084
179,-24105
179,-23829
179,-24799
179,-25927
179,-25822
179,-26000
179,-27338
179,-25523
179,-26258
179,-26199
179,-26354
179,-26131
179,-25648
179,-25362
179,-25323
179,-24883
179,-24151
179,-24857
179,-23878
179,-23846
179,-21693
179,-22313
179,-23142
180,-23233
180,-23355
180,-24278
180,-22889
180,-22818
180,-23425
180,-23471
180,-22645
180,-23350
180,-24377
180,-23413
180,-23554
180,-23326
180,-22005
180,-23219
180,-21066
180,-22130
180,-21413
180,-23039
180,-23769
180,-22715
180,-23771
180,-22956
180,-22894
180,-22477
180,-22663
180,-23219
180,-22304
180,-22328
180,-23258
180,-24296
180,-23737
180,-22530
180,-23417
180,-22787
180,-23991
180,-22485
180,-23132
180,-23686
180,-25042
180,-23875
180,-23528
180,-22869
180,-22936
180,-22011
180,-22587
180,-22934
180,-23241
181,-22634
181,-23395
181,-22180
181,-21874
181,-22007
181,-23288
181,-22765
181,-22929
181,-24444
181,-23039
181,-24609
181,-23700
181,-23338
181,-21578
181,-22580
181,-22771
181,-22143
181,-21626
181,-22053
181,-22313
181,-20996
181,-21561
181,-21828
181,-22185
181,-22440
181,-21882
181,-22720
181,-22835
181,-21573
181,-21696
181,-21315
181,-22530
181,-23720
181,-23073
181,-23594
181,-23838
181,-21988
181,-21889
181,-21696
181,-22100
181,-20758
181,-21757
181,-21443
181,-21830
181,-22204
181,-21379
181,-21971
181,-22317
182,-22701
182,-22732
182,-22020
182,-23108
182,-22803
182,-22038
182,-21423
182,-23405
182,-21770
182,-23226
182,-23094
182,-22709
182,-23798
182,-20333
182,-22704
182,-22440
182,-21676
182,-21468
182,-22338
182,-22231
182,-21368
182,-22156
182,-21676
182,-22559
182,-22070
182,-22489
182,-22290
182,-20840
182,-21396
182,-21716
182,-22714
182,-21633
182,-21665
182,-20983
182,-21511
182,-20330
182,-20630
182,-20750
182,-21176
182,-20649
182,-21441
182,-21772
182,-21299
182,-20909
182,-21002
182,-21914
182,-21836
182,-20962
183,-21429
183,-20939
183,-20741
183,-21286
183,-20037
183,-21174
183,-22787
183,-21406
183,-22015
183,-23034
183,-21632
183,-21784
183,-22390
183,-21669
183,-23135
183,-20628
183,-21125
183,-21136
183,-21355
183,-22707
183,-21345
183,-22491
183,-22338
183,-21000
183,-22379
183,-20774
183,-21824
183,-20679
183,-19931
183,-20738
183,-20432
183,-21313
183,-21377
183,-21752
183,-21248
183,-20290
183,-19072
183,-20222
183,-19556
183,-19557
183,-20439
183,-18904
183,-20504
183,-20962
183,-21006
183,-21160
183,-22370
183,-22111
184,-21278
184,-22206
184,-21800
184,-20715
184,-21240
184,-20962
184,-20590
184,-20416
184,-20011
184,-21059
184,-19390
184,-18745
184,-20255
184,-18694
184,-18576
184,-18956
184,-18505
184,-19095
184,-19662
184,-20012
184,-19831
184,-18621
184,-20379
184,-18265
184,-20092
184,-18871
184,-19318
184,-20113
184,-20117
184,-20609
184,-18869
184,-19910
184,-19729
184,-19837
184,-19549
184,-19014
184,-19176
184,-18133
184,-18606
184,-19860
184,-19965
184,-17279
184,-18956
184,-17090
184,-17701
184,-18572
184,-17783
184,-17737
185,-17613
185,-18414
185,-16866
185,-18254
185,-16622
185,-18119
185,-17647
185,-19031
185,-18350
185,-19069
185,-19128
185,-17847
185,-18043
185,-18649
185,-19199
185,-19311
185,-18098
185,-18941
185,-18149
185,-18618
185,-18849
185,-18814
185,-17356
185,-17845
185,-18165
185,-19368
185,-17824
185,-17757
185,-18412
185,-19201
185,-17547
185,-19006
185,-19358
185,-19392
185,-18605
185,-19717
185,-17965
185,-18860
185,-17556
185,-17232
185,-18077
185,-17410
185,-17354
185,-16816
185,-17349
185,-16328
185,-17355
185,-17566
186,-17897
186,-16275
186,-17235
186,-17485
186,-16206
186,-16203
186,-15209
186,-17076
186,-17584
186,-17318
186,-18901
186,-17799
186,-18033
186,-17343
186,-17176
186,-17580
186,-15440
186,-15357
186,-15882
186,-16105
186,-16913
186,-16768
186,-14744
186,-14958
186,-15974
186,-14041
186,-16178
186,-14518
186,-15019
186,-15563
186,-14690
186,-14442
186,-15441
186,-14590
186,-15474
186,-13916
186,-15385
186,-15091
186,-15229
186,-15168
186,-14697
186,-15201
186,-13069
186,-14066
186,-13851
186,-13035
186,-14663
186,-14181
187,-14139
187,-14707
187,-13693
187,-13724
187,-13029
187,-13472
187,-13589
187,-15195
187,-13957
187,-14525
187,-13694
187,-14789
187,-14530
187,-13340
187,-14121
187,-14327
187,-13354
187,-14667
187,-15013
187,-14133
187,-14676
187,-14673
187,-15115
187,-15524
187,-14869
187,-15082
187,-13907
187,-14090
187,-13043
187,-13325
187,-11531
187,-12355
187,-12153
187,-12366
187,-11943
187,-12132
187,-12876
187,-12279
187,-14564
187,-14041
187,-13094
187,-14129
187,-13522
187,-14133
187,-13665
187,-14788
187,-13962
187,-14989
188,-16180
188,-14246
188,-14974
188,-14623
188,-13483
188,-13025
188,-13915
188,-13700
188,-14304
188,-14509
188,-12575
188,-13370
188,-12784
188,-13192
188,-13162
188,-14505
188,-14637
188,-13718
188,-14643
188,-14435
188,-13555
188,-13683
188,-13388
188,-12701
188,-12304
188,-12011
188,-12494
188,-12653
188,-12842
188,-12202
188,-13495
188,-13054
188,-13187
188,-13116
188,-12600
188,-12902
188,-13073
188,-13763
188,-14729
188,-13024
188,-14044
188,-12424
188,-13261
188,-13739
188,-13735
188,-13057
188,-13553
188,-13290
189,-13984
189,-13872
189,-13458
189,-13543
189,-12381
189,-13820
189,-11948
189,-12546
189,-13326
189,-13064
189,-12337
189,-13415
189,-13787
189,-12782
189,-12807
189,-12960
189,-13625
189,-13759
189,-13469
189,-14529
189,-12637
189,-11999
189,-12650
189,-13929
189,-13286
189,-12824
189,-13185
189,-13044
189,-12932
189,-13486
189,-12296
189,-13323
189,-11487
189,-12590
189,-12457
189,-13747
189,-13099
189,-13493
189,-13541
189,-13711
189,-14151
189,-13346
189,-13207
189,-13482
189,-13113
189,-12257
189,-12564
189,-13649
190,-14426
190,-13228
190,-13009
190,-12660
190,-12609
190,-13260
190,-12524
190,-12688
190,-12007
190,-12431
190,-12612
190,-12425
190,-13663
190,-12016
190,-11984
190,-13743
190,-13442
190,-12182
190,-12491
190,-12411
190,-11975
190,-12907
190,-12264
190,-12078
190,-14089
190,-12857
190,-12964
190,-13925
190,-14094
190,-14171
190,-14293
190,-13760
190,-13061
190,-12834
190,-14390
190,-12754
190,-13270
190,-11728
190,-12665
190,-13099
190,-12726
190,-12703
190,-12633
190,-12998
190,-13715
190,-12348
190,-12303
190,-12792
191,-12317
191,-13533
191,-13075
191,-13155
191,-12440
191,-13027
191,-12277
191,-13677
191,-12380
191,-14002
191,-13452
191,-12878
191,-13384
191,-12332
191,-12484
191,-11467
191,-12166
191,-12409
191,-11410
191,-11812
191,-12011
191,-11193
191,-11125
191,-11711
191,-12589
191,-12274
191,-12386
191,-12458
191,-12946
191,-12971
191,-14086
191,-12866
191,-13877
191,-12955
191,-13380
191,-13611
191,-12907
191,-14123
191,-12694
191,-10970
191,-12514
191,-11817
191,-12605
191,-11693
191,-11072
191,-13359
191,-11319
191,-10776
192,-11556
192,-13803
192,-10850
192,-12167
192,-12380
192,-12015
192,-11988
192,-11966
192,-13030
192,-13112
192,-13212
192,-13433
192,-12693
192,-13427
192,-13154
192,-13450
192,-12892
192,-13164
192,-12855
192,-12562
192,-12434
192,-11872
192,-13082
192,-12359
192,-12600
192,-12250
192,-13401
192,-12386
192,-12454
192,-12420
192,-13348
192,-14447
192,-12848
192,-13860
192,-13967
192,-13529
192,-13666
192,-13960
192,-13254
192,-14964
192,-12447
192,-12756
192,-13563
192,-12629
192,-13105
192,-11052
192,-12416
192,-11212
193,-10394
193,-10668
193,-11472
193,-11675
193,-12934
193,-12757
193,-13123
193,-13017
193,-12357
193,-12848
193,-11310
193,-13743
193,-13324
193,-13722
193,-13406
193,-13492
193,-13575
193,-13391
193,-13478
193,-13318
193,-14306
193,-14924
193,-13526
193,-14867
193,-14125
193,-14017
193,-15102
193,-13467
193,-12874
193,-12215
193,-12743
193,-13054
193,-12414
193,-10934
193,-11102
193,-13271
193,-11522
193,-11169
193,-12159
193,-11762
193,-12517
193,-12899
193,-12966
193,-13215
193,-13584
193,-14232
193,-13767
193,-13814
194,-14416
194,-13364
194,-14233
194,-13010
194,-12124
194,-12914
194,-12254
194,-13066
194,-12276
194,-11917
194,-12005
194,-12384
194,-12135
194,-12679
194,-12815
194,-12739
194,-12060
194,-13224
194,-12169
194,-12335
194,-12319
194,-13597
194,-14106
194,-13250
194,-12713
194,-12495
194,-12198
194,-14697
194,-12673
194,-11583
194,-12851
194,-12166
194,-13174
194,-11578
194,-13094
194,-10359
194,-11763
194,-11418
194,-11777
194,-11491
194,-11864
194,-12806
194,-12063
194,-12616
194,-12183
194,-11543
194,-11939
194,-12573
195,-13503
195,-13750
195,-13289
195,-14024
195,-12898
195,-13202
195,-13131
195,-12304
195,-11469
195,-11916
195,-11948
195,-11353
195,-11619
195,-11682
195,-12255
195,-12028
195,-12959
195,-12140
195,-12943
195,-12584
195,-12124
195,-14292
195,-13713
195,-13447
195,-14377
195,-12483
195,-14053
195,-12688
195,-11752
195,-13046
195,-11897
195,-12696
195,-12249
195,-12497
195,-13243
195,-12399
195,-12991
195,-12288
195,-11788
195,-12871
195,-12540
195,-11633
195,-11843
195,-11805
195,-12883
195,-12745
195,-11686
195,-12207
196,-12228
196,-12500
196,-12482
196,-12459
196,-11816
196,-12366
196,-12205
196,-12174
196,-12551
196,-11587
196,-12559
196,-11919
196,-11301
196,-12001
196,-12593
196,-11968
196,-12209
196,-13547
196,-12284
196,-13456
196,-13877
196,-13270
196,-13957
196,-14138
196,-13629
196,-12874
196,-12683
196,-13132
196,-13601
196,-13263
196,-13601
196,-13222
196,-13150
196,-13088
196,-13261
196,-12705
196,-12866
196,-12782
196,-12686
196,-12815
196,-12077
196,-12663
196,-12359
196,-12434
196,-11733
196,-12578
196,-12600
196,-13415
197,-12877
197,-12455
197,-12011
197,-12752
197,-12618
197,-12875
197,-12101
197,-12575
197,-12648
197,-13511
197,-12933
197,-13250
197,-12421
197,-13006
197,-13225
197,-13631
197,-13193
197,-12952
197,-13086
197,-13737
197,-13568
197,-12231
197,-12406
197,-12302
197,-11152
197,-12712
197,-11861
197,-12583
197,-12098
197,-12766
197,-13063
197,-12480
197,-12710
197,-12894
197,-13649
197,-13599
197,-12985
197,-14456
197,-14595
197,-14892
197,-14988
197,-13240
197,-14102
197,-13496
197,-14188
197,-13307
197,-11767
197,-12306
198,-13370
198,-11585
198,-14121
198,-13591
198,-14024
198,-13581
198,-13056
198,-13709
198,-12798
198,-12441
198,-13300
198,-12977
198,-12850
198,-13645
198,-13922
198,-12667
198,-13508
198,-15048
198,-14194
198,-13712
198,-14629
198,-12863
198,-14207
198,-14018
198,-15800
198,-13171
198,-13780
198,-13590
198,-12335
198,-13510
198,-13645
198,-14689
198,-13969
198,-15046
198,-13560
198,-12939
198,-14949
198,-13320
198,-13536
198,-14068
198,-13054
198,-14120
198,-14757
198,-14918
198,-14838
198,-14434
198,-15422
198,-14225
199,-14550
199,-14887
199,-14419
199,-15594
199,-14490
199,-14001
199,-15212
199,-14425
199,-14581
199,-13774
199,-13983
199,-13302
199,-13881
199,-15032
199,-14396
199,-14975
199,-14278
199,-14891
199,-14176
199,-14058
199,-15280
199,-14047
199,-14598
199,-14135
199,-15122
199,-15198
199,-15918
199,-14673
199,-13137
199,-15064
199,-15008
199,-16087
199,-16004
199,-16980
199,-16621
199,-16530
199,-15792
199,-15200
199,-14764
199,-16520
199,-14681
199,-15738
199,-15597
199,-15371
199,-15855
199,-16164
199,-16603
199,-15129
200,-16189
200,-15168
200,-16065
200,-16010
200,-16113
200,-16143
200,-16564
200,-14997
200,-14523
200,-15674
200,-16607
200,-15278
200,-16488
200,-15928
200,-17697
200,-16566
200,-16581
200,-16498
200,-16711
200,-15850
200,-17643
200,-16255
200,-15453
200,-16817
200,-16848
200,-16678
200,-16696
200,-17368
200,-16500
200,-16139
200,-15712
200,-16125
200,-16096
200,-16671
200,-17456
200,-16334
200,-17678
200,-16999
200,-16162
200,-16649
200,-16073
200,-16824
200,-16413
200,-17209
200,-17032
200,-16595
200,-18174
200,-16978
201,-16928
201,-17325
201,-17156
201,-16657
201,-17932
201,-17490
201,-17301
201,-16186
201,-17372
201,-17765
201,-17859
201,-15749
201,-17372
201,-17761
201,-17901
201,-17223
201,-18185
201,-18385
201,-17511
201,-17858
201,-18120
201,-17772
201,-18488
201,-17867
201,-17596
201,-17589
201,-17544
201,-17663
201,-16052
201,-16922
201,-17381
201,-16995
201,-16252
201,-16807
201,-16005
201,-16635
201,-16698
201,-15650
201,-16452
201,-16349
201,-16868
201,-17172
201,-16303
201,-17332
201,-17754
201,-17910
201,-19213
201,-19932
202,-19061
202,-18317
202,-18762
202,-19745
202,-18647
202,-18639
202,-18906
202,-20571
202,-18977
202,-18603
202,-19060
202,-19652
202,-18343
202,-18909
202,-17752
202,-18265
202,-17480
202,-17179
202,-17576
202,-17551
202,-17249
202,-18858
202,-17744
202,-18874
202,-18379
202,-18635
202,-17900
202,-17326
202,-17357
202,-16336
202,-16554
202,-17071
202,-16796
202,-16575
202,-17085
202,-17110
202,-16884
202,-15609
202,-18690
202,-17066
202,-17678
202,-17590
202,-17964
202,-17017
202,-17595
202,-17529
202,-17231
202,-18034
203,-19363
203,-18616
203,-19317
203,-17404
203,-18993
203,-18201
203,-18430
203,-18793
203,-18405
203,-18795
203,-19524
203,-18658
203,-18502
203,-18177
203,-18812
203,-18377
203,-17996
203,-18208
203,-18568
203,-18996
203,-17751
203,-19259
203,-18835
203,-17802
203,-17631
203,-19034
203,-18432
203,-19041
203,-18852
203,-17416
203,-18341
203,-18088
203,-17340
203,-18642
203,-19613
203,-19197
203,-20959
203,-20743
203,-19185
203,-20328
203,-21471
203,-19654
203,-20613
203,-19976
203,-20954
203,-19374
203,-20036
203,-19028
204,-19135
204,-17920
204,-18329
204,-18066
204,-18944
204,-19695
204,-16697
204,-18709
204,-18752
204,-18644
204,-17398
204,-18467
204,-18136
204,-17871
204,-18131
204,-19601
204,-18552
204,-18960
204,-20142
204,-21153
204,-19202
204,-19918
204,-20282
204,-19674
204,-20364
204,-19972
204,-21997
204,-21008
204,-19933
204,-20098
204,-19483
204,-19828
204,-19312
204,-20758
204,-19950
204,-20339
204,-19630
204,-19129
204,-19378
204,-19329
204,-20896
204,-20507
204,-19223
204,-19559
204,-19487
204,-20034
204,-20543
204,-20721
205,-20173
205,-19120
205,-19962
205,-19856
205,-20532
205,-18331
205,-19686
205,-19981
205,-19280
205,-19657
205,-18838
205,-18379
205,-19924
205,-20535
205,-20805
205,-19962
205,-20911
205,-20391
205,-19997
205,-19500
205,-19790
205,-20863
205,-20653
205,-22010
205,-20979
205,-22391
205,-22130
205,-20896
205,-21595
205,-20576
205,-21001
205,-19898
205,-18511
205,-20389
205,-20634
205,-20092
205,-19640
205,-18931
205,-18829
205,-19231
205,-18226
205,-18216
205,-18665
205,-18238
205,-18205
205,-18861
205,-18359
205,-16916
206,-18023
206,-17439
206,-18212
206,-18099
206,-18810
206,-18882
206,-18198
206,-18734
206,-17723
206,-16942
206,-18559
206,-19957
206,-19343
206,-19579
206,-19468
206,-19548
206,-21027
206,-19734
206,-20774
206,-19138
206,-19137
206,-18553
206,-19345
206,-19933
206,-19242
206,-19237
206,-19635
206,-17613
206,-20012
206,-18829
206,-18708
206,-19372
206,-18007
206,-20043
206,-18187
206,-18601
206,-17687
206,-17705
206,-17664
206,-18526
206,-19317
206,-18951
206,-18878
206,-19368
206,-20055
206,-18613
206,-19214
206,-18911
207,-17945
207,-20320
207,-20168
207,-19237
207,-18630
207,-19465
207,-19347
207,-19294
207,-20184
207,-19989
207,-21118
207,-19854
207,-19799
207,-21017
207,-20109
207,-19444
207,-20451
207,-21818
207,-21800
207,-20470
207,-20206
207,-20695
207,-19776
207,-20034
207,-19749
207,-19590
207,-20916
207,-20509
207,-19032
207,-19267
207,-19316
207,-19922
207,-20271
207,-20858
207,-21110
207,-21582
207,-21637
207,-19272
207,-21877
207,-22511
207,-21105
207,-20061
207,-19914
207,-20309
207,-20080
207,-20647
207,-20464
207,-20799
208,-19811
208,-18795
208,-19797
208,-18733
208,-20852
208,-19732
208,-22043
208,-20044
208,-19720
208,-21060
208,-20738
208,-20753
208,-21029
208,-20139
208,-20640
208,-20360
208,-19910
208,-19417
208,-20495
208,-19488
208,-20495
208,-19725
208,-19625
208,-19093
208,-19289
208,-19686
208,-18826
208,-19186
208,-19430
208,-19117
208,-18997
208,-19426
208,-20628
208,-19621
208,-19804
208,-19359
208,-20195
208,-19611
208,-19495
208,-20315
208,-19065
208,-18770
208,-19962
208,-19459
208,-19243
208,-17943
208,-19827
208,-18841
209,-19633
209,-19033
209,-19917
209,-20360
209,-19296
209,-18508
209,-19299
209,-19224
209,-18934
209,-17857
209,-18432
209,-19163
209,-17946
209,-18392
209,-18505
209,-19187
209,-18399
209,-19467
209,-19444
209,-19351
209,-18623
209,-19399
209,-19390
209,-20163
209,-18742
209,-20254
209,-19406
209,-19630
209,-18710
209,-20007
209,-18889
209,-20648
209,-20033
209,-18494
209,-19594
209,-18616
209,-19407
209,-18309
209,-19757
209,-19595
209,-20515
209,-21011
209,-20602
209,-19844
209,-19370
209,-18415
209,-18811
209,-18476
210,-18145
210,-19483
210,-19067
210,-20796
210,-19953
210,-19367
210,-19978
210,-20615
210,-21995
210,-21911
210,-21399
210,-20539
210,-21885
210,-19834
210,-21117
210,-20900
210,-19197
210,-21144
210,-20468
210,-19498
210,-21549
210,-19644
210,-20807
210,-21007
210,-20828
210,-20277
210,-21136
210,-21094
210,-20972
210,-21111
210,-20283
210,-20909
210,-21184
210,-20091
210,-21998
210,-21093
210,-21397
210,-19638
210,-21636
210,-20623
210,-21044
210,-21450
210,-20330
210,-20195
210,-20171
210,-18933
210,-20420
210,-20402
211,-19801
211,-19376
211,-20899
211,-20135
211,-19773
211,-21279
211,-20379
211,-20658
211,-21079
211,-21834
211,-21398
211,-21457
211,-20907
211,-21582
211,-21931
211,-20593
211,-22072
211,-21473
211,-21249
211,-22490
211,-23352
211,-23118
211,-22679
211,-23351
211,-22131
211,-22104
211,-21086
211,-22057
211,-21210
211,-21965
211,-22381
211,-21787
211,-21980
211,-22515
211,-22640
211,-21738
211,-22596
211,-22611
211,-21681
211,-21689
211,-22103
211,-22778
211,-22081
211,-22863
211,-21795
211,-22526
211,-21066
211,-21088
212,-21329
212,-20523
212,-20136
212,-21154
212,-21797
212,-19455
212,-22111
212,-20244
212,-22079
212,-20927
212,-21101
212,-22599
212,-21225
212,-22516
212,-21943
212,-22751
212,-22708
212,-22645
212,-21579
212,-22197
212,-21232
212,-21117
212,-21125
212,-19490
212,-21133
212,-20144
212,-20337
212,-22432
212,-21703
212,-22302
212,-21095
212,-22617
212,-21168
212,-21270
212,-22369
212,-21456
212,-21318
212,-22357
212,-20672
212,-20642
212,-21054
212,-21527
212,-21710
212,-21908
212,-20347
212,-22408
212,-20252
212,-21334
213,-20592
213,-19614
213,-21378
213,-20460
213,-20761
213,-21192
213,-22087
213,-20332
213,-21987
213,-23289
213,-22314
213,-21945
213,-22186
213,-23256
213,-23552
213,-22501
213,-22090
213,-22317
213,-21804
213,-21648
213,-22152
213,-21758
213,-21627
213,-21642
213,-21983
213,-21205
213,-21698
213,-20833
213,-22001
213,-20545
213,-21410
213,-20977
213,-20924
213,-20216
213,-20991
213,-21608
213,-21538
213,-20909
213,-22436
213,-22881
213,-21855
213,-24563
213,-22871
213,-23164
213,-22360
213,-22877
213,-22804
213,-22950
214,-23580
214,-23516
214,-22001
214,-23067
214,-23558
214,-22865
214,-22415
214,-23030
214,-23466
214,-23747
214,-23081
214,-23179
214,-23230
214,-22962
214,-23019
214,-22559
214,-22231
214,-23796
214,-23215
214,-22769
214,-23350
214,-24039
214,-24180
214,-22600
214,-22265
214,-22681
214,-21587
214,-23423
214,-24646
214,-21544
214,-23206
214,-21250
214,-22032
214,-22364
214,-22604
214,-22635
214,-21922
214,-22108
214,-21377
214,-20852
214,-21318
214,-20607
214,-21906
214,-21497
214,-21227
214,-21154
214,-21368
214,-21301
215,-21842
215,-21397
215,-20815
215,-21250
215,-21189
215,-21829
215,-22224
215,-22112
215,-20834
215,-21831
215,-21975
215,-22113
215,-22088
215,-22888
215,-23651
215,-23033
215,-22381
215,-22405
215,-23269
215,-22277
215,-22368
215,-22686
215,-21657
215,-22172
215,-21232
215,-21567
215,-21583
215,-21574
215,-22780
215,-20830
215,-21289
215,-21717
215,-22113
215,-22383
215,-23357
215,-22167
215,-23881
215,-22622
215,-21800
215,-21571
215,-21640
215,-22658
215,-21730
215,-21916
215,-22954
215,-21852
215,-22061
215,-22884
216,-22526
216,-21471
216,-22547
216,-21384
216,-22135
216,-21494
216,-20369
216,-22252
216,-21661
216,-21055
216,-22429
216,-22349
216,-22586
216,-23163
216,-22545
216,-22652
216,-21834
216,-20829
216,-19990
216,-22308
216,-21911
216,-22431
216,-20478
216,-21818
216,-22466
216,-22125
216,-23679
216,-22180
216,-22066
216,-23319
216,-21563
216,-22113
216,-22754
216,-22822
216,-23065
216,-23087
216,-22785
216,-24444
216,-22826
216,-23870
216,-23625
216,-23619
216,-22983
216,-23367
216,-23949
216,-22563
216,-22379
216,-21942
217,-21961
217,-22762
217,-23224
217,-24051
217,-23472
217,-23564
217,-25018
217,-23396
217,-24543
217,-23213
217,-24065
217,-23309
217,-24980
217,-24733
217,-23650
217,-25645
217,-25063
217,-25076
217,-23927
217,-22449
217,-23488
217,-22776
217,-23240
217,-23138
217,-22300
217,-23027
217,-21668
217,-22798
217,-21997
217,-23926
217,-23871
217,-23245
217,-24704
217,-23151
217,-23408
217,-23623
217,-24264
217,-24693
217,-23972
217,-25082
217,-25068
217,-24146
217,-24251
217,-23959
217,-25108
217,-25269
217,-25651
217,-25112
218,-25914
218,-25587
218,-24553
218,-25614
218,-25578
218,-24291
218,-25072
218,-24844
218,-23898
218,-24235
218,-24523
218,-23968
218,-25187
218,-24740
218,-24183
218,-25498
218,-24066
218,-26123
218,-25988
218,-26409
218,-25590
218,-26867
218,-25365
218,-25724
218,-25889
218,-25671
218,-26850
218,-26864
218,-24984
218,-26602
218,-26281
218,-25756
218,-25917
218,-25140
218,-24867
218,-26150
218,-25479
218,-24524
218,-25455
218,-25635
218,-25028
218,-25342
218,-24384
218,-26278
218,-26227
218,-25302
218,-26320
218,-26432
219,-27107
219,-26515
219,-26530
219,-26166
219,-25413
219,-26813
219,-25382
219,-25386
219,-26023
219,-24884
219,-26737
219,-25942
219,-26275
219,-25083
219,-24685
219,-25592
219,-24502
219,-24471
219,-25544
219,-24853
219,-25002
219,-25637
219,-24968
219,-25425
219,-26035
219,-24405
219,-25506
219,-24328
219,-24669
219,-23553
219,-23891
219,-24859
219,-24447
219,-24155
219,-23356
219,-24392
219,-24293
219,-25596
219,-24138
219,-24715
219,-25091
219,-24920
219,-25061
219,-24742
219,-23608
219,-24739
219,-24483
219,-23982
220,-25473
220,-26900
220,-25358
220,-24415
220,-25633
220,-24532
220,-25404
220,-25041
220,-23312
220,-24629
220,-23064
220,-23867
220,-23861
220,-23984
220,-22950
220,-24067
220,-22939
220,-24209
220,-24714
220,-23677
220,-22471
220,-23645
220,-24349
220,-23654
220,-23794
220,-23739
220,-24400
220,-25023
220,-25464
220,-25017
220,-24176
220,-23706
220,-24699
220,-24060
220,-22507
220,-23220
220,-22754
220,-24409
220,-24556
220,-24298
220,-24159
220,-25081
220,-23416
220,-24425
220,-25059
220,-25302
220,-25384
220,-25264
221,-24861
221,-25344
221,-25932
221,-25267
221,-24818
221,-25047
221,-24737
221,-24485
221,-25502
221,-25312
221,-24274
221,-25826
221,-24906
221,-25338
221,-25065
221,-24941
221,-23586
221,-25135
221,-25021
221,-24387
221,-23666
221,-24961
221,-23767
221,-24266
221,-23090
221,-23687
221,-24233
221,-25628
221,-24155
221,-26238
221,-24868
221,-24516
221,-25559
221,-24471
221,-25528
221,-23713
221,-24299
221,-24771
221,-24852
221,-24428
221,-25212
221,-25221
221,-24289
221,-25311
221,-25939
221,-25455
221,-25358
221,-25208
222,-25678
222,-25954
222,-25335
222,-26456
222,-24087
222,-25859
222,-24753
222,-25378
222,-24290
222,-23609
222,-22884
222,-23030
222,-23570
222,-23272
222,-23121
222,-22888
222,-23268
222,-22388
222,-23565
222,-23122
222,-23584
222,-22606
222,-22676
222,-22274
222,-23590
222,-23578
222,-23714
222,-22954
222,-23076
222,-23662
222,-23466
222,-23979
222,-22026
222,-24239
222,-22781
222,-23891
222,-22767
222,-23243
222,-23919
222,-22957
222,-23757
222,-22623
222,-22618
222,-22493
222,-23326
222,-21836
222,-23071
222,-22088
223,-22556
223,-21872
223,-21843
223,-21870
223,-20882
223,-22353
223,-21466
223,-21218
223,-21180
223,-20365
223,-21653
223,-21237
223,-20360
223,-22206
223,-21166
223,-22268
223,-20913
223,-20926
223,-23061
223,-21811
223,-21300
223,-23040
223,-22837
223,-22502
223,-21855
223,-22490
223,-22221
223,-22206
223,-21932
223,-22058
223,-21701
223,-23363
223,-21870
223,-23457
223,-22365
223,-22595
223,-21257
223,-22231
223,-21240
223,-21783
223,-23163
223,-23355
223,-23121
223,-22776
223,-23455
223,-22416
223,-23864
223,-23372
224,-22915
224,-23575
224,-23416
224,-23379
224,-23490
224,-24164
224,-23904
224,-23135
224,-23755
224,-22431
224,-22567
224,-22652
224,-22710
224,-22293
224,-23304
224,-22674
224,-23479
224,-22499
224,-23300
224,-22479
224,-20959
224,-21932
224,-23513
224,-21844
224,-23457
224,-22190
224,-21966
224,-21951
224,-21568
224,-22192
224,-22774
224,-22345
224,-23390
224,-22775
224,-23099
224,-22187
224,-22410
224,-22981
224,-22356
224,-24655
224,-22477
224,-21607
224,-22872
224,-21699
224,-22258
224,-22398
224,-22840
224,-22506
225,-21814
225,-21752
225,-19773
225,-22805
225,-20677
225,-20760
225,-21735
225,-21670
225,-21064
225,-22259
225,-22100
225,-23660
225,-21971
225,-22551
225,-21044
225,-22007
225,-21211
225,-22444
225,-22175
225,-22352
225,-23339
225,-23139
225,-22570
225,-23787
225,-22328
225,-23800
225,-23888
225,-23490
225,-24059
225,-23405
225,-23816
225,-24127
225,-23934
225,-24590
225,-24127
225,-24224
225,-24450
225,-23949
225,-22370
225,-22809
225,-23564
225,-22384
225,-24644
225,-22483
225,-24785
225,-23614
225,-23466
225,-24525
226,-23385
226,-23322
226,-24425
226,-24569
226,-24404
226,-23640
226,-25077
226,-24209
226,-23434
226,-23563
226,-24314
226,-23545
226,-25179
226,-24675
226,-24677
226,-24433
226,-23987
226,-23146
226,-24666
226,-24749
226,-23972
226,-25067
226,-24810
226,-25056
226,-24471
226,-23850
226,-25734
226,-24815
226,-24121
226,-25017
226,-25303
226,-26833
226,-25575
226,-25419
226,-25179
226,-24717
226,-26511
226,-26050
226,-25169
226,-26708
226,-25627
226,-24903
226,-26586
226,-26110
226,-24963
226,-27495
226,-25886
226,-24676
227,-24919
227,-25125
227,-25237
227,-24411
227,-25686
227,-24898
227,-25178
227,-24675
227,-26062
227,-24259
227,-24766
227,-25597
227,-24969
227,-24612
227,-25043
227,-24423
227,-26574
227,-23977
227,-25631
227,-25743
227,-25462
227,-24226
227,-24321
227,-23423
227,-25298
227,-24954
227,-25531
227,-26260
227,-25963
227,-25039
227,-25332
227,-27387
227,-25448
227,-26769
227,-26064
227,-26336
227,-26336
227,-25129
227,-26651
227,-26478
227,-26722
227,-26427
227,-27196
227,-26903
227,-27017
227,-26321
227,-25950
227,-25824
228,-25112
228,-26082
228,-26570
228,-26036
228,-26355
228,-27264
228,-25008
228,-26705
228,-26446
228,-26317
228,-26319
228,-26492
228,-25641
228,-25554
228,-26357
228,-25509
228,-26370
228,-26040
228,-27575
228,-27233
228,-26510
228,-25824
228,-26157
228,-26161
228,-24825
228,-24585
228,-26385
228,-26745
228,-25717
228,-26202
228,-25819
228,-26945
228,-26285
228,-27014
228,-26640
228,-27365
228,-27943
228,-26176
228,-26449
228,-25951
228,-26658
228,-26777
228,-27443
228,-27715
228,-27290
228,-27473
228,-27165
228,-26459
229,-26184
229,-25792
229,-25879
229,-25084
229,-25373
229,-25554
229,-25891
229,-24882
229,-25451
229,-26334
229,-25805
229,-26450
229,-26533
229,-24865
229,-25881
229,-26512
229,-24441
229,-27401
229,-26073
229,-27846
229,-26006
229,-26429
229,-26062
229,-27342
229,-26019
229,-26477
229,-26714
229,-26351
229,-27759
229,-25157
229,-26086
229,-26367
229,-26657
229,-25458
229,-26068
229,-25396
229,-26351
229,-25522
229,-24834
229,-25348
229,-26283
229,-24393
229,-24673
229,-26373
229,-24656
229,-26767
229,-25978
229,-26732
230,-26524
230,-25137
230,-26837
230,-26189
230,-27191
230,-25080
230,-26033
230,-25984
230,-25882
230,-26513
230,-25116
230,-25516
230,-26273
230,-25993
230,-26441
230,-27095
230,-26743
230,-26349
230,-26963
230,-27119
230,-28119
230,-27616
230,-27892
230,-27917
230,-27790
230,-28671
230,-27402
230,-27504
230,-27290
230,-27926
230,-27548
230,-26840
230,-26711
230,-27016
230,-26134
230,-26410
230,-27336
230,-25101
230,-26180
230,-25295
230,-26259
230,-25320
230,-26273
230,-25725
230,-26081
230,-26846
230,-26937
230,-28275
231,-26416
231,-26491
231,-27409
231,-26102
231,-28197
231,-28545
231,-29403
231,-27881
231,-28526
231,-27440
231,-28015
231,-27668
231,-27506
231,-27287
231,-28167
231,-28312
231,-27660
231,-26911
231,-26222
231,-27193
231,-27303
231,-27107
231,-26568
231,-26406
231,-25328
231,-25426
231,-27059
231,-27055
231,-25815
231,-26095
231,-25857
231,-26564
231,-26250
231,-27060
231,-27217
231,-27049
231,-27945
231,-29033
231,-28299
231,-28312
231,-28287
231,-28979
231,-29635
231,-28998
231,-30464
231,-29683
231,-30249
231,-28646
232,-29386
232,-30141
232,-29308
232,-29823
232,-28819
232,-28765
232,-28978
232,-27370
232,-27443
232,-26654
232,-27535
232,-27398
232,-27639
232,-28843
232,-28714
232,-27271
232,-28179
232,-28257
232,-28218
232,-27542
232,-27804
232,-27514
232,-26221
232,-28327
232,-26945
232,-28772
232,-28885
232,-29108
232,-27637
232,-27474
232,-28215
232,-27161
232,-28504
232,-28714
232,-29489
232,-28265
232,-28489
232,-28366
232,-27275
232,-28057
232,-27490
232,-26167
232,-27486
232,-26923
232,-27520
232,-27170
232,-27954
232,-28066
233,-28163
233,-28032
233,-26874
233,-28595
233,-28450
233,-28577
233,-27675
233,-27016
233,-27812
233,-27578
233,-28025
233,-27780
233,-28251
233,-27820
233,-27637
233,-27710
233,-27563
233,-27582
233,-26687
233,-27824
233,-26761
233,-26760
233,-27857
233,-27038
233,-27582
233,-27712
233,-27460
233,-28328
233,-29356
233,-27587
233,-28733
233,-29286
233,-28014
233,-28833
233,-28174
233,-28758
233,-29060
233,-30090
233,-29558
233,-29317
233,-28483
233,-30094
233,-29644
233,-29507
233,-28007
233,-28927
233,-26468
233,-27484
234,-27887
234,-27264
234,-26653
234,-26601
234,-26611
234,-27403
234,-26621
234,-27285
234,-28367
234,-27558
234,-28217
234,-28410
234,-28118
234,-29577
234,-28967
234,-30130
234,-29270
234,-30247
234,-29967
234,-28967
234,-30018
234,-29867
234,-28666
234,-28160
234,-27778
234,-28218
234,-29067
234,-27372
234,-27432
234,-27520
234,-27371
234,-28824
234,-28310
234,-29298
234,-30406
234,-28387
234,-28303
234,-29143
234,-29097
234,-28951
234,-29270
234,-28165
234,-28388
234,-27512
234,-27655
234,-26459
234,-27660
234,-29313
235,-29291
235,-27849
235,-27714
235,-28791
235,-28079
235,-28249
235,-29686
235,-28913
235,-28798
235,-27637
235,-28358
235,-27844
235,-27939
235,-28765
235,-27469
235,-28326
235,-28405
235,-27451
235,-27572
235,-27673
235,-28154
235,-28449
235,-28369
235,-28525
235,-28780
235,-28456
235,-29446
235,-29153
235,-29422
235,-29170
235,-30396
235,-30434
235,-29962
235,-31000
235,-30763
235,-29790
235,-30455
235,-30814
235,-30467
235,-31850
235,-29616
235,-30761
235,-30745
235,-28804
235,-30462
235,-29115
235,-30156
235,-30056
236,-29667
236,-30456
236,-30066
236,-31147
236,-30433
236,-29335
236,-30682
236,-29677
236,-30258
236,-30320
236,-29874
236,-31943
236,-30376
236,-31077
236,-30941
236,-31066
236,-30593
236,-31842
236,-31203
236,-30214
236,-31042
236,-30587
236,-30149
236,-29377
236,-30027
236,-32044
236,-30510
236,-32418
236,-32185
236,-30792
236,-31397
236,-30133
236,-31018
236,-28130
236,-30021
236,-30003
236,-29453
236,-32169
236,-29846
236,-30579
236,-31964
236,-30983
236,-32088
236,-32890
236,-32645
236,-31165
236,-33699
236,-31946
237,-31714
237,-32546
237,-32399
237,-31951
237,-30696
237,-31328
237,-31804
237,-31418
237,-31449
237,-29918
237,-31175
237,-31625
237,-30846
237,-32216
237,-31080
237,-33115
237,-31534
237,-31507
237,-33183
237,-31851
237,-33164
237,-32800
237,-29986
237,-32246
237,-31897
237,-30775
237,-30794
237,-33660
237,-32404
237,-33086
237,-32986
237,-31756
237,-31534
237,-31338
237,-30668
237,-31764
237,-31701
237,-30381
237,-32389
237,-31970
237,-31702
237,-31133
237,-31461
237,-30702
237,-31486
237,-30325
237,-30703
237,-31328
238,-31996
238,-31646
238,-32562
238,-31308
238,-32759
238,-31553
238,-30411
238,-32733
238,-30927
238,-32350
238,-32927
238,-32383
238,-32613
238,-32459
238,-32660
238,-33069
238,-34258
238,-33934
238,-33797
238,-33744
238,-34703
238,-32802
238,-33955
238,-33679
238,-33484
238,-34714
238,-33397
238,-33682
238,-33554
238,-34062
238,-34209
238,-33220
238,-34283
238,-34383
238,-33803
238,-32235
238,-32502
238,-31801
238,-32258
238,-33233
238,-31850
238,-32830
238,-33205
238,-32884
238,-30547
238,-32467
238,-31899
238,-32212
239,-31289
239,-31632
239,-32098
239,-31131
239,-31102
239,-30784
239,-31475
239,-30888
239,-30540
239,-31944
239,-32791
239,-32914
239,-33507
239,-33227
239,-32163
239,-33992
239,-32261
239,-33270
239,-32690
239,-33453
239,-32826
239,-32554
239,-32520
239,-33065
239,-32993
239,-32932
239,-33030
239,-33400
239,-32679
239,-32419
239,-31930
239,-31522
239,-32727
239,-33484
239,-32800
239,-32612
239,-33024
239,-32090
239,-33157
239,-32161
239,-32748
239,-32107
239,-32250
239,-31206
239,-31536
239,-31350
239,-31047
239,-31473
240,-31326
240,-32418
240,-32373
240,-32330
240,-33087
240,-34085
240,-34023
240,-33272
240,-33097
240,-35155
240,-35470
240,-34033
240,-34492
240,-34821
240,-33868
240,-32418
240,-34030
240,-31884
240,-33030
240,-32459
240,-33102
240,-33444
240,-31909
240,-32258
240,-32743
240,-32190
240,-33369
240,-32363
240,-33512
240,-31742
240,-32316
240,-32438
240,-32635
240,-31907
240,-32149
240,-32019
240,-31409
240,-31961
240,-32153
240,-33745
240,-33685
240,-34082
240,-33801
240,-34309
240,-33490
240,-34908
240,-34004
240,-35465
241,-34835
241,-34800
241,-35878
241,-34952
241,-36221
241,-36736
241,-36593
241,-36155
241,-34824
241,-35351
241,-35736
241,-35817
241,-34696
241,-35318
241,-34833
241,-35460
241,-34500
241,-35271
241,-34336
241,-34343
241,-33919
241,-34018
241,-35131
241,-32012
241,-33241
241,-33499
241,-34066
241,-33322
241,-33089
241,-33895
241,-33272
241,-35130
241,-34073
241,-32930
241,-34037
241,-33295
241,-33021
241,-32791
241,-33063
241,-33750
241,-34453
241,-34637
241,-35294
241,-35615
241,-34109
241,-34479
241,-35272
241,-35094
242,-35156
242,-34971
242,-35459
242,-34582
242,-33316
242,-34948
242,-34735
242,-34943
242,-33913
242,-33573
242,-33012
242,-31738
242,-32533
242,-32941
242,-32749
242,-32573
242,-33201
242,-33658
242,-33244
242,-33102
242,-33346
242,-32734
242,-33294
242,-31784
242,-31538
242,-31722
242,-30771
242,-32541
242,-32844
242,-30390
242,-31208
242,-32139
242,-31848
242,-31718
242,-31194
242,-31848
242,-32702
242,-32435
242,-31196
242,-33547
242,-32864
242,-32408
242,-32662
242,-31872
242,-32506
242,-33445
242,-31680
242,-32856
243,-32057
243,-30853
243,-31332
243,-31392
243,-32222
243,-30219
243,-31583
243,-32500
243,-31319
243,-31503
243,-31595
243,-31591
243,-32371
243,-32238
243,-30687
243,-33722
243,-31061
243,-32047
243,-33212
243,-31515
243,-32467
243,-31653
243,-32533
243,-32003
243,-33289
243,-31743
243,-33492
243,-33677
243,-32669
243,-34071
243,-34169
243,-33123
243,-32707
243,-32986
243,-32770
243,-31947
243,-31171
243,-33207
243,-32095
243,-32349
243,-31861
243,-28990
243,-30786
243,-31846
243,-32613
243,-31346
243,-31321
243,-30900
244,-31653
244,-32214
244,-32447
244,-32073
244,-32182
244,-32635
244,-31681
244,-31445
244,-32672
244,-31116
244,-32874
244,-30559
244,-32313
244,-30437
244,-31946
244,-31451
244,-29957
244,-30527
244,-30875
244,-31028
244,-30909
244,-31441
244,-31443
244,-31301
244,-33117
244,-32615
244,-30736
244,-32083
244,-31480
244,-31452
244,-31954
244,-30571
244,-31248
244,-30301
244,-30830
244,-30211
244,-30163
244,-30610
244,-30137
244,-29066
244,-29382
244,-30410
244,-29149
244,-30201
244,-29503
244,-31932
244,-29729
244,-28439
245,-30373
245,-30324
245,-30337
245,-29418
245,-28112
245,-30542
245,-29168
245,-29285
245,-30318
245,-30700
245,-31471
245,-30335
245,-29586
245,-30553
245,-29191
245,-28500
245,-30584
245,-29760
245,-30138
245,-30021
245,-29665
245,-30948
245,-30298
245,-32015
245,-31224
245,-31749
245,-31164
245,-32255
245,-31430
245,-31747
245,-31165
245,-30374
245,-30552
245,-30594
245,-29838
245,-28979
245,-29788
245,-29665
245,-29341
245,-29930
245,-28764
245,-29321
245,-29960
245,-28728
245,-29991
245,-29232
245,-28328
245,-29672
246,-29443
246,-29831
246,-29999
246,-30473
246,-31318
246,-31159
246,-30984
246,-31741
246,-30467
246,-30063
246,-31568
246,-31589
246,-30815
246,-30349
246,-30899
246,-31640
246,-29937
246,-30921
246,-29891
246,-30654
246,-30980
246,-29714
246,-28845
246,-28525
246,-27073
246,-27899
246,-26895
246,-27121
246,-26934
246,-26731
246,-26343
246,-26580
246,-26814
246,-26242
246,-26828
246,-27130
246,-28041
246,-26275
246,-26245
246,-27435
246,-29048
246,-27209
246,-27597
246,-27976
246,-28482
246,-28612
246,-28852
246,-30053
247,-30201
247,-27418
247,-30654
247,-28938
247,-29923
247,-29516
247,-28099
247,-30107
247,-29951
247,-29268
247,-28906
247,-29562
247,-28077
247,-28744
247,-29247
247,-29322
247,-29174
247,-28129
247,-27452
247,-27650
247,-26814
247,-26888
247,-26080
247,-28483
247,-28540
247,-27172
247,-27160
247,-27619
247,-27800
247,-28450
247,-26385
247,-28097
247,-27718
247,-29417
247,-27132
247,-27603
247,-27959
247,-27889
247,-26926
247,-26982
247,-26803
247,-25649
247,-26361
247,-27561
247,-26419
247,-27715
247,-26133
247,-27356
248,-26688
248,-28318
248,-28114
248,-28233
248,-29241
248,-29930
248,-28876
248,-30471
248,-30495
248,-29909
248,-28398
248,-30507
248,-30346
248,-29224
248,-28961
248,-30433
248,-29442
248,-28347
248,-29444
248,-27431
248,-29022
248,-27153
248,-27752
248,-28317
248,-29697
248,-29310
248,-29397
248,-29821
248,-28466
248,-29175
248,-29591
248,-30296
248,-29364
248,-29575
248,-30684
248,-27833
248,-27956
248,-27705
248,-28493
248,-27718
248,-26805
248,-26608
248,-25869
248,-26531
248,-25873
248,-25794
248,-26804
248,-24637
249,-25945
249,-24830
249,-25051
249,-24516
249,-24683
249,-23310
249,-24926
249,-23576
249,-22099
249,-23823
249,-22792
249,-23173
249,-24283
249,-23558
249,-23870
249,-23424
249,-24446
249,-24546
249,-24600
249,-24607
249,-24679
249,-25303
249,-25767
249,-25597
249,-25637
249,-25231
249,-24954
249,-26555
249,-25803
249,-25140
249,-26796
249,-23997
249,-25889
249,-26409
249,-25011
249,-24966
249,-24752
249,-25549
249,-25100
249,-26556
249,-25297
249,-25333
249,-25045
249,-23512
249,-23343
249,-22831
249,-23168
249,-22247
250,-22229
250,-20387
250,-22048
250,-21889
250,-22880
250,-21116
250,-22402
250,-23175
250,-23363
250,-22793
250,-22789
250,-24069
250,-23755
250,-24079
250,-23142
250,-22982
250,-23060
250,-22687
250,-23039
250,-23794
250,-23170
250,-22425
250,-22371
250,-20614
250,-21796
250,-20662
250,-21281
250,-22034
250,-20398
250,-22504
250,-19884
250,-20262
250,-20117
250,-22623
250,-21747
250,-22341
250,-21738
250,-21813
250,-22041
250,-21815
250,-22337
250,-22175
250,-21530
250,-21189
250,-21888
250,-23634
250,-21773
250,-20918
251,-21319
251,-22201
251,-23395
251,-21626
251,-23224
251,-21410
251,-22638
251,-22935
251,-21388
251,-23240
251,-23136
251,-23688
251,-23807
251,-23646
251,-22278
251,-22768
251,-21923
251,-22328
251,-23901
251,-22418
251,-21993
251,-23619
251,-23438
251,-23086
251,-21739
251,-22289
251,-21684
251,-21891
251,-21619
251,-22111
251,-21769
251,-21835
251,-21924
251,-22656
251,-21752
251,-23189
251,-22151
251,-23841
251,-23335
251,-23131
251,-23710
251,-23424
251,-25538
251,-23508
251,-23816
251,-24441
251,-24746
251,-24374
252,-25270
252,-23861
252,-22854
252,-22924
252,-23900
252,-22141
252,-23617
252,-23059
252,-21947
252,-21166
252,-22276
252,-22575
252,-22712
252,-22658
252,-22900
252,-22832
252,-22468
252,-22845
252,-23934
252,-22969
252,-22348
252,-23827
252,-24125
252,-23616
252,-24457
252,-23376
252,-23639
252,-24721
252,-23731
252,-24284
252,-24366
252,-23804
252,-23489
252,-23987
252,-24961
252,-23990
252,-26618
252,-24871
252,-26909
252,-27029
252,-26109
252,-25393
252,-25655
252,-25858
252,-26134
252,-25890
252,-24996
252,-24945
253,-24693
253,-24777
253,-24629
253,-24255
253,-24636
253,-23990
253,-24985
253,-22638
253,-23895
253,-22318
253,-23418
253,-23227
253,-23171
253,-23099
253,-22533
253,-23536
253,-22272
253,-22713
253,-22151
253,-22992
253,-21992
253,-21584
253,-20565
253,-20541
253,-20958
253,-20905
253,-20555
253,-21328
253,-20150
253,-21385
253,-20487
253,-21305
253,-20641
253,-21925
253,-21033
253,-21592
253,-19138
253,-20986
253,-23206
253,-21527
253,-22987
253,-23382
253,-20912
253,-21335
253,-20719
253,-20747
253,-21005
253,-21227
254,-20515
254,-20316
254,-20954
254,-20018
254,-20672
254,-19342
254,-20894
254,-20902
254,-21723
254,-21245
254,-19456
254,-20834
254,-21315
254,-20129
254,-21696
254,-21664
254,-22800
254,-23776
254,-23009
254,-22430
254,-22490
254,-24108
254,-22300
254,-22344
254,-22629
254,-21896
254,-20976
254,-21742
254,-20933
254,-20306
254,-21891
254,-20346
254,-21685
254,-21933
254,-21935
254,-23501
254,-22566
254,-22704
254,-24298
254,-24208
254,-23527
254,-23812
254,-23159
254,-23686
254,-23231
254,-22480
254,-22063
254,-20581
255,-22161
255,-20396
255,-22347
255,-21667
255,-21444
255,-22293
255,-21202
255,-18622
255,-20660
255,-20278
255,-20997
255,-22459
255,-23956
255,-22656
255,-23199
255,-21599
255,-23199
255,-22754
255,-22808
255,-24187
255,-21752
255,-24366
255,-22987
255,-22717
255,-22462
255,-22085
255,-23512
255,-23707
255,-22673
255,-22868
255,-23468
255,-22920
255,-22786
255,-22454
255,-23001
255,-23358
255,-22006
255,-21866
255,-22895
255,-21923
255,-22148
255,-22676
255,-22190
255,-22394
255,-21178
255,-22194
255,-21016
255,-23093
256,-22975
256,-22428
256,-22421
256,-23594
256,-23012
256,-23326
256,-23044
256,-22453
256,-22501
256,-22742
256,-22315
256,-23221
256,-22736
256,-22353
256,-23912
256,-24426
256,-23981
256,-24999
256,-24468
256,-25164
256,-25003
256,-24541
256,-23404
256,-24542
256,-23328
256,-22888
256,-22152
256,-21944
256,-22837
256,-22459
256,-22294
256,-24783
256,-22708
256,-21966
256,-22209
256,-22284
256,-23254
256,-22856
256,-22236
256,-22501
256,-21411
256,-23439
256,-22081
256,-21655
256,-22269
256,-22447
256,-21984
256,-23012
257,-21422
257,-21879
257,-21187
257,-22248
257,-22433
257,-22606
257,-22834
257,-22851
257,-22178
257,-22974
257,-22513
257,-22581
257,-23769
257,-24103
257,-24845
257,-23912
257,-25113
257,-24942
257,-25158
257,-24239
257,-24449
257,-24932
257,-23383
257,-23706
257,-23974
257,-24285
257,-22999
257,-22951
257,-23341
257,-22640
257,-23779
257,-23965
257,-21779
257,-23189
257,-21572
257,-22887
257,-23798
257,-23256
257,-23037
257,-23632
257,-22699
257,-23241
257,-22918
257,-25304
257,-22314
257,-23428
257,-22609
257,-24015
258,-22290
258,-22821
258,-21904
258,-22183
258,-22935
258,-21708
258,-22289
258,-21802
258,-21670
258,-21342
258,-21831
258,-20022
258,-21297
258,-19885
258,-18509
258,-19970
258,-18747
258,-19991
258,-20283
258,-19339
258,-19725
258,-20461
258,-20514
258,-20395
258,-20330
258,-20627
258,-20675
258,-20547
258,-20162
258,-21407
258,-20207
258,-21513
258,-20985
258,-20311
258,-20762
258,-20636
258,-20280
258,-20623
258,-22126
258,-20659
258,-21993
258,-21122
258,-20422
258,-20540
258,-21057
258,-19680
258,-18979
258,-18744
259,-19622
259,-18301
259,-18298
259,-19433
259,-18255
259,-18841
259,-21075
259,-18452
259,-19321
259,-19740
259,-19626
259,-18955
259,-18773
259,-18563
259,-17066
259,-18040
259,-17919
259,-17937
259,-16747
259,-17883
259,-17490
259,-17747
259,-15604
259,-17286
259,-18708
259,-17841
259,-19998
259,-17589
259,-21099
259,-18888
259,-19537
259,-19043
259,-19006
259,-20779
259,-20254
259,-20996
259,-20839
259,-21700
259,-19466
259,-19727
259,-19089
259,-20479
259,-19884
259,-19873
259,-20086
259,-20300
259,-19015
259,-20486
260,-18098
260,-18587
260,-18547
260,-16618
260,-18143
260,-16898
260,-16742
260,-17373
260,-16695
260,-16765
260,-17678
260,-17194
260,-17889
260,-17624
260,-17839
260,-17643
260,-17617
260,-20378
260,-19372
260,-19454
260,-19532
260,-20510
260,-21208
260,-21184
260,-20987
260,-21299
260,-20759
260,-19988
260,-19865
260,-18581
260,-18566
260,-19412
260,-17877
260,-18146
260,-17238
260,-17625
260,-18018
260,-18126
260,-16357
260,-18543
260,-18797
260,-17712
260,-17443
260,-16646
260,-18187
260,-17001
260,-16832
260,-16882
261,-17629
261,-16013
261,-16643
261,-16456
261,-17184
261,-16419
261,-15759
261,-16304
261,-16372
261,-15677
261,-16392
261,-15587
261,-15130
261,-14815
261,-16316
261,-15651
261,-15752
261,-17585
261,-17242
261,-17229
261,-17942
261,-17008
261,-18077
261,-17020
261,-17011
261,-16974
261,-16318
261,-15677
261,-15796
261,-15251
261,-14615
261,-15572
261,-13889
261,-14850
261,-15012
261,-14895
261,-13337
261,-15111
261,-15452
261,-15072
261,-15759
261,-13854
261,-14653
261,-14601
261,-15264
261,-14120
261,-13844
261,-13319
262,-13650
262,-14749
262,-12623
262,-13139
262,-13185
262,-13574
262,-12638
262,-14614
262,-14782
262,-14938
262,-15019
262,-12206
262,-14542
262,-14592
262,-14414
262,-14315
262,-15826
262,-14268
262,-14995
262,-15336
262,-15743
262,-16278
262,-15360
262,-15387
262,-16693
262,-16531
262,-16917
262,-16985
262,-16223
262,-16268
262,-16228
262,-17653
262,-18178
262,-17393
262,-17508
262,-17942
262,-17681
262,-17190
262,-16305
262,-17511
262,-17223
262,-17304
262,-16717
262,-17149
262,-17369
262,-15689
262,-15764
262,-15864
263,-13793
263,-15341
263,-15149
263,-15399
263,-14986
263,-15354
263,-14692
263,-14903
263,-14967
263,-14921
263,-13476
263,-14206
263,-13929
263,-15899
263,-14915
263,-14260
263,-14475
263,-13894
263,-13890
263,-13665
263,-12998
263,-12499
263,-12469
263,-11776
263,-11241
263,-11892
263,-12115
263,-12465
263,-14161
263,-12418
263,-14124
263,-12427
263,-12527
263,-13639
263,-11185
263,-12204
263,-12601
263,-14350
263,-11819
263,-13546
263,-13790
263,-14439
263,-14194
263,-14967
263,-15490
263,-14470
263,-15541
263,-14271
264,-15878
264,-14945
264,-13680
264,-14331
264,-11891
264,-12488
264,-12265
264,-10858
264,-12960
264,-12293
264,-12828
264,-11628
264,-11644
264,-12439
264,-12838
264,-12878
264,-12232
264,-12496
264,-13912
264,-13827
264,-12119
264,-12205
264,-12752
264,-13835
264,-12938
264,-12312
264,-13438
264,-11321
264,-13654
264,-11118
264,-13115
264,-12771
264,-14248
264,-13986
264,-14485
264,-14661
264,-16367
264,-15145
264,-15020
264,-14079
264,-15483
264,-16641
264,-16087
264,-15578
264,-16235
264,-16466
264,-15451
264,-15194
265,-15115
265,-12215
265,-14149
265,-13282
265,-12047
265,-14233
265,-12493
265,-13189
265,-13069
265,-12356
265,-14042
265,-12796
265,-12682
265,-12753
265,-11268
265,-11560
265,-12040
265,-12297
265,-11654
265,-12931
265,-13172
265,-12670
265,-12653
265,-13279
265,-14050
265,-14116
265,-13122
265,-13148
265,-13518
265,-12151
265,-13891
265,-12846
265,-14459
265,-12393
265,-14266
265,-12990
265,-13565
265,-12124
265,-12267
265,-13087
265,-12153
265,-13558
265,-12370
265,-13618
265,-13073
265,-13234
265,-12285
265,-12407
266,-11999
266,-12761
266,-12650
266,-13144
266,-11290
266,-13025
266,-12894
266,-11123
266,-12651
266,-12189
266,-12086
266,-12587
266,-13177
266,-13038
266,-14213
266,-13741
266,-12508
266,-13324
266,-13854
266,-13185
266,-12894
266,-12919
266,-10314
266,-12480
266,-10402
266,-10368
266,-9597
266,-9787
266,-10711
266,-10838
266,-9834
266,-11587
266,-11883
266,-11067
266,-11013
266,-10773
266,-11720
266,-12932
266,-11576
266,-11154
266,-11729
266,-12241
266,-11380
266,-10807
266,-11728
266,-11091
266,-10594
266,-10290
267,-12414
267,-11297
267,-11717
267,-11074
267,-11655
267,-10317
267,-11661
267,-11754
267,-11304
267,-11113
267,-12368
267,-11294
267,-11431
267,-12991
267,-11489
267,-12541
267,-11626
267,-12628
267,-12100
267,-12427
267,-11098
267,-10312
267,-10418
267,-10813
267,-12052
267,-11104
267,-11590
267,-10857
267,-10179
267,-11236
267,-11213
267,-11479
267,-10834
267,-10415
267,-12005
267,-12471
267,-11374
267,-12438
267,-12537
267,-11098
267,-11609
267,-11672
267,-11619
267,-11208
267,-12787
267,-11692
267,-11656
267,-9363
268,-10210
268,-11130
268,-10682
268,-9411
268,-11176
268,-9334
268,-9759
268,-8644
268,-8247
268,-7679
268,-8335
268,-8515
268,-7782
268,-6713
268,-8219
268,-8746
268,-9112
268,-7673
268,-9490
268,-6924
268,-8532
268,-8717
268,-7548
268,-8049
268,-8658
268,-6955
268,-7569
268,-7666
268,-7395
268,-7429
268,-9239
268,-7376
268,-9079
268,-10500
268,-8982
268,-8467
268,-10035
268,-9285
268,-9181
268,-9864
268,-8852
268,-9763
268,-9756
268,-9271
268,-10682
268,-11011
268,-10632
268,-10319
269,-11683
269,-10918
269,-10131
269,-10581
269,-9700
269,-11215
269,-9866
269,-9925
269,-8433
269,-9875
269,-10166
269,-8838
269,-9530
269,-9948
269,-7860
269,-7124
269,-9206
269,-9111
269,-8736
269,-9008
269,-8216
269,-8064
269,-9590
269,-8633
269,-8694
269,-10579
269,-9118
269,-9946
269,-9481
269,-9083
269,-9127
269,-9178
269,-9161
269,-8323
269,-9551
269,-8399
269,-8004
269,-7216
269,-8809
269,-8557
269,-8387
269,-8291
269,-8939
269,-9007
269,-7483
269,-7034
269,-7890
269,-5545
270,-8363
270,-7313
270,-7136
270,-7819
270,-7440
270,-5932
270,-6644
270,-6686
270,-6637
270,-5545
270,-5145
270,-8559
270,-7352
270,-8469
270,-7679
270,-8641
270,-8462
270,-7414
270,-7977
270,-9217
270,-8540
270,-8411
270,-9229
270,-7089
270,-7090
270,-8100
270,-7222
270,-6353
270,-7834
270,-7113
270,-6330
270,-6544
270,-5345
270,-6006
270,-5808
270,-5742
270,-6200
270,-6547
270,-6532
270,-7135
270,-8123
270,-7969
270,-7964
270,-8873
270,-7296
270,-8279
270,-8223
270,-8327
271,-9317
271,-8484
271,-8513
271,-10008
271,-7908
271,-7365
271,-7636
271,-7168
271,-8631
271,-8185
271,-7633
271,-5927
271,-6112
271,-6937
271,-6008
271,-7538
271,-8170
271,-7897
271,-6905
271,-8382
271,-9484
271,-6257
271,-7202
271,-6996
271,-7221
271,-6548
271,-6996
271,-6169
271,-7075
271,-6429
271,-6574
271,-6671
271,-6960
271,-6259
271,-6479
271,-6984
271,-6461
271,-6708
271,-6222
271,-6620
271,-6607
271,-6284
271,-8656
271,-7667
271,-7318
271,-7153
271,-6629
271,-6653
272,-7936
272,-6254
272,-6827
272,-6958
272,-7504
272,-7843
272,-6651
272,-6116
272,-6876
272,-6884
272,-5960
272,-5603
272,-5310
272,-4351
272,-4120
272,-5214
272,-5965
272,-4685
272,-5323
272,-5133
272,-6073
272,-5322
272,-5925
272,-6075
272,-6946
272,-6925
272,-5214
272,-6462
272,-6290
272,-5667
272,-5327
272,-5642
272,-4513
272,-3581
272,-2662
272,-3858
272,-4511
272,-5012
272,-4392
272,-4856
272,-3811
272,-5177
272,-5641
272,-4987
272,-5677
272,-5715
272,-5959
272,-4485
273,-5696
273,-5493
273,-5993
273,-4504
273,-4543
273,-3495
273,-3188
273,-3019
273,-2862
273,-3272
273,-1343
273,-2469
273,-2639
273,-2584
273,-3663
273,-3084
273,-4020
273,-3573
273,-4034
273,-4476
273,-3680
273,-3224
273,-4394
273,-3995
273,-4960
273,-3595
273,-3584
273,-4248
273,-3499
273,-3405
273,-2316
273,-2382
273,-1662
273,-1422
273,-3339
273,-2454
273,-3600
273,-3412
273,-3733
273,-3946
273,-4948
273,-3097
273,-3577
273,-5349
273,-2941
273,-4874
273,-4449
273,-3527
274,-3470
274,-3809
274,-3606
274,-2689
274,-4655
274,-4017
274,-5014
274,-5676
274,-5577
274,-5204
274,-5077
274,-4180
274,-4359
274,-3645
274,-4129
274,-3154
274,-2104
274,-2244
274,-4243
274,-2721
274,-2797
274,-3528
274,-2179
274,-3728
274,-2809
274,-2375
274,-2933
274,-2550
274,-3641
274,-2159
274,-2841
274,-3440
274,-3093
274,-3312
274,-4408
274,-2581
274,-4847
274,-3267
274,-2169
274,-1044
274,-1461
274,-1259
274,-3091
274,-1118
274,-1373
274,-1664
274,-2119
274,-746
275,-1659
275,-2928
275,-2006
275,-2565
275,-1218
275,-2416
275,-2887
275,-1910
275,-1977
275,-2513
275,-2061
275,-2774
275,-1617
275,-2061
275,-1734
275,-3640
275,-2214
275,-1875
275,-3857
275,-2495
275,-2540
275,-3177
275,-2429
275,-2430
275,-4514
275,-2705
275,-4086
275,-3146
275,-3511
275,-3310
275,-1706
275,-3170
275,-907
275,-1612
275,-673
275,-935
275,-383
275,-629
275,973
275,-137
275,853
275,2823
275,2275
275,2010
275,2485
275,-479
275,2439
275,310
276,1466
276,57
276,-792
276,-94
276,436
276,563
276,351
276,1822
276,125
276,-1090
276,59
276,-162
276,1135
276,962
276,426
276,278
276,314
276,-216
276,-1335
276,-608
276,1075
276,-387
276,-410
276,-1861
276,-230
276,-763
276,740
276,-507
276,338
276,-289
276,-488
276,891
276,822
276,1565
276,1846
276,1427
276,1085
276,3340
276,3844
276,3667
276,2050
276,1705
276,1962
276,1171
276,2215
276,1256
276,366
276,-174
277,479
277,1210
277,385
277,111
277,276
277,-257
277,613
277,570
277,471
277,1153
277,1784
277,962
277,189
277,526
277,1341
277,528
277,2075
277,616
277,2377
277,1477
277,1555
277,2113
277,-269
277,572
277,743
277,-867
277,611
277,1686
277,1299
277,1534
277,2624
277,2477
277,2759
277,2408
277,1309
277,2157
277,1450
277,1086
277,143
277,650
277,-173
277,715
277,980
277,-558
277,-973
277,-890
277,-1290
277,-1174
278,151
278,-1055
278,-3
278,1182
278,46
278,1047
278,561
278,2441
278,1635
278,2726
278,2137
278,4402
278,4665
278,3141
278,3717
278,4782
278,4075
278,4415
278,4335
278,3084
278,2996
278,2151
278,2420
278,2857
278,2348
278,2458
278,2640
278,1032
278,1343
278,1541
278,2870
278,2535
278,1934
278,2106
278,4238
278,2945
278,2417
278,3516
278,1556
278,1210
278,1465
278,1849
278,2724
278,1064
278,429
278,1176
278,1080
278,1326
279,1626
279,1881
279,1056
279,728
279,1572
279,2328
279,2199
279,3364
279,1837
279,2966
279,2779
279,2832
279,1669
279,869
279,1561
279,1751
279,90
279,940
279,11
279,1652
279,397
279,1480
279,433
279,1197
279,964
279,2215
279,1752
279,405
279,-241
279,535
279,-351
279,399
279,171
279,-62
279,581
279,351
279,736
279,441
279,1585
279,3255
279,1969
279,1886
279,2025
279,421
279,2643
279,1481
279,3095
279,2381
280,3320
280,4093
280,2428
280,3763
280,3880
280,3788
280,3247
280,2376
280,2155
280,4412
280,3257
280,2759
280,4016
280,2583
280,3552
280,3647
280,2332
280,3380
280,3631
280,3451
280,3543
280,3649
280,5426
280,3234
280,4479
280,3145
280,2512
280,3009
280,2709
280,1248
280,2634
280,3770
280,2183
280,3040
280,2659
280,2394
280,1632
280,2995
280,3075
280,3093
280,4176
280,4802
280,4098
280,4619
280,4189
280,4428
280,3549
280,2402
281,3196
281,3169
281,2446
281,4244
281,3634
281,5031
281,4950
281,4198
281,3464
281,2314
281,3637
281,1268
281,2465
281,4236
281,2490
281,3627
281,3002
281,3213
281,2072
281,2365
281,3176
281,2661
281,3935
281,4804
281,4053
281,4128
281,6047
281,4938
281,4451
281,4508
281,3684
281,3325
281,2776
281,1825
281,1553
281,3318
281,3756
281,3335
281,1340
281,2294
281,2762
281,2353
281,2706
281,1497
281,2457
281,2110
281,3376
281,2153
282,3531
282,2725
282,2095
282,4039
282,2755
282,3803
282,3082
282,3575
282,1561
282,1859
282,1975
282,2529
282,3526
282,3373
282,3556
282,2354
282,3172
282,2282
282,3473
282,3042
282,2180
282,1944
282,3133
282,2687
282,3986
282,4112
282,3812
282,4249
282,4209
282,4913
282,3946
282,3803
282,3662
282,3478
282,2683
282,2723
282,2644
282,2631
282,2240
282,2453
282,2427
282,2782
282,1370
282,2914
282,1694
282,2436
282,2392
282,1597
283,2799
283,2906
283,2635
283,3944
283,3589
283,3348
283,2925
283,2487
283,3848
283,4107
283,3640
283,3283
283,3498
283,3800
283,4668
283,2662
283,3109
283,4310
283,3045
283,5246
283,4528
283,5566
283,4437
283,4408
283,6992
283,5355
283,5915
283,4502
283,5212
283,4974
283,4943
283,5336
283,4100
283,4227
283,4229
283,3624
283,3711
283,2589
283,2031
283,2701
283,278
283,1833
283,1447
283,2085
283,2357
283,2758
283,1778
283,2526
284,3323
284,2335
284,2839
284,2430
284,4204
284,2743
284,3935
284,2492
284,3083
284,4216
284,3023
284,3090
284,3306
284,3834
284,3514
284,3502
284,3666
284,3748
284,3008
284,2700
284,4687
284,3522
284,4231
284,3033
284,2336
284,2258
284,2039
284,1096
284,1469
284,1310
284,1507
284,1882
284,115
284,509
284,1186
284,487
284,249
284,-50
284,1625
284,1229
284,574
284,1891
284,2134
284,1623
284,663
284,2050
284,2364
284,1868
285,1681
285,2318
285,2265
285,2341
285,1603
285,3804
285,1545
285,1693
285,2364
285,746
285,1680
285,306
285,962
285,-260
285,-382
285,391
285,-1502
285,-1536
285,-869
285,-1067
285,-742
285,-18
285,-1528
285,-1444
285,-914
285,-742
285,-1013
285,-587
285,611
285,-111
285,533
285,-266
285,513
285,2161
285,2046
285,723
285,-145
285,1458
285,2150
285,1502
285,877
285,1092
285,198
285,1270
285,195
285,313
285,-819
285,437
286,189
286,-451
286,388
286,431
286,202
286,-1043
286,-520
286,-883
286,-1052
286,-2577
286,-3326
286,-2582
286,-2324
286,-1945
286,-3587
286,-2093
286,-2376
286,-1224
286,-1826
286,-1791
286,-1749
286,-2452
286,-1407
286,-1666
286,-2519
286,-2282
286,-2390
286,-2073
286,-3647
286,-3216
286,-2689
286,-4012
286,-2246
286,-3526
286,-2860
286,-3043
286,-2675
286,-3543
286,-1325
286,-2152
286,-2620
286,-2959
286,-784
286,-2638
286,-2311
286,-2949
286,-1800
286,-4090
287,-4136
287,-3312
287,-4061
287,-3730
287,-3773
287,-3109
287,-3881
287,-4078
287,-5756
287,-5427
287,-3684
287,-4816
287,-2721
287,-4651
287,-3257
287,-4835
287,-3226
287,-2657
287,-2721
287,-1952
287,-3053
287,-886
287,-1431
287,-2852
287,-2107
287,-1219
287,-2728
287,-2336
287,-1890
287,-2548
287,-2459
287,-2458
287,-2517
287,-1442
287,-2628
287,-3335
287,-1911
287,-3811
287,-3410
287,-2751
287,-3139
287,-3496
287,-3320
287,-2638
287,-4416
287,-5499
287,-4510
287,-6481
288,-4906
288,-5441
288,-5412
288,-4084
288,-5064
288,-4449
288,-4249
288,-4536
288,-5303
288,-5769
288,-4090
288,-4896
288,-5387
288,-4687
288,-4217
288,-4241
288,-4938
288,-4733
288,-6915
288,-6246
288,-4966
288,-5413
288,-6038
288,-7260
288,-6205
288,-6652
288,-4793
288,-4077
288,-6000
288,-3465
288,-3805
288,-3745
288,-4568
288,-5416
288,-5342
288,-5619
288,-6409
288,-5732
288,-6270
288,-6813
288,-6663
288,-6173
288,-6933
288,-6605
288,-6393
288,-5398
288,-5744
288,-4953
289,-5364
289,-3586
289,-3938
289,-5540
289,-3548
289,-4842
289,-3763
289,-4201
289,-3473
289,-3314
289,-4300
289,-5227
289,-5787
289,-5105
289,-5874
289,-5949
289,-4904
289,-6454
289,-6304
289,-4290
289,-5866
289,-6163
289,-6017
289,-6089
289,-5068
289,-5979
289,-6341
289,-7088
289,-6619
289,-8329
289,-6106
289,-6582
289,-7469
289,-7212
289,-7750
289,-6582
289,-7362
289,-7915
289,-6965
289,-8088
289,-8756
289,-6644
289,-7991
289,-7724
289,-6977
289,-6733
289,-7548
289,-7043
290,-7094
290,-7090
290,-6941
290,-5559
290,-5104
290,-6373
290,-4334
290,-5798
290,-5519
290,-5771
290,-4503
290,-6579
290,-5483
290,-4400
290,-7899
290,-4552
290,-6186
290,-5679
290,-6745
290,-7205
290,-7590
290,-6962
290,-6080
290,-7008
290,-5839
290,-5850
290,-6303
290,-6072
290,-7014
290,-5741
290,-5856
290,-6771
290,-6513
290,-7535
290,-7907
290,-7008
290,-8557
290,-8186
290,-8558
290,-10196
290,-10527
290,-8695
290,-8818
290,-9387
290,-8686
290,-7888
290,-7731
290,-8528
291,-7533
291,-8185
291,-8083
291,-8286
291,-8066
291,-8383
291,-8209
291,-9246
291,-8056
291,-8861
291,-8374
291,-8426
291,-8357
291,-10422
291,-10917
291,-11403
291,-9634
291,-9592
291,-8166
291,-9681
291,-9355
291,-10153
291,-9585
291,-10342
291,-9264
291,-9425
291,-9512
291,-10440
291,-9354
291,-9846
291,-9332
291,-10696
291,-9700
291,-10588
291,-9277
291,-9329
291,-10182
291,-8891
291,-10160
291,-10231
291,-10416
291,-11157
291,-10381
291,-11606
291,-10792
291,-11432
291,-11540
291,-11607
292,-11339
292,-11512
292,-11823
292,-10905
292,-11653
292,-10249
292,-9912
292,-10892
292,-9223
292,-11445
292,-9266
292,-11256
292,-10828
292,-10267
292,-10247
292,-10021
292,-9711
292,-10930
292,-11288
292,-10058
292,-10884
292,-11026
292,-9596
292,-9290
292,-10432
292,-10015
292,-9241
292,-11320
292,-10683
292,-10901
292,-11303
292,-10540
292,-9990
292,-9943
292,-10331
292,-12445
292,-11472
292,-10421
292,-11135
292,-11751
292,-11654
292,-10901
292,-10081
292,-11937
292,-12406
292,-11874
292,-11305
292,-12344
293,-11816
293,-10864
293,-11196
293,-10798
293,-10614
293,-11535
293,-12086
293,-11832
293,-11786
293,-11926
293,-11424
293,-12236
293,-10589
293,-11246
293,-13118
293,-11289
293,-13399
293,-12918
293,-13073
293,-14151
293,-12565
293,-13015
293,-13799
293,-15693
293,-12737
293,-13769
293,-13401
293,-13692
293,-13948
293,-12567
293,-13638
293,-12195
293,-12491
293,-12137
293,-12622
293,-12928
293,-12739
293,-12500
293,-12767
293,-10624
293,-12977
293,-12304
293,-12635
293,-13946
293,-14919
293,-15887
293,-14611
293,-15555
294,-14543
294,-14706
294,-12832
294,-14674
294,-14810
294,-14000
294,-12554
294,-13813
294,-13494
294,-12506
294,-11936
294,-13441
294,-13380
294,-12150
294,-13201
294,-13209
294,-13559
294,-13303
294,-13994
294,-12799
294,-13170
294,-13771
294,-12429
294,-14587
294,-14137
294,-13940
294,-13922
294,-14013
294,-14053
294,-13794
294,-13953
294,-13652
294,-13743
294,-13885
294,-13753
294,-14243
294,-15023
294,-15419
294,-14529
294,-15359
294,-13478
294,-14468
294,-14052
294,-14039
294,-15553
294,-14588
294,-15369
294,-15140
295,-15031
295,-15068
295,-14405
295,-15519
295,-15351
295,-14039
295,-15146
295,-15268
295,-15150
295,-13893
295,-15058
295,-14759
295,-14447
295,-15160
295,-15070
295,-15025
295,-14974
295,-14790
295,-14822
295,-15645
295,-16209
295,-16209
295,-16388
295,-18192
295,-16388
295,-16969
295,-17615
295,-16742
295,-16182
295,-15848
295,-16187
295,-16833
295,-16661
295,-16142
295,-15577
295,-16510
295,-16744
295,-16480
295,-16354
295,-16145
295,-16707
295,-17057
295,-16140
295,-17399
295,-17400
295,-16714
295,-16067
295,-17033
296,-16215
296,-16915
296,-16745
296,-17584
296,-16494
296,-18161
296,-17019
296,-16616
296,-16122
296,-17523
296,-17420
296,-16682
296,-17086
296,-17199
296,-16253
296,-17310
296,-16192
296,-16958
296,-17143
296,-15827
296,-17213
296,-15661
296,-16770
296,-16227
296,-16774
296,-17721
296,-17065
296,-17831
296,-16224
296,-16467
296,-17262
296,-15671
296,-17049
296,-15355
296,-17091
296,-15571
296,-16282
296,-16518
296,-15801
296,-15319
296,-14068
296,-15529
296,-16121
296,-17535
296,-16894
296,-16357
296,-16773
296,-17335
297,-17021
297,-17685
297,-17741
297,-17651
297,-19592
297,-19177
297,-18446
297,-17997
297,-18762
297,-18393
297,-18017
297,-18937
297,-19078
297,-18577
297,-18873
297,-19306
297,-19035
297,-18582
297,-20504
297,-18389
297,-19671
297,-20262
297,-18115
297,-18567
297,-18537
297,-17094
297,-18029
297,-18295
297,-17201
297,-18157
297,-17010
297,-17248
297,-17112
297,-17455
297,-17085
297,-16662
297,-16460
297,-18115
297,-16876
297,-17347
297,-15492
297,-17093
297,-14883
297,-15546
297,-16264
297,-15308
297,-17162
297,-15929
298,-16531
298,-16392
298,-15419
298,-15398
298,-15093
298,-14095
298,-15372
298,-13486
298,-15247
298,-15408
298,-13922
298,-15503
298,-15317
298,-14727
298,-14192
298,-15121
298,-16078
298,-14713
298,-16388
298,-14609
298,-15237
298,-17027
298,-16669
298,-16020
298,-16295
298,-16292
298,-16253
298,-17644
298,-17146
298,-17025
298,-18111
298,-18914
298,-19262
298,-17408
298,-17622
298,-17553
298,-18964
298,-18345
298,-17124
298,-17301
298,-18820
298,-18561
298,-19193
298,-18496
298,-18068
298,-17929
298,-17545
298,-18004
299,-17320
299,-18341
299,-18948
299,-17526
299,-18694
299,-18739
299,-17716
299,-18770
299,-18159
299,-17764
299,-17644
299,-18629
299,-17664
299,-18421
299,-17708
299,-19202
299,-18580
299,-18591
299,-17668
299,-18517
299,-19604
299,-17475
299,-18353
299,-20545
299,-17880
299,-17637
299,-18297
299,-17329
299,-17255
299,-16964
299,-18639
299,-16059
299,-17338
299,-17007
299,-17229
299,-16880
299,-16709
299,-16748
299,-16182
299,-17010
299,-16834
299,-15944
299,-16060
299,-15296
299,-16779
299,-16620
299,-17165
299,-17099
300,-16298
300,-17569
300,-17765
300,-16102
300,-16367
300,-15049
300,-17084
300,-15937
300,-16534
300,-16943
300,-17628
300,-17711
300,-18688
300,-16779
300,-18641
300,-17924
300,-18637
300,-16844
300,-17136
300,-18048
300,-17177
300,-16500
300,-17332
300,-17401
300,-15579
300,-16507
300,-16084
300,-15449
300,-14741
300,-15844
300,-16359
300,-15638
300,-17296
300,-16206
300,-15265
300,-15666
300,-16155
300,-16196
300,-15053
300,-15071
300,-15836
300,-14178
300,-14824
300,-13434
300,-15708
300,-13454
300,-13338
300,-15716
301,-14904
301,-15666
301,-14955
301,-15698
301,-15321
301,-15692
301,-14235
301,-15253
301,-15579
301,-14570
301,-16345
301,-14501
301,-15464
301,-14940
301,-15148
301,-15780
301,-15654
301,-16413
301,-15830
301,-14693
301,-16149
301,-16933
301,-15203
301,-15683
301,-15079
301,-15291
301,-15609
301,-14677
301,-15680
301,-16191
301,-15070
301,-14819
301,-15531
301,-15864
301,-16832
301,-16278
301,-16775
301,-16032
301,-16897
301,-16388
301,-16257
301,-16123
301,-15748
301,-15766
301,-16935
301,-16312
301,-15805
301,-15481
302,-15123
302,-14778
302,-15895
302,-15507
302,-14610
302,-16512
302,-14862
302,-16321
302,-16021
302,-17015
302,-16838
302,-15872
302,-15825
302,-15666
302,-17134
302,-17173
302,-16776
302,-17022
302,-14960
302,-13396
302,-14768
302,-14631
302,-15362
302,-15395
302,-15117
302,-15147
302,-16159
302,-15486
302,-15815
302,-15700
302,-15253
302,-15545
302,-15981
302,-16337
302,-15880
302,-14257
302,-15054
302,-14982
302,-13498
302,-14588
302,-14198
302,-14375
302,-15649
302,-13628
302,-13682
302,-13368
302,-13093
302,-13022
303,-13658
303,-12940
303,-12977
303,-13230
303,-13773
303,-14743
303,-13067
303,-13470
303,-15436
303,-13066
303,-13425
303,-14912
303,-13695
303,-14207
303,-15083
303,-15459
303,-15560
303,-15381
303,-14754
303,-14413
303,-16190
303,-15762
303,-15015
303,-14915
303,-14954
303,-14363
303,-14453
303,-14487
303,-14855
303,-14916
303,-14356
303,-14399
303,-14734
303,-15774
303,-13732
303,-15222
303,-14880
303,-14627
303,-14592
303,-15136
303,-15076
303,-13564
303,-13161
303,-13508
303,-13519
303,-13112
303,-12331
303,-13635
304,-13440
304,-13919
304,-12779
304,-13741
304,-13766
304,-13044
304,-12840
304,-13967
304,-13393
304,-13004
304,-12782
304,-14125
304,-12176
304,-11674
304,-13701
304,-13214
304,-13912
304,-13807
304,-13566
304,-13777
304,-13414
304,-14423
304,-14898
304,-14662
304,-14893
304,-15189
304,-16031
304,-15509
304,-15405
304,-15673
304,-15299
304,-14802
304,-13808
304,-13175
304,-13703
304,-15269
304,-13727
304,-15508
304,-15722
304,-16326
304,-16635
304,-17124
304,-15405
304,-15469
304,-17156
304,-15763
304,-17452
304,-16361
305,-17917
305,-15790
305,-14954
305,-16333
305,-17187
305,-17846
305,-17322
305,-17862
305,-17006
305,-16146
305,-16481
305,-15384
305,-15287
305,-15123
305,-13700
305,-14921
305,-14044
305,-13712
305,-14861
305,-14884
305,-13751
305,-14428
305,-13373
305,-13844
305,-13319
305,-13632
305,-13423
305,-13758
305,-14281
305,-15524
305,-13823
305,-14479
305,-14246
305,-14739
305,-14970
305,-16491
305,-15500
305,-15718
305,-15589
305,-15445
305,-15806
305,-14180
305,-15487
305,-14984
305,-15310
305,-13853
305,-14294
305,-14791
306,-13863
306,-13919
306,-13533
306,-12847
306,-13612
306,-14205
306,-15462
306,-14796
306,-15743
306,-15194
306,-13804
306,-14176
306,-15518
306,-15033
306,-14770
306,-14978
306,-14367
306,-14823
306,-15544
306,-16136
306,-16412
306,-15697
306,-16114
306,-16102
306,-15016
306,-15931
306,-16089
306,-15805
306,-16795
306,-16226
306,-15009
306,-15710
306,-14932
306,-15111
306,-14771
306,-16982
306,-15709
306,-17008
306,-16181
306,-16281
306,-16543
306,-16349
306,-17084
306,-16916
306,-17628
306,-18646
306,-16226
306,-16658
307,-17018
307,-17883
307,-17294
307,-18325
307,-17667
307,-16484
307,-16628
307,-16407
307,-15255
307,-16512
307,-15508
307,-16293
307,-16082
307,-17129
307,-15618
307,-16943
307,-15607
307,-16691
307,-16602
307,-17156
307,-16981
307,-17366
307,-16339
307,-17495
307,-16968
307,-16942
307,-17788
307,-17468
307,-17419
307,-18894
307,-17504
307,-17409
307,-17770
307,-16747
307,-17580
307,-16129
307,-16545
307,-16402
307,-17178
307,-15794
307,-16296
307,-16653
307,-15187
307,-15839
307,-14853
307,-16190
307,-15755
307,-14440
308,-14440
308,-15085
308,-15623
308,-16222
308,-15656
308,-16313
308,-16612
308,-18238
308,-18423
308,-16701
308,-16717
308,-17322
308,-17100
308,-17973
308,-19070
308,-16331
308,-18511
308,-17966
308,-17571
308,-17642
308,-16487
308,-17441
308,-16563
308,-16194
308,-16384
308,-17667
308,-16497
308,-16901
308,-17881
308,-18231
308,-17613
308,-17167
308,-17290
308,-15953
308,-16201
308,-17296
308,-17206
308,-16476
308,-16073
308,-15955
308,-16086
308,-14214
308,-16386
308,-17191
308,-16764
308,-17283
308,-17558
308,-16405
309,-18245
309,-16958
309,-16304
309,-17319
309,-16364
309,-16234
309,-17248
309,-16305
309,-16978
309,-16590
309,-16216
309,-16546
309,-17514
309,-16777
309,-15481
309,-14881
309,-14870
309,-14965
309,-15977
309,-15811
309,-15052
309,-17281
309,-14597
309,-15534
309,-15352
309,-15593
309,-15840
309,-15848
309,-15683
309,-14439
309,-16487
309,-16598
309,-16788
309,-16920
309,-15735
309,-15664
309,-15429
309,-16117
309,-15880
309,-17589
309,-16256
309,-14846
309,-16217
309,-15270
309,-14984
309,-14632
309,-14851
309,-13343
310,-14488
310,-14171
310,-14968
310,-13408
310,-14046
310,-14682
310,-13789
310,-12934
310,-13421
310,-13880
310,-12020
310,-13375
310,-12207
310,-13554
310,-11542
310,-11460
310,-14579
310,-11986
310,-13541
310,-12760
310,-13545
310,-12286
310,-12444
310,-12693
310,-11416
310,-13364
310,-14041
310,-12384
310,-13474
310,-13380
310,-13436
310,-13113
310,-13524
310,-12930
310,-13815
310,-13881
310,-12792
310,-11686
310,-12124
310,-12003
310,-11353
310,-11573
310,-12237
310,-11718
310,-10968
310,-10659
310,-11157
310,-11678
311,-12432
311,-11527
311,-12284
311,-12521
311,-12037
311,-13682
311,-14314
311,-13520
311,-15254
311,-15015
311,-15375
311,-14498
311,-14882
311,-15379
311,-15249
311,-16163
311,-16464
311,-15411
311,-16754
311,-16529
311,-15962
311,-16844
311,-16272
311,-16150
311,-16882
311,-15666
311,-15504
311,-16516
311,-16318
311,-16905
311,-17148
311,-16493
311,-16675
311,-15711
311,-15881
311,-16962
311,-15946
311,-14634
311,-14392
311,-14434
311,-14365
311,-15156
311,-14532
311,-13905
311,-14959
311,-13914
311,-15852
311,-14949
312,-15523
312,-15578
312,-15280
312,-14981
312,-15356
312,-14544
312,-14278
312,-15218
312,-12779
312,-14293
312,-13188
312,-13249
312,-13488
312,-12979
312,-11700
312,-13116
312,-13521
312,-13385
312,-13104
312,-11563
312,-12240
312,-11216
312,-11192
312,-11667
312,-12242
312,-12581
312,-11496
312,-10101
312,-11075
312,-9934
312,-9878
312,-11804
312,-11064
312,-9968
312,-10713
312,-11403
312,-10138
312,-9579
312,-9389
312,-9323
312,-10867
312,-8739
312,-10275
312,-8700
312,-8808
312,-9253
312,-9058
312,-9079
313,-8989
313,-9719
313,-10109
313,-10493
313,-9996
313,-10581
313,-9883
313,-10443
313,-11824
313,-11016
313,-10929
313,-11744
313,-12300
313,-9505
313,-9493
313,-9580
313,-9728
313,-10288
313,-9330
313,-11232
313,-9414
313,-10665
313,-9893
313,-10018
313,-10130
313,-9571
313,-9770
313,-10372
313,-9090
313,-9652
313,-9819
313,-10480
313,-8851
313,-9076
313,-8565
313,-10459
313,-10179
313,-10236
313,-9829
313,-8389
313,-9109
313,-9498
313,-12214
313,-8123
313,-8520
313,-9990
313,-10133
313,-10422
314,-9494
314,-10236
314,-9488
314,-10666
314,-9566
314,-9701
314,-10385
314,-10492
314,-9876
314,-11647
314,-12369
314,-10909
314,-11160
314,-10662
314,-11923
314,-10324
314,-10830
314,-11077
314,-11847
314,-11757
314,-11323
314,-10822
314,-10415
314,-10808
314,-10923
314,-10868
314,-10870
314,-8942
314,-8844
314,-8055
314,-8527
314,-9620
314,-10169
314,-9175
314,-10800
314,-10058
314,-10998
314,-10254
314,-9893
314,-12175
314,-10659
314,-11146
314,-11269
314,-9232
314,-8826
314,-8830
314,-12208
314,-9112
315,-10656
315,-12002
315,-10581
315,-11005
315,-10680
315,-11152
315,-10385
315,-10604
315,-10049
315,-10522
315,-9027
315,-9499
315,-8868
315,-8614
315,-8960
315,-8772
315,-7707
315,-9313
315,-10057
315,-10778
315,-10270
315,-10067
315,-8013
315,-8984
315,-8024
315,-8282
315,-8459
315,-9393
315,-9496
315,-9094
315,-9660
315,-9593
315,-8985
315,-10633
315,-11682
315,-10773
315,-11176
315,-10632
315,-11514
315,-10588
315,-11481
315,-10696
315,-11533
315,-11728
315,-12225
315,-11563
315,-10912
315,-11973
316,-12131
316,-12081
316,-10945
316,-11517
316,-12192
316,-12024
316,-10790
316,-10020
316,-11749
316,-10639
316,-10871
316,-10986
316,-11022
316,-11333
316,-11314
316,-10946
316,-11523
316,-10707
316,-11594
316,-12020
316,-11007
316,-12057
316,-10300
316,-10500
316,-12133
316,-12281
316,-10405
316,-11770
316,-9918
316,-12043
316,-10476
316,-10253
316,-9955
316,-9388
316,-9991
316,-9032
316,-9275
316,-10501
316,-11040
316,-10145
316,-11676
316,-10921
316,-10450
316,-10076
316,-10881
316,-10937
316,-9202
316,-8870
317,-8946
317,-10313
317,-8454
317,-8717
317,-9377
317,-9491
317,-9421
317,-8337
317,-10097
317,-10323
317,-9119
317,-9058
317,-8842
317,-8298
317,-9168
317,-9050
317,-8069
317,-8839
317,-9181
317,-8782
317,-9245
317,-11077
317,-9735
317,-8809
317,-9348
317,-9649
317,-9051
317,-8453
317,-8945
317,-8299
317,-9265
317,-8174
317,-8497
317,-9429
317,-9600
317,-9910
317,-9707
317,-10092
317,-9064
317,-10298
317,-9091
317,-8645
317,-9318
317,-8586
317,-8151
317,-8778
317,-10492
317,-10076
318,-10678
318,-9765
318,-8985
318,-9929
318,-11474
318,-9308
318,-10497
318,-10826
318,-10052
318,-9616
318,-10671
318,-9582
318,-11157
318,-9750
318,-9649
318,-9776
318,-10864
318,-9537
318,-9428
318,-9174
318,-9810
318,-9845
318,-9078
318,-10208
318,-9266
318,-10751
318,-8132
318,-8944
318,-10662
318,-10142
318,-9459
318,-9653
318,-9827
318,-8672
318,-10791
318,-8998
318,-13077
318,-10217
318,-10472
318,-9579
318,-10488
318,-10295
318,-11888
318,-12617
318,-10208
318,-10815
318,-11183
318,-12074
319,-11929
319,-10499
319,-12058
319,-11347
319,-12423
319,-11381
319,-12199
319,-12588
319,-12382
319,-11557
319,-11375
319,-11775
319,-10824
319,-11128
319,-12082
319,-10403
319,-11435
319,-11300
319,-11312
319,-11240
319,-11250
319,-9960
319,-10045
319,-10860
319,-10060
319,-10387
319,-11369
319,-10255
319,-9762
319,-10209
319,-9835
319,-10088
319,-9834
319,-8773
319,-10559
319,-9142
319,-9559
319,-9980
319,-9155
319,-9399
319,-9220
319,-9747
319,-10784
319,-10177
319,-10798
319,-10550
319,-11357
319,-10448
320,-10540
320,-9064
320,-9473
320,-8910
320,-10528
320,-10590
320,-10100
320,-10936
320,-9392
320,-10802
320,-8616
320,-9844
320,-9340
320,-9474
320,-8208
320,-7972
320,-8019
320,-8418
320,-7640
320,-8687
320,-9185
320,-8349
320,-7725
320,-7604
320,-7207
320,-8596
320,-7484
320,-8325
320,-7927
320,-7470
320,-7079
320,-7439
320,-7132
320,-8897
320,-9261
320,-9913
320,-9507
320,-9783
320,-8387
320,-9516
320,-9012
320,-8883
320,-7846
320,-7436
320,-8542
320,-7860
320,-6921
320,-7799
321,-8472
321,-6887
321,-8260
321,-7549
321,-6119
321,-7606
321,-8029
321,-7921
321,-7668
321,-8155
321,-8201
321,-8338
321,-8629
321,-7769
321,-7723
321,-7873
321,-8925
321,-8480
321,-7299
321,-8858
321,-7562
321,-8636
321,-7832
321,-7780
321,-7973
321,-7660
321,-7019
321,-7864
321,-8199
321,-7369
321,-7536
321,-7155
321,-7625
321,-7556
321,-6693
321,-7421
321,-7941
321,-4817
321,-6982
321,-7911
321,-5019
321,-6014
321,-6824
321,-7377
321,-6638
321,-5796
321,-6075
321,-5457
322,-6225
322,-7239
322,-5513
322,-7217
322,-5868
322,-4957
322,-6769
322,-7062
322,-7101
322,-7656
322,-6196
322,-7242
322,-5570
322,-6275
322,-4706
322,-5390
322,-5762
322,-6242
322,-6546
322,-6518
322,-4517
322,-6869
322,-5056
322,-5146
322,-6205
322,-6175
322,-6240
322,-5684
322,-6750
322,-5964
322,-6291
322,-6615
322,-6601
322,-6874
322,-7545
322,-6801
322,-6259
322,-5382
322,-5596
322,-5691
322,-5577
322,-5130
322,-6487
322,-5193
322,-5245
322,-5508
322,-5016
322,-4697
323,-5139
323,-5573
323,-5142
323,-4568
323,-5746
323,-4238
323,-4192
323,-5480
323,-3944
323,-3225
323,-3659
323,-4164
323,-3960
323,-4067
323,-5017
323,-5226
323,-3652
323,-5986
323,-5882
323,-5936
323,-5219
323,-6259
323,-6651
323,-6331
323,-7602
323,-6207
323,-6309
323,-5784
323,-5031
323,-5080
323,-5420
323,-5631
323,-4131
323,-5636
323,-5922
323,-5577
323,-5964
323,-4974
323,-4090
323,-4931
323,-6268
323,-4496
323,-5777
323,-5724
323,-7016
323,-5327
323,-6549
323,-6065
324,-6526
324,-6351
324,-5516
324,-6705
324,-5710
324,-6185
324,-5330
324,-7608
324,-6681
324,-6529
324,-5578
324,-5778
324,-6632
324,-5536
324,-5346
324,-5613
324,-4894
324,-4646
324,-5542
324,-5487
324,-4656
324,-5017
324,-4694
324,-5979
324,-4096
324,-4654
324,-4320
324,-4122
324,-4234
324,-3230
324,-3995
324,-3175
324,-4191
324,-3789
324,-5711
324,-5255
324,-4879
324,-5933
324,-5007
324,-6088
324,-5937
324,-5866
324,-4984
324,-5428
324,-6376
324,-5605
324,-5262
324,-5494
325,-6517
325,-5257
325,-3800
325,-5762
325,-4415
325,-4642
325,-4946
325,-4012
325,-5200
325,-5190
325,-5155
325,-4912
325,-4547
325,-3397
325,-4034
325,-2106
325,-3837
325,-2808
325,-2172
325,-2588
325,-3171
325,-1876
325,-4370
325,-2597
325,-2422
325,-3390
325,-3566
325,-4392
325,-2509
325,-2327
325,-2102
325,-1846
325,-3547
325,-2885
325,-2186
325,-3095
325,-2346
325,-4384
325,-2052
325,-3924
325,-3306
325,-3668
325,-3329
325,-2434
325,-3776
325,-2459
325,-3875
325,-3163
326,-3923
326,-3649
326,-5176
326,-4818
326,-4225
326,-4080
326,-1625
326,-2794
326,-3180
326,-3275
326,-2648
326,-2587
326,-1693
326,-2016
326,-2306
326,-1470
326,-1416
326,-2814
326,-1939
326,-619
326,-462
326,-1420
326,-1388
326,-3612
326,-2244
326,-94
326,-1955
326,-977
326,-724
326,-2049
326,-1380
326,-1858
326,-1018
326,-2154
326,-1889
326,-2318
326,-2610
326,-794
326,-1703
326,-793
326,-1518
326,-2031
326,-1145
326,-1404
326,-1485
326,-1308
326,-1095
326,-1406
327,-1315
327,-2188
327,-1153
327,-640
327,-2213
327,-176
327,-2409
327,-1463
327,-2050
327,-3268
327,-2990
327,-2593
327,-2443
327,-1418
327,-2848
327,-3200
327,-2530
327,-2542
327,-2940
327,-2360
327,-2791
327,-3039
327,-3530
327,-4085
327,-1491
327,-3667
327,-2913
327,-2961
327,-3545
327,-3155
327,-4213
327,-2569
327,-3243
327,-4076
327,-2946
327,-3874
327,-2343
327,-2774
327,-2656
327,-2746
327,-2943
327,-1425
327,-2949
327,-1786
327,-1479
327,-700
327,-2188
327,-1595
328,-1902
328,-2683
328,-1466
328,-1372
328,-2146
328,-1229
328,-277
328,-1807
328,-880
328,-714
328,-2339
328,-3194
328,-846
328,-1002
328,-124
328,-939
328,-838
328,-1767
328,-918
328,-1704
328,-744
328,-3334
328,-1313
328,-1374
328,-1125
328,-2620
328,-1109
328,-2840
328,-663
328,-868
328,-2282
328,-1162
328,-1986
328,-1840
328,-1235
328,-2206
328,-2283
328,-1648
328,-2584
328,-2241
328,-3348
328,-3046
328,-2925
328,-3459
328,-3247
328,-3041
328,-3409
328,-2199
329,-2164
329,-1357
329,-2244
329,-1054
329,-2153
329,-548
329,-798
329,-1605
329,-1739
329,-2517
329,-2321
329,-3665
329,-1578
329,-2506
329,-1378
329,-2676
329,-2446
329,-1643
329,-1607
329,-2111
329,-1788
329,-2056
329,-272
329,-2085
329,-899
329,-3176
329,-729
329,-1744
329,-355
329,-1483
329,-842
329,-625
329,-18
329,-516
329,-980
329,-155
329,-602
329,-533
329,-60
329,-1137
329,-620
329,-319
329,-2595
329,-683
329,-987
329,746
329,-1681
329,126
330,-867
330,-169
330,-536
330,-311
330,331
330,99
330,533
330,-225
330,-933
330,-764
330,-1075
330,-1273
330,-2134
330,-2217
330,-2794
330,-2354
330,-914
330,-1725
330,-1427
330,-2018
330,-1325
330,-1891
330,-1818
330,432
330,-414
330,-1027
330,-795
330,-197
330,-242
330,-753
330,-1229
330,-2551
330,42
330,-2014
330,-720
330,-1261
330,-920
330,-537
330,-1223
330,-2132
330,-559
330,-988
330,-1392
330,-1635
330,-17
330,-1245
330,921
330,190
331,-588
331,-101
331,-363
331,-1240
331,326
331,215
331,786
331,287
331,199
331,355
331,-221
331,222
331,-885
331,1940
331,357
331,682
331,873
331,2202
331,1560
331,2835
331,1320
331,3095
331,810
331,749
331,957
331,-205
331,1082
331,203
331,2478
331,1260
331,3166
331,497
331,2541
331,933
331,1792
331,2399
331,2781
331,1599
331,2109
331,1243
331,1236
331,2554
331,2765
331,1995
331,3156
331,3068
331,2548
331,1647
332,2573
332,2179
332,3071
332,2373
332,2298
332,1852
332,2668
332,1048
332,1099
332,2002
332,2562
332,2120
332,1917
332,2653
332,2301
332,1586
332,1233
332,3590
332,2328
332,1647
332,3643
332,3404
332,2691
332,2845
332,2255
332,2435
332,3331
332,3863
332,3007
332,3123
332,2692
332,2970
332,3335
332,3288
332,2545
332,2745
332,3006
332,2180
332,2489
332,2022
332,1837
332,1992
332,3448
332,1930
332,2107
332,3322
332,2455
332,3531
333,4539
333,3625
333,4797
333,2748
333,4346
333,4146
333,3977
333,4273
333,5219
333,3368
333,5253
333,3468
333,3422
333,4788
333,3352
333,3753
333,4333
333,2400
333,4621
333,4267
333,4350
333,4762
333,4525
333,5219
333,4847
333,4070
333,4524
333,5676
333,4233
333,6643
333,4656
333,5484
333,5073
333,4876
333,5597
333,5936
333,4520
333,5449
333,5838
333,6209
333,4710
333,5856
333,6420
333,5687
333,6106
333,7129
333,5638
333,7418
334,7799
334,7192
334,8803
334,7775
334,7622
334,8172
334,7113
334,8505
334,7993
334,7206
334,6290
334,7471
334,6556
334,9312
334,7173
334,7859
334,7713
334,8373
334,8114
334,6855
334,7334
334,7547
334,6527
334,8369
334,8293
334,7800
334,8072
334,7425
334,7774
334,7201
334,8360
334,9265
334,7341
334,8631
334,7646
334,8315
334,9208
334,8021
334,7977
334,9251
334,10059
334,9557
334,8704
334,9781
334,9423
334,9731
334,9111
334,9173
335,9747
335,8379
335,9046
335,8284
335,10053
335,8869
335,10521
335,9926
335,10468
335,9683
335,9487
335,9714
335,9261
335,11100
335,11003
335,10054
335,8762
335,9021
335,8583
335,8603
335,8360
335,8283
335,7837
335,8651
335,8413
335,9202
335,9222
335,8770
335,8381
335,7680
335,7499
335,7901
335,8208
335,8835
335,8105
335,8824
335,7197
335,6848
335,8090
335,6650
335,6972
335,7228
335,7253
335,7705
335,7920
335,9647
335,8792
335,9165
336,8632
336,8713
336,8653
336,9841
336,8759
336,9233
336,9018
336,8873
336,8267
336,8872
336,8019
336,7076
336,8333
336,6261
336,7898
336,6400
336,7869
336,6389
336,6587
336,5905
336,7788
336,6594
336,8006
336,7901
336,7829
336,8783
336,7462
336,9732
336,8513
336,7797
336,8589
336,9293
336,9260
336,9585
336,8884
336,8040
336,8715
336,9409
336,8996
336,8746
336,8491
336,9049
336,9175
336,9083
336,8648
336,9098
336,7447
336,8716
337,8071
337,7800
337,7644
337,7893
337,6601
337,7583
337,9088
337,7484
337,8619
337,7704
337,7034
337,7179
337,7977
337,7880
337,6730
337,7441
337,7506
337,6425
337,8211
337,7897
337,7608
337,8432
337,8559
337,9334
337,9200
337,9667
337,8162
337,7807
337,6877
337,6858
337,7709
337,7267
337,7748
337,7531
337,6933
337,7480
337,7764
337,6709
337,6496
337,7881
337,7048
337,7465
337,8149
337,6790
337,6866
337,6224
337,5345
337,6637
338,6388
338,5555
338,5587
338,5672
338,5632
338,4765
338,5735
338,5753
338,5369
338,5677
338,5652
338,6549
338,6463
338,6858
338,6845
338,6641
338,6247
338,7039
338,5943
338,5800
338,7020
338,6690
338,6932
338,6811
338,7475
338,6524
338,6637
338,8001
338,7774
338,6845
338,7945
338,6993
338,8504
338,8568
338,7500
338,8225
338,9576
338,7382
338,9777
338,8485
338,8974
338,9388
338,8726
338,9432
338,9079
338,8809
338,8607
338,7977
339,9146
339,9575
339,7464
339,8896
339,7912
339,7575
339,8404
339,7894
339,7300
339,8847
339,9890
339,8428
339,8829
339,9313
339,8210
339,9003
339,7724
339,10010
339,8726
339,9160
339,10525
339,8980
339,8549
339,9207
339,8224
339,7548
339,7854
339,7752
339,8175
339,7503
339,8738
339,7663
339,6770
339,7663
339,7631
339,7979
339,6885
339,7031
339,6705
339,6221
339,5261
339,5349
339,7297
339,6011
339,7751
339,6519
339,6359
339,7790
340,7224
340,7948
340,7807
340,7978
340,7229
340,7922
340,7131
340,7544
340,6842
340,6334
340,7044
340,6790
340,7319
340,5989
340,8660
340,5728
340,6518
340,6936
340,6292
340,5967
340,7398
340,7020
340,6975
340,6588
340,6440
340,6922
340,6823
340,6637
340,6717
340,6300
340,6549
340,5652
340,5579
340,5838
340,5985
340,5974
340,6465
340,5600
340,5619
340,7530
340,6749
340,7308
340,6886
340,8791
340,7067
340,7594
340,6289
340,7540
341,8146
341,9026
341,7950
341,6627
341,7883
341,8356
341,7505
341,8931
341,8246
341,8227
341,8263
341,8092
341,9593
341,6698
341,7738
341,7534
RAW_SUMMARY id=5 captured=16384 odd_lsb=8279
