# run: drift5a_B_echo_48k_noalign_1
# firmware: role=drifttest git=throwaway version=sketch board=damp (source: drifttest-sketch/)
# started: 2026-10-09T18:07:58+02:00
RAW_BEGIN id=3 sr=48000 rate=48000 align=0 dmacount=4 dmalen=128 label=B_echo_48k_noalign_1
ms,pcm
0,-11986
0,-14338
0,-16560
0,-12492
0,-16374
0,-14214
0,-15446
0,-15980
0,-17834
0,-16508
0,-16194
0,-15498
0,-16154
0,-14992
0,-14822
0,-16422
0,-16198
0,-15332
0,-14806
0,-14692
0,-15694
0,-16934
0,-17040
0,-14570
0,-17500
0,-15954
0,-17334
0,-16018
0,-16158
0,-16970
0,-15484
0,-16952
0,-13914
0,-15880
0,-16114
0,-16972
0,-17596
0,-16808
0,-16244
0,-15030
0,-15948
0,-15698
0,-15680
0,-16222
0,-14596
0,-15862
0,-16202
0,-17250
1,-19162
1,-16860
1,-15548
1,-16748
1,-16520
1,-16680
1,-16506
1,-16306
1,-15074
1,-16914
1,-17670
1,-17448
1,-13550
1,-17158
1,-17692
1,-14980
1,-14292
1,-19322
1,-12974
1,-18316
1,-16106
1,-17712
1,-16762
1,-15554
1,-15442
1,-15418
1,-15482
1,-16216
1,-16466
1,-16056
1,-17060
1,-16720
1,-16500
1,-15986
1,-13348
1,-15268
1,-15788
1,-15984
1,-14580
1,-15958
1,-16586
1,-15920
1,-14398
1,-14414
1,-13306
1,-17502
1,-14216
1,-13948
2,-14518
2,-15432
2,-14988
2,-15406
2,-15488
2,-14910
2,-12364
2,-14762
2,-15644
2,-16464
2,-14644
2,-16214
2,-16736
2,-15438
2,-16582
2,-15466
2,-17602
2,-13036
2,-15480
2,-14224
2,-14238
2,-14480
2,-15252
2,-15220
2,-15422
2,-13158
2,-14782
2,-15626
2,-13604
2,-14996
2,-14964
2,-13686
2,-13000
2,-13946
2,-15306
2,-16710
2,-14304
2,-13926
2,-13994
2,-14966
2,-13304
2,-13624
2,-14214
2,-14676
2,-14412
2,-12548
2,-15278
2,-16436
3,-16278
3,-13402
3,-14048
3,-15078
3,-14790
3,-13892
3,-14780
3,-14298
3,-14074
3,-14370
3,-13924
3,-14868
3,-15126
3,-13134
3,-14754
3,-12638
3,-16194
3,-13932
3,-14472
3,-15132
3,-13354
3,-15518
3,-15730
3,-16688
3,-13332
3,-14546
3,-16904
3,-13568
3,-15586
3,-12560
3,-13704
3,-13686
3,-14760
3,-13066
3,-14558
3,-15046
3,-14456
3,-14846
3,-13348
3,-12342
3,-14472
3,-12634
3,-12994
3,-16036
3,-15606
3,-12412
3,-14354
3,-17496
4,-14358
4,-14166
4,-14766
4,-17382
4,-14132
4,-14014
4,-14368
4,-15244
4,-15442
4,-13802
4,-16180
4,-14016
4,-16036
4,-14488
4,-12640
4,-14292
4,-15786
4,-13246
4,-14428
4,-10622
4,-10768
4,-13502
4,-11570
4,-14686
4,-12414
4,-11902
4,-13542
4,-14634
4,-13990
4,-12314
4,-13368
4,-11872
4,-14486
4,-13852
4,-14030
4,-15034
4,-13932
4,-13830
4,-14370
4,-12330
4,-13698
4,-13892
4,-12538
4,-11524
4,-13650
4,-11702
4,-15186
4,-12300
5,-13576
5,-13458
5,-14756
5,-13770
5,-14450
5,-13668
5,-14162
5,-13178
5,-14338
5,-12800
5,-13874
5,-13398
5,-13978
5,-14748
5,-14110
5,-12548
5,-12424
5,-11804
5,-12286
5,-11342
5,-11244
5,-13468
5,-8714
5,-8964
5,-12198
5,-10828
5,-13276
5,-9886
5,-12498
5,-11342
5,-12242
5,-9090
5,-10264
5,-10978
5,-9644
5,-11768
5,-10324
5,-9110
5,-6984
5,-10834
5,-7336
5,-8428
5,-9378
5,-8578
5,-8146
5,-8632
5,-8560
5,-8264
6,-10990
6,-8568
6,-9346
6,-9594
6,-11694
6,-8700
6,-8692
6,-7410
6,-7654
6,-8504
6,-5714
6,-7504
6,-9994
6,-8994
6,-5262
6,-6946
6,-7598
6,-9610
6,-8986
6,-10440
6,-8768
6,-6552
6,-7968
6,-10198
6,-6308
6,-6634
6,-8492
6,-6432
6,-5054
6,-7496
6,-9338
6,-8514
6,-9498
6,-5702
6,-6918
6,-8724
6,-7530
6,-6224
6,-8704
6,-9754
6,-6784
6,-6560
6,-9436
6,-8554
6,-7222
6,-9532
6,-7852
6,-5816
7,-10582
7,-7892
7,-9214
7,-9610
7,-8656
7,-8310
7,-9850
7,-8244
7,-10472
7,-8952
7,-10102
7,-6740
7,-7410
7,-11058
7,-7426
7,-8712
7,-9642
7,-7110
7,-8928
7,-8440
7,-7726
7,-8976
7,-9558
7,-7686
7,-7144
7,-8396
7,-8708
7,-5368
7,-7780
7,-6598
7,-7384
7,-5230
7,-8554
7,-7056
7,-7544
7,-9184
7,-7554
7,-8586
7,-9394
7,-6692
7,-8732
7,-7398
7,-8026
7,-6380
7,-6248
7,-6672
7,-5070
7,-5668
8,-8284
8,-7342
8,-8540
8,-10286
8,-8650
8,-9892
8,-9644
8,-8370
8,-9166
8,-9142
8,-10244
8,-8692
8,-8604
8,-8264
8,-7410
8,-8756
8,-8822
8,-10048
8,-7798
8,-6996
8,-6132
8,-8938
8,-8980
8,-5566
8,-7422
8,-8760
8,-8834
8,-7146
8,-6972
8,-8646
8,-7060
8,-6040
8,-9472
8,-7224
8,-7530
8,-8778
8,-8318
8,-6886
8,-8038
8,-7164
8,-7682
8,-6530
8,-8008
8,-8332
8,-6844
8,-7214
8,-7400
8,-6076
9,-6790
9,-7536
9,-6772
9,-7340
9,-6302
9,-6788
9,-6602
9,-6528
9,-5444
9,-6368
9,-6444
9,-7128
9,-7542
9,-6536
9,-7558
9,-9098
9,-5656
9,-6396
9,-7170
9,-5500
9,-4698
9,-3360
9,-4886
9,-7314
9,-5180
9,-4358
9,-3074
9,-1960
9,-5496
9,-3602
9,-4144
9,-3868
9,-7172
9,-3048
9,-4122
9,-5614
9,-7710
9,-6404
9,-8592
9,-6852
9,-5972
9,-5508
9,-4548
9,-4566
9,-5518
9,-3764
9,-3562
9,-3564
10,-2844
10,-1592
10,-2654
10,-3222
10,-2650
10,-3184
10,-2564
10,-6916
10,-4420
10,-4326
10,-4218
10,-4266
10,-4502
10,-4760
10,-2834
10,-1350
10,-2876
10,-5156
10,-3010
10,-3274
10,-1974
10,-2950
10,-3152
10,-2024
10,-1280
10,-1718
10,-630
10,-2678
10,1046
10,-1918
10,-2490
10,-2826
10,-4008
10,-1518
10,-3578
10,-318
10,-2062
10,-1640
10,-1288
10,-2652
10,-2186
10,-3242
10,-2024
10,-2138
10,-2616
10,-340
10,-38
10,574
11,-1536
11,-2106
11,-274
11,-852
11,226
11,-758
11,-872
11,-742
11,-1330
11,-2450
11,878
11,-2400
11,-136
11,1458
11,-2262
11,-704
11,-924
11,1004
11,-528
11,1118
11,-740
11,1278
11,-468
11,1176
11,-46
11,1364
11,-3554
11,198
11,-286
11,-2834
11,-2214
11,1026
11,554
11,2094
11,3012
11,1030
11,1782
11,3808
11,384
11,3506
11,4088
11,214
11,4598
11,2342
11,2792
11,3326
11,3632
11,1196
12,-462
12,2896
12,802
12,1656
12,3792
12,4592
12,1302
12,3360
12,3220
12,3726
12,3952
12,4944
12,3292
12,6906
12,6924
12,6144
12,7066
12,7088
12,6912
12,4238
12,5574
12,5738
12,4464
12,4748
12,5060
12,4054
12,5308
12,2094
12,4386
12,4650
12,5128
12,4330
12,3866
12,5142
12,7694
12,5934
12,7542
12,5672
12,6834
12,7566
12,7810
12,6118
12,6244
12,5556
12,7250
12,4538
12,6056
12,6634
13,5454
13,6816
13,6658
13,7530
13,4836
13,5280
13,8352
13,7544
13,6864
13,5930
13,6218
13,6482
13,5892
13,7626
13,8960
13,5562
13,9150
13,5602
13,7618
13,5612
13,7984
13,8294
13,7850
13,6136
13,6838
13,8274
13,6536
13,7802
13,9386
13,8070
13,10514
13,8718
13,7604
13,9764
13,6200
13,7508
13,8530
13,7110
13,6850
13,4894
13,6448
13,8486
13,7128
13,7470
13,6584
13,6444
13,6808
13,6538
14,7476
14,10858
14,7264
14,9186
14,7100
14,8338
14,7766
14,8810
14,6788
14,5530
14,7026
14,5324
14,4720
14,6434
14,5224
14,3800
14,5026
14,3638
14,5916
14,5294
14,4648
14,3806
14,3872
14,6652
14,4426
14,5260
14,5412
14,3480
14,5970
14,5258
14,4096
14,5062
14,2956
14,6984
14,2262
14,1398
14,4216
14,2564
14,4468
14,4390
14,3862
14,2978
14,5236
14,3350
14,4922
14,2738
14,5668
14,3930
15,3464
15,4506
15,2072
15,3898
15,6406
15,5616
15,6048
15,5326
15,5452
15,4340
15,7582
15,5944
15,3696
15,4156
15,4676
15,2540
15,6992
15,2746
15,6474
15,1980
15,5350
15,3852
15,4766
15,6716
15,4008
15,1356
15,4326
15,1990
15,4814
15,2344
15,2450
15,4594
15,3684
15,3560
15,3192
15,4350
15,4192
15,3684
15,2520
15,6364
15,3804
15,4212
15,3482
15,2944
15,4784
15,3006
15,3282
15,5758
16,4898
16,3064
16,3744
16,1866
16,1030
16,4306
16,4268
16,2676
16,2400
16,3362
16,3720
16,4250
16,3428
16,4032
16,1460
16,6254
16,4788
16,2664
16,2854
16,866
16,642
16,2472
16,2416
16,4086
16,2254
16,3626
16,2738
16,3764
16,3548
16,2684
16,3858
16,4422
16,2392
16,2248
16,1756
16,3838
16,2844
16,5354
16,1614
16,3648
16,2746
16,1252
16,4346
16,3226
16,1714
16,3436
16,4024
16,2910
17,3066
17,2932
17,1698
17,1546
17,4240
17,2164
17,3738
17,5100
17,3268
17,2866
17,4686
17,2592
17,3986
17,1566
17,4468
17,3200
17,3780
17,2336
17,5074
17,1084
17,1736
17,1906
17,3678
17,1300
17,2458
17,4576
17,4154
17,2746
17,2294
17,2436
17,2736
17,1010
17,76
17,928
17,1382
17,2490
17,1382
17,5156
17,2272
17,1944
17,136
17,1280
17,3592
17,2964
17,1086
17,2356
17,842
17,2420
18,374
18,4352
18,3602
18,1766
18,1598
18,3454
18,5224
18,2392
18,2876
18,2952
18,2906
18,762
18,5668
18,2368
18,3424
18,2174
18,4064
18,3690
18,4342
18,3490
18,4264
18,5028
18,5370
18,2754
18,5852
18,2730
18,2388
18,2962
18,5812
18,2896
18,2074
18,3880
18,4022
18,4924
18,3722
18,2216
18,3820
18,3262
18,3052
18,3170
18,1910
18,2238
18,2518
18,2202
18,1920
18,2698
18,3348
18,1744
19,3490
19,4280
19,2374
19,3086
19,3646
19,6418
19,5194
19,5288
19,5420
19,4216
19,4692
19,3734
19,2722
19,2906
19,2938
19,3280
19,2664
19,4846
19,2814
19,5322
19,3798
19,2838
19,5252
19,6302
19,4902
19,5752
19,5036
19,4688
19,4826
19,4638
19,3302
19,2508
19,4216
19,5866
19,4992
19,4990
19,4380
19,5020
19,2468
19,4000
19,6074
19,3614
19,4360
19,6230
19,3392
19,5392
19,3810
19,4192
20,1876
20,2582
20,658
20,1656
20,2364
20,2778
20,3212
20,2556
20,4772
20,3972
20,4140
20,2586
20,3286
20,3900
20,3722
20,3218
20,3726
20,4502
20,3936
20,4758
20,4884
20,2982
20,3974
20,4658
20,2962
20,5110
20,3340
20,5022
20,3070
20,4116
20,4678
20,4694
20,5342
20,3382
20,6566
20,5098
20,5134
20,4382
20,4660
20,2298
20,3010
20,4280
20,5476
20,4274
20,5108
20,3856
20,4816
20,5376
21,4566
21,3188
21,4952
21,3658
21,3840
21,4754
21,1756
21,4600
21,1930
21,5394
21,5624
21,4494
21,3592
21,5282
21,5784
21,3582
21,4850
21,7810
21,4358
21,7158
21,5718
21,6346
21,4606
21,4506
21,5256
21,2344
21,5570
21,7134
21,3534
21,5118
21,4594
21,4856
21,4850
21,4812
21,5486
21,7292
21,4178
21,5760
21,7086
21,6732
21,5266
21,5882
21,5782
21,8142
21,5832
21,6734
21,5292
21,1940
22,2976
22,5558
22,5228
22,3974
22,3566
22,3424
22,4008
22,5882
22,3594
22,5486
22,5182
22,4344
22,6168
22,3438
22,5206
22,5816
22,5662
22,4948
22,5908
22,3968
22,5114
22,4636
22,5160
22,6534
22,2938
22,4982
22,3444
22,5004
22,4400
22,2892
22,4420
22,5116
22,6680
22,2186
22,3712
22,4612
22,4932
22,3858
22,4194
22,2904
22,4316
22,3602
22,6164
22,4146
22,4712
22,4544
22,3930
22,5502
23,5120
23,3650
23,3518
23,4240
23,2880
23,4764
23,5242
23,4896
23,4674
23,5058
23,4484
23,6696
23,4554
23,5094
23,7738
23,4994
23,5850
23,7282
23,6280
23,5472
23,6544
23,5094
23,8684
23,5702
23,7166
23,6964
23,6904
23,7096
23,3972
23,8214
23,6650
23,5790
23,7562
23,4844
23,4488
23,5470
23,7062
23,6952
23,5834
23,6596
23,7148
23,5344
23,8480
23,6402
23,6312
23,7262
23,6490
23,8190
24,7180
24,6262
24,6286
24,6420
24,5126
24,5502
24,4768
24,6522
24,6264
24,8268
24,6466
24,5180
24,6762
24,6420
24,5832
24,5012
24,4148
24,4738
24,5760
24,4182
24,5396
24,6002
24,7990
24,6486
24,5134
24,7436
24,5680
24,6872
24,5758
24,6134
24,6516
24,5354
24,5612
24,3358
24,3896
24,4808
24,4442
24,6348
24,6248
24,4732
24,5308
24,4684
24,3136
24,4570
24,5620
24,6052
24,4848
24,3590
25,4406
25,2802
25,6494
25,6706
25,5614
25,7342
25,7486
25,4200
25,4288
25,6330
25,5380
25,5334
25,5166
25,2634
25,6330
25,4562
25,3314
25,6270
25,6494
25,4386
25,5866
25,6308
25,5842
25,2730
25,6786
25,5808
25,2962
25,3434
25,2028
25,5560
25,6882
25,4512
25,4322
25,6672
25,4562
25,6326
25,4398
25,4670
25,4608
25,778
25,4928
25,4086
25,5746
25,3454
25,5286
25,5178
25,4752
25,6670
26,4408
26,2896
26,4238
26,6032
26,4612
26,4706
26,3296
26,7356
26,5794
26,5500
26,6146
26,4922
26,6054
26,6324
26,4788
26,4746
26,5350
26,5450
26,6558
26,5420
26,7042
26,4896
26,6378
26,9250
26,6152
26,7324
26,7366
26,8494
26,6792
26,5322
26,4810
26,6170
26,5868
26,3818
26,8090
26,5722
26,6592
26,6886
26,7182
26,5888
26,4548
26,4430
26,4946
26,3652
26,5600
26,5844
26,6782
26,5200
27,5092
27,6662
27,5680
27,6554
27,4964
27,5556
27,5170
27,4404
27,7598
27,3556
27,7876
27,6008
27,7328
27,7710
27,5784
27,9498
27,5382
27,7878
27,4486
27,5800
27,7108
27,4832
27,6846
27,6020
27,7656
27,8210
27,5232
27,5582
27,4492
27,5966
27,6426
27,7314
27,5748
27,6894
27,4560
27,5062
27,5776
27,5852
27,3082
27,4894
27,5356
27,4744
27,9648
27,4748
27,6336
27,5624
27,5758
27,6202
28,3262
28,4716
28,4998
28,7760
28,8234
28,6388
28,8482
28,6116
28,5972
28,6926
28,6090
28,6372
28,5314
28,7760
28,4874
28,6974
28,8816
28,8724
28,7626
28,6286
28,7844
28,7634
28,6614
28,7458
28,9184
28,6338
28,6484
28,3776
28,4984
28,3406
28,7762
28,6436
28,8160
28,7006
28,7652
28,6242
28,6668
28,8038
28,9458
28,9000
28,8804
28,6998
28,7112
28,6742
28,8362
28,8246
28,8480
28,7742
29,7560
29,7658
29,8782
29,10164
29,8474
29,9680
29,8562
29,9856
29,10002
29,7790
29,9642
29,8218
29,8604
29,9076
29,10262
29,7922
29,10770
29,8560
29,9308
29,10554
29,9956
29,9558
29,11338
29,11960
29,11958
29,10996
29,11084
29,12784
29,13284
29,11810
29,10940
29,13092
29,8670
29,11548
29,11864
29,10476
29,13604
29,11740
29,12820
29,12460
29,10682
29,12604
29,11816
29,12548
29,11256
29,11410
29,10888
29,12140
30,11018
30,11660
30,12164
30,12532
30,12096
30,10576
30,12898
30,11522
30,9384
30,12260
30,10672
30,12642
30,11832
30,12618
30,11172
30,10250
30,10438
30,10890
30,10844
30,12948
30,12172
30,9486
30,9884
30,11306
30,11500
30,12332
30,13582
30,11650
30,10352
30,11844
30,10198
30,11822
30,9756
30,10170
30,11016
30,11358
30,11978
30,11620
30,11746
30,11000
30,9448
30,11512
30,10164
30,11978
30,9436
30,12400
30,10814
30,10042
31,12330
31,12778
31,13296
31,12466
31,9852
31,12220
31,14744
31,11328
31,10304
31,11498
31,13046
31,10164
31,12830
31,12644
31,12872
31,12298
31,12336
31,12636
31,11886
31,10842
31,12440
31,10632
31,13530
31,11704
31,9802
31,10516
31,12060
31,11268
31,13700
31,11250
31,10184
31,10938
31,9946
31,9664
31,11406
31,10436
31,10642
31,10794
31,10076
31,11534
31,11156
31,11522
31,9440
31,13236
31,12088
31,10126
31,14122
31,12038
32,12880
32,13770
32,13854
32,12066
32,13004
32,12440
32,12436
32,12332
32,11986
32,11420
32,13440
32,13908
32,13644
32,14992
32,14392
32,13916
32,12714
32,12306
32,13312
32,12244
32,14764
32,13952
32,13956
32,10950
32,14052
32,12700
32,14356
32,15470
32,11646
32,12616
32,14702
32,12726
32,15168
32,16938
32,11894
32,16180
32,12614
32,14708
32,14324
32,16280
32,15724
32,13812
32,16656
32,16360
32,18122
32,16054
32,12998
32,14654
33,12228
33,14878
33,15776
33,13226
33,16268
33,14364
33,14272
33,17710
33,15668
33,12778
33,15256
33,15478
33,14466
33,14488
33,14428
33,14710
33,16432
33,15870
33,13960
33,14506
33,16546
33,16018
33,14498
33,17584
33,15228
33,16868
33,18336
33,16520
33,15218
33,17942
33,15360
33,14842
33,16244
33,17606
33,15568
33,12088
33,17478
33,15678
33,15866
33,16470
33,17076
33,16208
33,15210
33,16708
33,18814
33,18580
33,17692
33,16860
34,16832
34,17498
34,16196
34,17238
34,16286
34,15034
34,14334
34,15682
34,15818
34,17068
34,14820
34,15206
34,14306
34,15274
34,15454
34,15494
34,14426
34,16028
34,17490
34,14922
34,17880
34,15556
34,18014
34,16956
34,15946
34,16056
34,13542
34,16158
34,13642
34,16228
34,15908
34,13922
34,16398
34,14950
34,16734
34,13776
34,14924
34,16112
34,13850
34,15162
34,15904
34,15862
34,16144
34,13690
34,17038
34,14646
34,14174
34,13872
35,16392
35,14532
35,18074
35,16054
35,16908
35,14796
35,14822
35,15578
35,14326
35,15944
35,15146
35,15744
35,12644
35,15620
35,14406
35,12650
35,14038
35,11780
35,16344
35,16588
35,14314
35,16610
35,14202
35,15164
35,13946
35,14684
35,14542
35,14458
35,13090
35,13810
35,14224
35,14720
35,16410
35,14888
35,14836
35,13754
35,16420
35,16208
35,13854
35,15186
35,14434
35,14446
35,13306
35,16310
35,15626
35,15830
35,14946
35,16722
36,15474
36,17648
36,13336
36,16460
36,15386
36,16820
36,17052
36,14294
36,16786
36,15500
36,13438
36,16824
36,16066
36,18052
36,18508
36,16100
36,16962
36,17042
36,16032
36,16582
36,14232
36,15298
36,16402
36,15376
36,16220
36,15728
36,15754
36,15822
36,13946
36,15016
36,14542
36,13656
36,16070
36,14612
36,16934
36,14092
36,16132
36,18686
36,15720
36,15354
36,15374
36,17222
36,15318
36,18414
36,15672
36,16144
36,15672
36,17090
37,16054
37,17758
37,17348
37,17520
37,17528
37,16212
37,17196
37,17234
37,16476
37,15840
37,18032
37,16176
37,16990
37,16508
37,18660
37,16268
37,19052
37,20220
37,16934
37,16492
37,17304
37,16986
37,16356
37,16534
37,16058
37,17772
37,19984
37,18106
37,19054
37,20360
37,20292
37,15950
37,16548
37,16506
37,18630
37,15564
37,17392
37,17446
37,18318
37,19634
37,21162
37,18794
37,18438
37,19606
37,18986
37,21514
37,18548
37,18994
38,18922
38,19928
38,19814
38,19288
38,18960
38,19398
38,20644
38,17956
38,17608
38,19238
38,20232
38,19028
38,18184
38,18894
38,17842
38,19074
38,20802
38,20094
38,20704
38,19682
38,20024
38,19890
38,21154
38,21812
38,19736
38,20864
38,19372
38,18704
38,19096
38,18336
38,18122
38,18822
38,20088
38,19656
38,18026
38,17790
38,20154
38,17836
38,19698
38,18270
38,19504
38,19800
38,18890
38,19784
38,19660
38,21480
38,17504
38,21316
39,18128
39,20816
39,19602
39,18632
39,21854
39,19132
39,22260
39,22816
39,21296
39,19698
39,22540
39,19922
39,19692
39,22634
39,19388
39,20340
39,21508
39,21758
39,22434
39,18896
39,19240
39,18760
39,21192
39,21060
39,19420
39,18586
39,18672
39,21826
39,21100
39,20286
39,21842
39,22302
39,20690
39,21876
39,18916
39,19380
39,20548
39,18340
39,21966
39,19038
39,21398
39,21212
39,23034
39,23148
39,23892
39,21242
39,23680
39,20406
40,21314
40,19988
40,21630
40,19818
40,18718
40,22736
40,20292
40,22138
40,21236
40,22388
40,24016
40,21306
40,22216
40,21954
40,21752
40,21258
40,22374
40,19124
40,22726
40,21094
40,20642
40,23422
40,20874
40,20920
40,20290
40,21144
40,19916
40,20584
40,18478
40,21668
40,17906
40,18528
40,19990
40,21066
40,20088
40,20466
40,19256
40,20236
40,19264
40,18874
40,19420
40,19294
40,20824
40,19730
40,18652
40,18166
40,19208
40,17222
41,19464
41,16882
41,20918
41,17558
41,18602
41,19730
41,18676
41,18662
41,19450
41,19124
41,18852
41,18978
41,19586
41,19992
41,19650
41,19160
41,19012
41,19506
41,19412
41,20738
41,20398
41,19948
41,17484
41,19586
41,21158
41,18772
41,18182
41,18114
41,18346
41,19814
41,17844
41,17508
41,17092
41,19082
41,19066
41,17920
41,20038
41,18776
41,20020
41,18362
41,17024
41,18438
41,19312
41,19622
41,16680
41,21768
41,17570
41,20680
42,19552
42,20846
42,18912
42,19216
42,20438
42,18494
42,19858
42,19000
42,20246
42,18606
42,21362
42,19828
42,19666
42,20040
42,17666
42,19544
42,18386
42,18542
42,18826
42,19184
42,19786
42,19832
42,20144
42,17954
42,21604
42,21986
42,20734
42,20342
42,20614
42,20372
42,17774
42,22440
42,20216
42,20932
42,19034
42,18280
42,22376
42,17924
42,18744
42,19834
42,20302
42,22236
42,20144
42,18676
42,19150
42,20648
42,19356
42,18246
43,20762
43,20122
43,17772
43,21066
43,18842
43,18968
43,18346
43,18768
43,17296
43,16660
43,18810
43,18092
43,17444
43,16038
43,17234
43,17348
43,16992
43,15852
43,16866
43,16628
43,16988
43,15794
43,17304
43,14908
43,16018
43,14590
43,16410
43,17146
43,16910
43,17838
43,17096
43,16748
43,16896
43,16616
43,16118
43,15274
43,13374
43,15612
43,14958
43,14074
43,14474
43,15916
43,16200
43,13084
43,15532
43,12812
43,15110
43,12260
44,13706
44,15022
44,14974
44,17646
44,15430
44,15776
44,15772
44,13072
44,13780
44,13598
44,14026
44,15238
44,14602
44,14302
44,12672
44,12460
44,13028
44,12834
44,13326
44,11488
44,14498
44,13824
44,15038
44,11722
44,13134
44,11368
44,13284
44,11656
44,14100
44,11910
44,13408
44,14086
44,12774
44,11400
44,13860
44,11820
44,10396
44,11514
44,11918
44,12072
44,10090
44,11766
44,14590
44,13080
44,12784
44,13366
44,11048
44,12310
45,10702
45,10426
45,10182
45,9732
45,10954
45,11320
45,9380
45,10364
45,9358
45,10946
45,11242
45,9388
45,12834
45,8904
45,9456
45,11990
45,10796
45,9482
45,12192
45,8024
45,10882
45,6912
45,9756
45,10000
45,9420
45,8522
45,8374
45,11070
45,10432
45,10968
45,9144
45,10476
45,9164
45,6808
45,7716
45,9234
45,8356
45,7350
45,6470
45,7898
45,9160
45,7320
45,9878
45,10758
45,10292
45,9496
45,10408
45,9962
46,6460
46,7640
46,8498
46,8902
46,8668
46,6296
46,10092
46,6704
46,9714
46,7918
46,7482
46,9074
46,8116
46,8874
46,8458
46,7782
46,6920
46,6938
46,6988
46,5278
46,8052
46,3732
46,6358
46,5830
46,3608
46,6570
46,3154
46,6670
46,3808
46,5762
46,5162
46,6942
46,5176
46,4610
46,6168
46,7322
46,6030
46,4630
46,5018
46,2734
46,3992
46,4382
46,3730
46,3810
46,5726
46,2008
46,4486
46,2826
47,2868
47,1006
47,1920
47,2658
47,1870
47,2534
47,2902
47,1548
47,1976
47,4820
47,3904
47,976
47,4502
47,3172
47,596
47,2018
47,1876
47,2234
47,2922
47,8
47,-332
47,3098
47,2066
47,1032
47,2296
47,654
47,644
47,-72
47,554
47,-112
47,744
47,2692
47,2688
47,1200
47,1924
47,616
47,1694
47,218
47,214
47,202
47,-1450
47,836
47,-1328
47,2632
47,572
47,164
47,1684
47,-12
48,-868
48,-2058
48,-226
48,-2022
48,256
48,-338
48,-1338
48,-582
48,-1014
48,-3040
48,-1408
48,-2368
48,-3026
48,-2696
48,-2136
48,-2902
48,-2394
48,-600
48,-1914
48,-1780
48,-3214
48,-752
48,-2682
48,-182
48,-4118
48,-2142
48,-2596
48,-4180
48,-1102
48,-2926
48,-4626
48,-14
48,-4218
48,-458
48,-1778
48,-358
48,-360
48,-2262
48,490
48,-1796
48,-1000
48,8
48,-2126
48,-1958
48,-3622
48,-3408
48,-2610
48,-2396
49,-2004
49,-1084
49,-4672
49,-3728
49,-3584
49,-3978
49,-4132
49,-3462
49,-4754
49,-3234
49,-3594
49,-2066
49,-2552
49,-5090
49,-2920
49,-2980
49,-2844
49,-1638
49,-3544
49,-3782
49,-1594
49,-3732
49,-4726
49,-2834
49,-3446
49,-3798
49,-2880
49,-3798
49,-3952
49,-5038
49,-3308
49,-4966
49,-2508
49,-3808
49,-2748
49,-4214
49,-6162
49,-4184
49,-4074
49,-2916
49,-2338
49,-4788
49,-3098
49,-4870
49,-3160
49,-3978
49,-3700
49,-4816
50,-2212
50,-4368
50,-2920
50,-4140
50,-1446
50,-5238
50,-2154
50,-4116
50,-5222
50,-6082
50,-5480
50,-5142
50,-6738
50,-3948
50,-5126
50,-4172
50,-5598
50,-4716
50,-5586
50,-3190
50,-4858
50,-4916
50,-4404
50,-4446
50,-4898
50,-4806
50,-4966
50,-6720
50,-6206
50,-5326
50,-5820
50,-4156
50,-5764
50,-4314
50,-6968
50,-7900
50,-6680
50,-6758
50,-4816
50,-7502
50,-6502
50,-6008
50,-4998
50,-9390
50,-4720
50,-7062
50,-8666
50,-7932
51,-7938
51,-7086
51,-8328
51,-8288
51,-9482
51,-7844
51,-8478
51,-9506
51,-10322
51,-9326
51,-9978
51,-10236
51,-9140
51,-10236
51,-10028
51,-9784
51,-9696
51,-9282
51,-9694
51,-9778
51,-10254
51,-10538
51,-9602
51,-9450
51,-8516
51,-8544
51,-9800
51,-9940
51,-8674
51,-10614
51,-8720
51,-10636
51,-8634
51,-9616
51,-10702
51,-7624
51,-8214
51,-10232
51,-7314
51,-9638
51,-9308
51,-8366
51,-7750
51,-9700
51,-8050
51,-7610
51,-9330
51,-8624
52,-8508
52,-8052
52,-10590
52,-7920
52,-9150
52,-9194
52,-7342
52,-11916
52,-10156
52,-9582
52,-11010
52,-8626
52,-11258
52,-8772
52,-9098
52,-10716
52,-7926
52,-9498
52,-8524
52,-11062
52,-7454
52,-10376
52,-7876
52,-8802
52,-8906
52,-10994
52,-8406
52,-7010
52,-5968
52,-5624
52,-7550
52,-7836
52,-9922
52,-9722
52,-8996
52,-9526
52,-9502
52,-9380
52,-11430
52,-10808
52,-9994
52,-11074
52,-8550
52,-11252
52,-8528
52,-11078
52,-10160
52,-8766
53,-10788
53,-11290
53,-12844
53,-11314
53,-9736
53,-9702
53,-11776
53,-10486
53,-11016
53,-10132
53,-12264
53,-11636
53,-11904
53,-10606
53,-11462
53,-11448
53,-11856
53,-9962
53,-10806
53,-10278
53,-11418
53,-13008
53,-12096
53,-10930
53,-11430
53,-11046
53,-13368
53,-12750
53,-12446
53,-13996
53,-12146
53,-15016
53,-12910
53,-12122
53,-14100
53,-13574
53,-14286
53,-14184
53,-11790
53,-13392
53,-12294
53,-15110
53,-11302
53,-13382
53,-10516
53,-13752
53,-15820
53,-16068
54,-12630
54,-15030
54,-13728
54,-15858
54,-13258
54,-15310
54,-13724
54,-13868
54,-13940
54,-13742
54,-14350
54,-15066
54,-15334
54,-16144
54,-16738
54,-13370
54,-15576
54,-17538
54,-16840
54,-16662
54,-16100
54,-16916
54,-15750
54,-17986
54,-17840
54,-17356
54,-18334
54,-18240
54,-17658
54,-17344
54,-17726
54,-15782
54,-18104
54,-15954
54,-16800
54,-18766
54,-16790
54,-17756
54,-16892
54,-16284
54,-17376
54,-18184
54,-16460
54,-16098
54,-16890
54,-15230
54,-15312
54,-16132
55,-17712
55,-19966
55,-16210
55,-16690
55,-17120
55,-15648
55,-15994
55,-14964
55,-18314
55,-17624
55,-15304
55,-17472
55,-17256
55,-17328
55,-16152
55,-14552
55,-13296
55,-15310
55,-15708
55,-16032
55,-16216
55,-16154
55,-15626
55,-14554
55,-14328
55,-16198
55,-15432
55,-15836
55,-16036
55,-16714
55,-16798
55,-15758
55,-17574
55,-16308
55,-14642
55,-14466
55,-16072
55,-15732
55,-15168
55,-14756
55,-12688
55,-14248
55,-13454
55,-15146
55,-14014
55,-14846
55,-15792
55,-12648
56,-14660
56,-16548
56,-15308
56,-12966
56,-15378
56,-14552
56,-14786
56,-14710
56,-13750
56,-14354
56,-15572
56,-14422
56,-14722
56,-14194
56,-15176
56,-14228
56,-14814
56,-13592
56,-12646
56,-14810
56,-14306
56,-12890
56,-15930
56,-13958
56,-17172
56,-15104
56,-14490
56,-12926
56,-15854
56,-16180
56,-15178
56,-15212
56,-15260
56,-15504
56,-16562
56,-15316
56,-12648
56,-15628
56,-16236
56,-14194
56,-15164
56,-13982
56,-16058
56,-12996
56,-15094
56,-15128
56,-16208
56,-16294
57,-15846
57,-16344
57,-16718
57,-15716
57,-11854
57,-13126
57,-13578
57,-13450
57,-14604
57,-14382
57,-15552
57,-14216
57,-15068
57,-13300
57,-14928
57,-16492
57,-14408
57,-15358
57,-14964
57,-15644
57,-15696
57,-16208
57,-13208
57,-14614
57,-17480
57,-16048
57,-15560
57,-17646
57,-15734
57,-17378
57,-13472
57,-14238
57,-15678
57,-16696
57,-17002
57,-17080
57,-16796
57,-17066
57,-14160
57,-16070
57,-14908
57,-16334
57,-14818
57,-14844
57,-16682
57,-15826
57,-17554
57,-16546
58,-17042
58,-16028
58,-15194
58,-15728
58,-17146
58,-16910
58,-17070
58,-15212
58,-17132
58,-15284
58,-16086
58,-16368
58,-17310
58,-15682
58,-14570
58,-18192
58,-15524
58,-15510
58,-14828
58,-18174
58,-15922
58,-13246
58,-17948
58,-17076
58,-17100
58,-15492
58,-15278
58,-15934
58,-17210
58,-17096
58,-15202
58,-15458
58,-14332
58,-13724
58,-14634
58,-15612
58,-12840
58,-13474
58,-12716
58,-14102
58,-13470
58,-15026
58,-15820
58,-14488
58,-15526
58,-14114
58,-15828
58,-13844
59,-16006
59,-14090
59,-14502
59,-13620
59,-14642
59,-15550
59,-13504
59,-16176
59,-13660
59,-16546
59,-14258
59,-15674
59,-15268
59,-15714
59,-15354
59,-12516
59,-18024
59,-15800
59,-15450
59,-13296
59,-15530
59,-13444
59,-14070
59,-14214
59,-14384
59,-15308
59,-14210
59,-13210
59,-15258
59,-15280
59,-14132
59,-12600
59,-15550
59,-15452
59,-11954
59,-12864
59,-16100
59,-14632
59,-14682
59,-14046
59,-15102
59,-12602
59,-11642
59,-14086
59,-12346
59,-12794
59,-13004
59,-12888
60,-14012
60,-14114
60,-10952
60,-16854
60,-14046
60,-15028
60,-13706
60,-15042
60,-14658
60,-14554
60,-15488
60,-13672
60,-14546
60,-15154
60,-15582
60,-13660
60,-16740
60,-15516
60,-16196
60,-13324
60,-15380
60,-17104
60,-16472
60,-13988
60,-14002
60,-13546
60,-15602
60,-14208
60,-15428
60,-14450
60,-14506
60,-14980
60,-13808
60,-15350
60,-11616
60,-14334
60,-13488
60,-12644
60,-12942
60,-12018
60,-12832
60,-15366
60,-16300
60,-15888
60,-13764
60,-12792
60,-13628
60,-13832
61,-14674
61,-15626
61,-15272
61,-13136
61,-14404
61,-12906
61,-12158
61,-13112
61,-12802
61,-14258
61,-13598
61,-13676
61,-15104
61,-14002
61,-13662
61,-14520
61,-13108
61,-12284
61,-14060
61,-15372
61,-11910
61,-12772
61,-14998
61,-14000
61,-14752
61,-15440
61,-14060
61,-13370
61,-13048
61,-16414
61,-14960
61,-15312
61,-15808
61,-15768
61,-16552
61,-15336
61,-15304
61,-11980
61,-16600
61,-14722
61,-15252
61,-14840
61,-15518
61,-13938
61,-14484
61,-16246
61,-16014
61,-14900
62,-15774
62,-15274
62,-13098
62,-13466
62,-15016
62,-16986
62,-15598
62,-14146
62,-14540
62,-15234
62,-14396
62,-12606
62,-13452
62,-14128
62,-13322
62,-12170
62,-14738
62,-13700
62,-14494
62,-14618
62,-15958
62,-15970
62,-15226
62,-15622
62,-16458
62,-16162
62,-16416
62,-15146
62,-14436
62,-14584
62,-15078
62,-15854
62,-15120
62,-14740
62,-15664
62,-15754
62,-14792
62,-14790
62,-17030
62,-16470
62,-15700
62,-16768
62,-14696
62,-16868
62,-15416
62,-15518
62,-15580
62,-14916
63,-15274
63,-14550
63,-18416
63,-14662
63,-14416
63,-15784
63,-13960
63,-16072
63,-14630
63,-16726
63,-16774
63,-15902
63,-15022
63,-16010
63,-17034
63,-16924
63,-15522
63,-15882
63,-16936
63,-16678
63,-13624
63,-17608
63,-15610
63,-15966
63,-16292
63,-14016
63,-15774
63,-14424
63,-16512
63,-18006
63,-17442
63,-17578
63,-16956
63,-17184
63,-17260
63,-18524
63,-18946
63,-15566
63,-14784
63,-18724
63,-17284
63,-19040
63,-19494
63,-17668
63,-17536
63,-19136
63,-19230
63,-18254
64,-18456
64,-17312
64,-18960
64,-20612
64,-18166
64,-19860
64,-19748
64,-20406
64,-17874
64,-20852
64,-22242
64,-19672
64,-19474
64,-21032
64,-19324
64,-21752
64,-21606
64,-21218
64,-22598
64,-20848
64,-22214
64,-21212
64,-21896
64,-21866
64,-21076
64,-21730
64,-24276
64,-20262
64,-22736
64,-22016
64,-23724
64,-23666
64,-25638
64,-24372
64,-22448
64,-22506
64,-24594
64,-25096
64,-23436
64,-24978
64,-26412
64,-26538
64,-22632
64,-25366
64,-26010
64,-24750
64,-25512
64,-24556
65,-26108
65,-26464
65,-25846
65,-24344
65,-24222
65,-26038
65,-27494
65,-28226
65,-27642
65,-25510
65,-28144
65,-26354
65,-28256
65,-26732
65,-27442
65,-28026
65,-27338
65,-27868
65,-29336
65,-27290
65,-28804
65,-30684
65,-30846
65,-28672
65,-29746
65,-30480
65,-27348
65,-30252
65,-27704
65,-29784
65,-29884
65,-29562
65,-29120
65,-28666
65,-28696
65,-29822
65,-29982
65,-32092
65,-30106
65,-30376
65,-31376
65,-30908
65,-29736
65,-30576
65,-31518
65,-31024
65,-32980
65,-31000
66,-29982
66,-29432
66,-29930
66,-31560
66,-30996
66,-29212
66,-31486
66,-33054
66,-31336
66,-29052
66,-33880
66,-32620
66,-33482
66,-31382
66,-32146
66,-31474
66,-31768
66,-32206
66,-33388
66,-31906
66,-31756
66,-33316
66,-33226
66,-32588
66,-32730
66,-31778
66,-34032
66,-34954
66,-33976
66,-34528
66,-33680
66,-33382
66,-34244
66,-34140
66,-34316
66,-30350
66,-32974
66,-34014
66,-34168
66,-32216
66,-34580
66,-35758
66,-34704
66,-33680
66,-35742
66,-32378
66,-32526
66,-35730
67,-34372
67,-36016
67,-34506
67,-35442
67,-34016
67,-35930
67,-32668
67,-33582
67,-32864
67,-33822
67,-33984
67,-34838
67,-34478
67,-35048
67,-34664
67,-34370
67,-35142
67,-36542
67,-35380
67,-37208
67,-35088
67,-35074
67,-33278
67,-35796
67,-35274
67,-36054
67,-36094
67,-34864
67,-35086
67,-36270
67,-36936
67,-34810
67,-35576
67,-34766
67,-38178
67,-35620
67,-37996
67,-37084
67,-36310
67,-37410
67,-37784
67,-40204
67,-38456
67,-39038
67,-37160
67,-36214
67,-38728
67,-38402
68,-38110
68,-40346
68,-39024
68,-40760
68,-40476
68,-39976
68,-39754
68,-39620
68,-40630
68,-38134
68,-38434
68,-39636
68,-39374
68,-40406
68,-41146
68,-38168
68,-40334
68,-41248
68,-40734
68,-42258
68,-41084
68,-42054
68,-41418
68,-40730
68,-42586
68,-41914
68,-41936
68,-41216
68,-40680
68,-42630
68,-42934
68,-42750
68,-40708
68,-39246
68,-41350
68,-40188
68,-42378
68,-41570
68,-40922
68,-40716
68,-43464
68,-41160
68,-42284
68,-41446
68,-41308
68,-43806
68,-41614
68,-41842
69,-41506
69,-43146
69,-42446
69,-41954
69,-43446
69,-40522
69,-42070
69,-42448
69,-41610
69,-43008
69,-41316
69,-42822
69,-43870
69,-46376
69,-45410
69,-41422
69,-44548
69,-44246
69,-44076
69,-45096
69,-45170
69,-43670
69,-43850
69,-46310
69,-41808
69,-45322
69,-42606
69,-44632
69,-45026
69,-44230
69,-45186
69,-45070
69,-45466
69,-43622
69,-44388
69,-44366
69,-44696
69,-43280
69,-43976
69,-44164
69,-44038
69,-43360
69,-44274
69,-40856
69,-43026
69,-44104
69,-45608
69,-41752
70,-43118
70,-43652
70,-45520
70,-42414
70,-42866
70,-44080
70,-42644
70,-45596
70,-43104
70,-46142
70,-44632
70,-42760
70,-46458
70,-42972
70,-44822
70,-44100
70,-43818
70,-45344
70,-45722
70,-47228
70,-44726
70,-46098
70,-47428
70,-46302
70,-47616
70,-45986
70,-47462
70,-46338
70,-46608
70,-45822
70,-46352
70,-45350
70,-44878
70,-45410
70,-44794
70,-46238
70,-46736
70,-45194
70,-46260
70,-46434
70,-44786
70,-49884
70,-46794
70,-47098
70,-47484
70,-47720
70,-48032
70,-48174
71,-48846
71,-47640
71,-49480
71,-48364
71,-50264
71,-48822
71,-47742
71,-50476
71,-47846
71,-48274
71,-49096
71,-48898
71,-49770
71,-46462
71,-48744
71,-48802
71,-50626
71,-47858
71,-49900
71,-47530
71,-46558
71,-49200
71,-49318
71,-49008
71,-46576
71,-49074
71,-49646
71,-46700
71,-50592
71,-48066
71,-49328
71,-51710
71,-48556
71,-49288
71,-49710
71,-49874
71,-49432
71,-47634
71,-49798
71,-50576
71,-48360
71,-47250
71,-50026
71,-51028
71,-49204
71,-48552
71,-47976
71,-49068
72,-49884
72,-48604
72,-48532
72,-51768
72,-49512
72,-47672
72,-48180
72,-48772
72,-49016
72,-50788
72,-50222
72,-49402
72,-47622
72,-48524
72,-49626
72,-50020
72,-48942
72,-51056
72,-51300
72,-49476
72,-51418
72,-48796
72,-50060
72,-49164
72,-50300
72,-47810
72,-50888
72,-50880
72,-49000
72,-49128
72,-50254
72,-50742
72,-51384
72,-52276
72,-50578
72,-50900
72,-53734
72,-51644
72,-51592
72,-51720
72,-50560
72,-51652
72,-52352
72,-52168
72,-51210
72,-51200
72,-49506
72,-48998
73,-50826
73,-50080
73,-50088
73,-49062
73,-50750
73,-50146
73,-51916
73,-51632
73,-52454
73,-51412
73,-52902
73,-54014
73,-51016
73,-52632
73,-52122
73,-52040
73,-51400
73,-53708
73,-53148
73,-54194
73,-53952
73,-52224
73,-54356
73,-52830
73,-55274
73,-52172
73,-52806
73,-53934
73,-53102
73,-53546
73,-53808
73,-55648
73,-52774
73,-52614
73,-55246
73,-53884
73,-54936
73,-55550
73,-54990
73,-52738
73,-55688
73,-56296
73,-55140
73,-56526
73,-54420
73,-56270
73,-55380
73,-57772
74,-55836
74,-59620
74,-54660
74,-56176
74,-58144
74,-57182
74,-58054
74,-55822
74,-58662
74,-56568
74,-56800
74,-57366
74,-58608
74,-55564
74,-57406
74,-56484
74,-57758
74,-57708
74,-57196
74,-59300
74,-58750
74,-58940
74,-58216
74,-57066
74,-57324
74,-58408
74,-56716
74,-58848
74,-57490
74,-58770
74,-59502
74,-57812
74,-59232
74,-58580
74,-61494
74,-58628
74,-59250
74,-58784
74,-60892
74,-59320
74,-60058
74,-61814
74,-57782
74,-60836
74,-59486
74,-58598
74,-56820
74,-59250
75,-56214
75,-59742
75,-58484
75,-59118
75,-59474
75,-58914
75,-58912
75,-58670
75,-59126
75,-61726
75,-58854
75,-60330
75,-61438
75,-60274
75,-59648
75,-59120
75,-59574
75,-59628
75,-58262
75,-59544
75,-58606
75,-58456
75,-58670
75,-60892
75,-58258
75,-56742
75,-59694
75,-60932
75,-58984
75,-58752
75,-60242
75,-59060
75,-58896
75,-59544
75,-58904
75,-59960
75,-59920
75,-60040
75,-59736
75,-60906
75,-60462
75,-60152
75,-61562
75,-61354
75,-61072
75,-57966
75,-60394
75,-60138
76,-62280
76,-57962
76,-60182
76,-59050
76,-58636
76,-58198
76,-62232
76,-60982
76,-60210
76,-61274
76,-60326
76,-61134
76,-60724
76,-59234
76,-60496
76,-60854
76,-60052
76,-60906
76,-61800
76,-61060
76,-60698
76,-61470
76,-58140
76,-62304
76,-60350
76,-59128
76,-60918
76,-61186
76,-59912
76,-60116
76,-62872
76,-60224
76,-59386
76,-59738
76,-56232
76,-58440
76,-58622
76,-61328
76,-58606
76,-59128
76,-59070
76,-59460
76,-61476
76,-58718
76,-58224
76,-59666
76,-60418
76,-57278
77,-59884
77,-58896
77,-59526
77,-58332
77,-58256
77,-59510
77,-58490
77,-58804
77,-59156
77,-57828
77,-57672
77,-59692
77,-57506
77,-58828
77,-57392
77,-57100
77,-55608
77,-56084
77,-58022
77,-58388
77,-57636
77,-59206
77,-58142
77,-60360
77,-58808
77,-56662
77,-58728
77,-58036
77,-59530
77,-58878
77,-57116
77,-58638
77,-55446
77,-56254
77,-59492
77,-56776
77,-58080
77,-58390
77,-57928
77,-56768
77,-56802
77,-56724
77,-55832
77,-58986
77,-57894
77,-55512
77,-58458
77,-55538
78,-55972
78,-55658
78,-53714
78,-57088
78,-56174
78,-54722
78,-55780
78,-55758
78,-54640
78,-55332
78,-52452
78,-55916
78,-52594
78,-54452
78,-54606
78,-52744
78,-55372
78,-53996
78,-55088
78,-53904
78,-54084
78,-52696
78,-55520
78,-53216
78,-54876
78,-51410
78,-53444
78,-53742
78,-53280
78,-54364
78,-52990
78,-52384
78,-53488
78,-52478
78,-51736
78,-53458
78,-50140
78,-50940
78,-51678
78,-51128
78,-52418
78,-52690
78,-54282
78,-52042
78,-53004
78,-50950
78,-53092
78,-53916
79,-53828
79,-54608
79,-54416
79,-54152
79,-55670
79,-53840
79,-52260
79,-54636
79,-50732
79,-51198
79,-51494
79,-52656
79,-51514
79,-51496
79,-50822
79,-53560
79,-51470
79,-51706
79,-51962
79,-51364
79,-51198
79,-50520
79,-52568
79,-53578
79,-51910
79,-50350
79,-52448
79,-51352
79,-50280
79,-49978
79,-51100
79,-50456
79,-50114
79,-49454
79,-52158
79,-50958
79,-48948
79,-53430
79,-51008
79,-50090
79,-49268
79,-50494
79,-48866
79,-51086
79,-49892
79,-49620
79,-50186
79,-48856
80,-47054
80,-48568
80,-49988
80,-48708
80,-47954
80,-48596
80,-48120
80,-47060
80,-47618
80,-46460
80,-49868
80,-45788
80,-45644
80,-48924
80,-47032
80,-47794
80,-46464
80,-48652
80,-46130
80,-46574
80,-47276
80,-46152
80,-45670
80,-45364
80,-45986
80,-44992
80,-46832
80,-45694
80,-46946
80,-45374
80,-45786
80,-46662
80,-47684
80,-46948
80,-45118
80,-47072
80,-46928
80,-46918
80,-47716
80,-47022
80,-45462
80,-48006
80,-45504
80,-48806
80,-47456
80,-46808
80,-48100
80,-45820
81,-48180
81,-47344
81,-45582
81,-46942
81,-47184
81,-46052
81,-45132
81,-45068
81,-46640
81,-45258
81,-46350
81,-44814
81,-47320
81,-43826
81,-47402
81,-44818
81,-45320
81,-43134
81,-44724
81,-44932
81,-43662
81,-44016
81,-44580
81,-45326
81,-45322
81,-45520
81,-43200
81,-42978
81,-44856
81,-42328
81,-42060
81,-43928
81,-46064
81,-45264
81,-44484
81,-43602
81,-44270
81,-45238
81,-44464
81,-44206
81,-44468
81,-43346
81,-42564
81,-46872
81,-43314
81,-45170
81,-43028
81,-44844
82,-43706
82,-43826
82,-43652
82,-43046
82,-44580
82,-39768
82,-42660
82,-43432
82,-44124
82,-43954
82,-41542
82,-41984
82,-42950
82,-42656
82,-45796
82,-42506
82,-42708
82,-42566
82,-44668
82,-41614
82,-42366
82,-43028
82,-44148
82,-41578
82,-43366
82,-43666
82,-42870
82,-43466
82,-42082
82,-44088
82,-43728
82,-42746
82,-43858
82,-42302
82,-42286
82,-44752
82,-43784
82,-44092
82,-44816
82,-43174
82,-44190
82,-43044
82,-45452
82,-41168
82,-45034
82,-43444
82,-42402
82,-44122
83,-44482
83,-46542
83,-44168
83,-44200
83,-43660
83,-43984
83,-45356
83,-43730
83,-43686
83,-43894
83,-42808
83,-42354
83,-43848
83,-44504
83,-43570
83,-43824
83,-44454
83,-43096
83,-44544
83,-44688
83,-42198
83,-44848
83,-43644
83,-45958
83,-43550
83,-47434
83,-44294
83,-44162
83,-46132
83,-45238
83,-44076
83,-46262
83,-44938
83,-44076
83,-45170
83,-46902
83,-45546
83,-46474
83,-45240
83,-45270
83,-46478
83,-45334
83,-45468
83,-44564
83,-45094
83,-45688
83,-42838
83,-45506
84,-44378
84,-46694
84,-41362
84,-45286
84,-45832
84,-43946
84,-45860
84,-41422
84,-45274
84,-45030
84,-44340
84,-47076
84,-42554
84,-43872
84,-44894
84,-43490
84,-44460
84,-44248
84,-46720
84,-46470
84,-45316
84,-46794
84,-47112
84,-44938
84,-44836
84,-46874
84,-49886
84,-44882
84,-43726
84,-44466
84,-46386
84,-46726
84,-46538
84,-43098
84,-44436
84,-47374
84,-43626
84,-45592
84,-44200
84,-46920
84,-44664
84,-45982
84,-46844
84,-46968
84,-46524
84,-44484
84,-48072
84,-46048
85,-46130
85,-44626
85,-48016
85,-45500
85,-46226
85,-45406
85,-44330
85,-46352
85,-47036
85,-44530
85,-47600
85,-45876
85,-46724
85,-43284
85,-46710
85,-46756
85,-45044
85,-46244
85,-46738
85,-44642
85,-45384
85,-45514
85,-43728
85,-44798
85,-45248
85,-45108
85,-42856
85,-43406
85,-45190
85,-44456
85,-43418
85,-43526
85,-45508
85,-43982
85,-42610
85,-42712
85,-44100
85,-42702
85,-42414
85,-42692
85,-41626
85,-39790
85,-41404
85,-42310
85,-39886
85,-40100
85,-44688
85,-43364
86,-45450
86,-43368
86,-41634
86,-43346
86,-39892
86,-40516
86,-40456
86,-41154
86,-41554
86,-42200
86,-40876
86,-39558
86,-41206
86,-42562
86,-41244
86,-42200
86,-42654
86,-42484
86,-41972
86,-41070
86,-41472
86,-42222
86,-42084
86,-40468
86,-40494
86,-41352
86,-42756
86,-39762
86,-41472
86,-43050
86,-40648
86,-40712
86,-42668
86,-41100
86,-42802
86,-41182
86,-40058
86,-40866
86,-41042
86,-41148
86,-41386
86,-40400
86,-40462
86,-40788
86,-39850
86,-38306
86,-40302
86,-39968
87,-39790
87,-41596
87,-40226
87,-41350
87,-40628
87,-40232
87,-38148
87,-38390
87,-41056
87,-40222
87,-41576
87,-39876
87,-43180
87,-41706
87,-41498
87,-41746
87,-41864
87,-41234
87,-41466
87,-43100
87,-42122
87,-42662
87,-39844
87,-42786
87,-41896
87,-40968
87,-42762
87,-42100
87,-44460
87,-43816
87,-40842
87,-42240
87,-41150
87,-42022
87,-41208
87,-40132
87,-44352
87,-40322
87,-43146
87,-42504
87,-39708
87,-40876
87,-41278
87,-41218
87,-43592
87,-42218
87,-40990
87,-43694
88,-41016
88,-42472
88,-39234
88,-41816
88,-40266
88,-41440
88,-40962
88,-40414
88,-41716
88,-43394
88,-41682
88,-39972
88,-42666
88,-41992
88,-40706
88,-40420
88,-39620
88,-40840
88,-42332
88,-42618
88,-42338
88,-42726
88,-41680
88,-42544
88,-42770
88,-39172
88,-44066
88,-41796
88,-43936
88,-40782
88,-42368
88,-40652
88,-40454
88,-41866
88,-41064
88,-41284
88,-40826
88,-41102
88,-42670
88,-41446
88,-38134
88,-39898
88,-40602
88,-39274
88,-39190
88,-41092
88,-39604
88,-40652
89,-40602
89,-41932
89,-40650
89,-39568
89,-39886
89,-39002
89,-38258
89,-40688
89,-38876
89,-40998
89,-39840
89,-39804
89,-40402
89,-39012
89,-40000
89,-40354
89,-40158
89,-40194
89,-37602
89,-39934
89,-38514
89,-38814
89,-40852
89,-38942
89,-38022
89,-38856
89,-38780
89,-37226
89,-42352
89,-37722
89,-39732
89,-39430
89,-38776
89,-39700
89,-38268
89,-38808
89,-39932
89,-38796
89,-36966
89,-38730
89,-38344
89,-37070
89,-40134
89,-38610
89,-38750
89,-37158
89,-36710
89,-36974
90,-37432
90,-37276
90,-37496
90,-38384
90,-37158
90,-37598
90,-38616
90,-36236
90,-35238
90,-34868
90,-37662
90,-36466
90,-36002
90,-35656
90,-35988
90,-38020
90,-35428
90,-34952
90,-34844
90,-36846
90,-35038
90,-35878
90,-36374
90,-34418
90,-36452
90,-33522
90,-36786
90,-34910
90,-34476
90,-35692
90,-35562
90,-35794
90,-35382
90,-36818
90,-32254
90,-37174
90,-34084
90,-34434
90,-32458
90,-31622
90,-32522
90,-33642
90,-34128
90,-33836
90,-34196
90,-34818
90,-33196
90,-32936
91,-32678
91,-31312
91,-31592
91,-33124
91,-31360
91,-32134
91,-35390
91,-32390
91,-30508
91,-31560
91,-32564
91,-30606
91,-31090
91,-31524
91,-29460
91,-30340
91,-32120
91,-31338
91,-33398
91,-33548
91,-33540
91,-30474
91,-32152
91,-32488
91,-30846
91,-32286
91,-30428
91,-31556
91,-30932
91,-32448
91,-31236
91,-31784
91,-32210
91,-32760
91,-31352
91,-31082
91,-32570
91,-34022
91,-29486
91,-31384
91,-32120
91,-31806
91,-31146
91,-31962
91,-30264
91,-29682
91,-31464
91,-30728
92,-31096
92,-30646
92,-29910
92,-30242
92,-28730
92,-30088
92,-31302
92,-31784
92,-30260
92,-31054
92,-31232
92,-28758
92,-30562
92,-28676
92,-28310
92,-29010
92,-29426
92,-30522
92,-28784
92,-28590
92,-28278
92,-27258
92,-27194
92,-26998
92,-31064
92,-27228
92,-29448
92,-28032
92,-28224
92,-27252
92,-29410
92,-27940
92,-28208
92,-24628
92,-27690
92,-27998
92,-27078
92,-27616
92,-27324
92,-29106
92,-27858
92,-28182
92,-27816
92,-28888
92,-26546
92,-25700
92,-26966
92,-28454
93,-26416
93,-25584
93,-24534
93,-24884
93,-26116
93,-27202
93,-26708
93,-27342
93,-25932
93,-26214
93,-26616
93,-26024
93,-25040
93,-28504
93,-26602
93,-26216
93,-24902
93,-26002
93,-26750
93,-25442
93,-24556
93,-24964
93,-25100
93,-26474
93,-26278
93,-26928
93,-26128
93,-28064
93,-25652
93,-28004
93,-26816
93,-28530
93,-28276
93,-26374
93,-25432
93,-25636
93,-27594
93,-24504
93,-28222
93,-25798
93,-26344
93,-24994
93,-24402
93,-24714
93,-24224
93,-24392
93,-26344
93,-23528
94,-26104
94,-27090
94,-26668
94,-26888
94,-26820
94,-27260
94,-27748
94,-26856
94,-27396
94,-27176
94,-26960
94,-27332
94,-25734
94,-26470
94,-29800
94,-29376
94,-28472
94,-28266
94,-26458
94,-28824
94,-28986
94,-28298
94,-29602
94,-26036
94,-26972
94,-26580
94,-26868
94,-28308
94,-26478
94,-28832
94,-28556
94,-28754
94,-29504
94,-28774
94,-30718
94,-27286
94,-29498
94,-25734
94,-27982
94,-28306
94,-28078
94,-27604
94,-29546
94,-29642
94,-28824
94,-30112
94,-27832
94,-28660
95,-29888
95,-29314
95,-28684
95,-27988
95,-27902
95,-30694
95,-27350
95,-28716
95,-27616
95,-30802
95,-28886
95,-27878
95,-30610
95,-29320
95,-28572
95,-28924
95,-29262
95,-28710
95,-29698
95,-30386
95,-29546
95,-28512
95,-29948
95,-26980
95,-29842
95,-28730
95,-27898
95,-29878
95,-28684
95,-28104
95,-29498
95,-28606
95,-28370
95,-28584
95,-28906
95,-30860
95,-29166
95,-28726
95,-30142
95,-27962
95,-29182
95,-28924
95,-29420
95,-29526
95,-30594
95,-29778
95,-29460
95,-29158
96,-28316
96,-29268
96,-28102
96,-27824
96,-26012
96,-28092
96,-27498
96,-27524
96,-30326
96,-28364
96,-28810
96,-27946
96,-27462
96,-27936
96,-31256
96,-30322
96,-30910
96,-30134
96,-30152
96,-29692
96,-28696
96,-30086
96,-29372
96,-29398
96,-28786
96,-30992
96,-28908
96,-29510
96,-30298
96,-27416
96,-28494
96,-27806
96,-30466
96,-28374
96,-29168
96,-27824
96,-27428
96,-28584
96,-27822
96,-29724
96,-28986
96,-28514
96,-28594
96,-29738
96,-28468
96,-26744
96,-27386
96,-26874
97,-25800
97,-31024
97,-28436
97,-29434
97,-30690
97,-29846
97,-29262
97,-28356
97,-29978
97,-29186
97,-27672
97,-27862
97,-30260
97,-29418
97,-28616
97,-29944
97,-28674
97,-31966
97,-28536
97,-30624
97,-28876
97,-28774
97,-28568
97,-30150
97,-28506
97,-28730
97,-29098
97,-31556
97,-29376
97,-28676
97,-28580
97,-28864
97,-28726
97,-30866
97,-29718
97,-28168
97,-29744
97,-28480
97,-28880
97,-30476
97,-30774
97,-30142
97,-29722
97,-30172
97,-29202
97,-28646
97,-27274
97,-29508
98,-29138
98,-28946
98,-28052
98,-28688
98,-27794
98,-30384
98,-28252
98,-28156
98,-28090
98,-27602
98,-28310
98,-29718
98,-27454
98,-30832
98,-28750
98,-29296
98,-31012
98,-25150
98,-28556
98,-27850
98,-26894
98,-29228
98,-27946
98,-26072
98,-28674
98,-29572
98,-30130
98,-29200
98,-29446
98,-29292
98,-28216
98,-29130
98,-29614
98,-30360
98,-30306
98,-30284
98,-30590
98,-30544
98,-31564
98,-30116
98,-30776
98,-27480
98,-29260
98,-29322
98,-28654
98,-29648
98,-27910
98,-26578
99,-29670
99,-27900
99,-28324
99,-28338
99,-27360
99,-27202
99,-27316
99,-30814
99,-25758
99,-28164
99,-28012
99,-29322
99,-27122
99,-27652
99,-26288
99,-28262
99,-28186
99,-25532
99,-26760
99,-27402
99,-27792
99,-25780
99,-27976
99,-27394
99,-26338
99,-27744
99,-26890
99,-27158
99,-25438
99,-24978
99,-24478
99,-27756
99,-24410
99,-23800
99,-27588
99,-24892
99,-25842
99,-26648
99,-23120
99,-24018
99,-26428
99,-24600
99,-26034
99,-26080
99,-25256
99,-24990
99,-26718
99,-24590
100,-24910
100,-26334
100,-26284
100,-23278
100,-26154
100,-23936
100,-25236
100,-24902
100,-23230
100,-25056
100,-21566
100,-24806
100,-23512
100,-24714
100,-23480
100,-24596
100,-24540
100,-23424
100,-25768
100,-23456
100,-23714
100,-24200
100,-23666
100,-24982
100,-23058
100,-24972
100,-23948
100,-21456
100,-25070
100,-20734
100,-23610
100,-25032
100,-25954
100,-24238
100,-23240
100,-23358
100,-21308
100,-24482
100,-22458
100,-23464
100,-25526
100,-24296
100,-25564
100,-24826
100,-26498
100,-24002
100,-25286
100,-25978
101,-24582
101,-25238
101,-25526
101,-23960
101,-23756
101,-23624
101,-25722
101,-27642
101,-26062
101,-24162
101,-25754
101,-24852
101,-25348
101,-26390
101,-24108
101,-25188
101,-23886
101,-25582
101,-24096
101,-25118
101,-25030
101,-22424
101,-25704
101,-24276
101,-25626
101,-26824
101,-27640
101,-25128
101,-24768
101,-26882
101,-25748
101,-24376
101,-25526
101,-26542
101,-25066
101,-26178
101,-24884
101,-25564
101,-26900
101,-26294
101,-26052
101,-25640
101,-26704
101,-24028
101,-25932
101,-27762
101,-27884
101,-25638
102,-23594
102,-26420
102,-27534
102,-25254
102,-24758
102,-25510
102,-27086
102,-23914
102,-25240
102,-23192
102,-25052
102,-24746
102,-26252
102,-23690
102,-23792
102,-24416
102,-25562
102,-25070
102,-25268
102,-26084
102,-24656
102,-24974
102,-26368
102,-25134
102,-24752
102,-24874
102,-26088
102,-24042
102,-24168
102,-26260
102,-25322
102,-25300
102,-25204
102,-26368
102,-25864
102,-25744
102,-25934
102,-25952
102,-25096
102,-23358
102,-26006
102,-27152
102,-24800
102,-27180
102,-24650
102,-23360
102,-26558
102,-25822
103,-26402
103,-24134
103,-24838
103,-25912
103,-25356
103,-26434
103,-25696
103,-25136
103,-25292
103,-24654
103,-26428
103,-26466
103,-23674
103,-26898
103,-27282
103,-25694
103,-23512
103,-26370
103,-26496
103,-25062
103,-25884
103,-24482
103,-24754
103,-24228
103,-26068
103,-26172
103,-25106
103,-24428
103,-24936
103,-24618
103,-24962
103,-26062
103,-24952
103,-25926
103,-24240
103,-27350
103,-25780
103,-25292
103,-24924
103,-23176
103,-25948
103,-23958
103,-26892
103,-24940
103,-26626
103,-26224
103,-24914
103,-25864
104,-25810
104,-25102
104,-23994
104,-24930
104,-25152
104,-24798
104,-23440
104,-25000
104,-25654
104,-26540
104,-25496
104,-28036
104,-26532
104,-26654
104,-26402
104,-24682
104,-29432
104,-27232
104,-27078
104,-28438
104,-25780
104,-27480
104,-26748
104,-27000
104,-29334
104,-27402
104,-26346
104,-27042
104,-25876
104,-26080
104,-26424
104,-26766
104,-27216
104,-27506
104,-26854
104,-26376
104,-28292
104,-25676
104,-25670
104,-26590
104,-25148
104,-27450
104,-24628
104,-27244
104,-26190
104,-29412
104,-25900
104,-24456
105,-27932
105,-26382
105,-27794
105,-26834
105,-28048
105,-26414
105,-26148
105,-27758
105,-27128
105,-26538
105,-24380
105,-27396
105,-24862
105,-25492
105,-28634
105,-27418
105,-25980
105,-27002
105,-25670
105,-27392
105,-27040
105,-26368
105,-25454
105,-28042
105,-27666
105,-26588
105,-28144
105,-25302
105,-24820
105,-26490
105,-25210
105,-29684
105,-26340
105,-26238
105,-25320
105,-25928
105,-26200
105,-28742
105,-24494
105,-26714
105,-24638
105,-25792
105,-27230
105,-24486
105,-26496
105,-27162
105,-25834
105,-24896
106,-26652
106,-27884
106,-27418
106,-26656
106,-26760
106,-26674
106,-26558
106,-26832
106,-23764
106,-26868
106,-25002
106,-25086
106,-24736
106,-26802
106,-26352
106,-24134
106,-26662
106,-25150
106,-23946
106,-25660
106,-23580
106,-26344
106,-26286
106,-25054
106,-24154
106,-26402
106,-25504
106,-26878
106,-25214
106,-24716
106,-22784
106,-25522
106,-24092
106,-26112
106,-25332
106,-24666
106,-27166
106,-26238
106,-24816
106,-26016
106,-23638
106,-26104
106,-25400
106,-25326
106,-25146
106,-22968
106,-23300
106,-24536
107,-25878
107,-21958
107,-26204
107,-22736
107,-22666
107,-24912
107,-21888
107,-24078
107,-24490
107,-25656
107,-23346
107,-25122
107,-25938
107,-24510
107,-25960
107,-26616
107,-24400
107,-27776
107,-25950
107,-26412
107,-24870
107,-27380
107,-22372
107,-25378
107,-25656
107,-25350
107,-24882
107,-23974
107,-26528
107,-25022
107,-26084
107,-24386
107,-26810
107,-26508
107,-24148
107,-24666
107,-26090
107,-25780
107,-25796
107,-22808
107,-25982
107,-24224
107,-24482
107,-27948
107,-25414
107,-26282
107,-24374
107,-25892
108,-25640
108,-23232
108,-24868
108,-25926
108,-25334
108,-25914
108,-25386
108,-25718
108,-26704
108,-24694
108,-25066
108,-24998
108,-25416
108,-24346
108,-28200
108,-25322
108,-26434
108,-25602
108,-22990
108,-24844
108,-24618
108,-24386
108,-24712
108,-24406
108,-24104
108,-24876
108,-23564
108,-25058
108,-25332
108,-26088
108,-24276
108,-24392
108,-24388
108,-23004
108,-25226
108,-24710
108,-23818
108,-24618
108,-23860
108,-24854
108,-24190
108,-23722
108,-24444
108,-23216
108,-22696
108,-25590
108,-24916
108,-23222
109,-23538
109,-22920
109,-24470
109,-22446
109,-24910
109,-25914
109,-25630
109,-24728
109,-27182
109,-24786
109,-26920
109,-25016
109,-24500
109,-25790
109,-22794
109,-27240
109,-23630
109,-23226
109,-24594
109,-25152
109,-23170
109,-24496
109,-23684
109,-24064
109,-25206
109,-23664
109,-23158
109,-23604
109,-26080
109,-23464
109,-25872
109,-24996
109,-24248
109,-21906
109,-22636
109,-21816
109,-23888
109,-24754
109,-24502
109,-24030
109,-23954
109,-24910
109,-26000
109,-22890
109,-24346
109,-23244
109,-23022
109,-23378
110,-25414
110,-21890
110,-25318
110,-24166
110,-23332
110,-25296
110,-22184
110,-20950
110,-22820
110,-22760
110,-23762
110,-23958
110,-22880
110,-23926
110,-22656
110,-21912
110,-22596
110,-22860
110,-21370
110,-22016
110,-21602
110,-22454
110,-22562
110,-21998
110,-23972
110,-22630
110,-22492
110,-21336
110,-23688
110,-23064
110,-24030
110,-21544
110,-22146
110,-21918
110,-21180
110,-23740
110,-21810
110,-23396
110,-21226
110,-23750
110,-24498
110,-19968
110,-22530
110,-21710
110,-22062
110,-20100
110,-21752
110,-22784
111,-21860
111,-21728
111,-21840
111,-22140
111,-20992
111,-21046
111,-20688
111,-22814
111,-20192
111,-22252
111,-21458
111,-20936
111,-20754
111,-22914
111,-21354
111,-21742
111,-22066
111,-20084
111,-24506
111,-23360
111,-20652
111,-20636
111,-21854
111,-21082
111,-22516
111,-21428
111,-23002
111,-20560
111,-22680
111,-20664
111,-23034
111,-24708
111,-22590
111,-23796
111,-22222
111,-21918
111,-22862
111,-21394
111,-21528
111,-21754
111,-22594
111,-22238
111,-21030
111,-22312
111,-23518
111,-21458
111,-24844
111,-22336
112,-24004
112,-24960
112,-24152
112,-26228
112,-21860
112,-26902
112,-25098
112,-23016
112,-24698
112,-22772
112,-25044
112,-22960
112,-23730
112,-22434
112,-24280
112,-22326
112,-25590
112,-24314
112,-23920
112,-24776
112,-22992
112,-24840
112,-23292
112,-24270
112,-24182
112,-23412
112,-22420
112,-24684
112,-24550
112,-22350
112,-24140
112,-23554
112,-25790
112,-25682
112,-25456
112,-22116
112,-25566
112,-21700
112,-24654
112,-24282
112,-23918
112,-20336
112,-21166
112,-25442
112,-25328
112,-22408
112,-24448
112,-24542
113,-27352
113,-24836
113,-25140
113,-25042
113,-25410
113,-27052
113,-25238
113,-27556
113,-26534
113,-23570
113,-24676
113,-25274
113,-26044
113,-25216
113,-26080
113,-25952
113,-27546
113,-26512
113,-25882
113,-25460
113,-27758
113,-25370
113,-28752
113,-26284
113,-26176
113,-26166
113,-26764
113,-25242
113,-26152
113,-26458
113,-25502
113,-26086
113,-26382
113,-23690
113,-25132
113,-25558
113,-25382
113,-25254
113,-24864
113,-24696
113,-26312
113,-25814
113,-26472
113,-25430
113,-25828
113,-26050
113,-24736
113,-24932
114,-27962
114,-24736
114,-26288
114,-25390
114,-24934
114,-26132
114,-24750
114,-24380
114,-25728
114,-24380
114,-25678
114,-25464
114,-26714
114,-25344
114,-26722
114,-26894
114,-27038
114,-24540
114,-25734
114,-27220
114,-27600
114,-28340
114,-27962
114,-26112
114,-24406
114,-27404
114,-26100
114,-28402
114,-26208
114,-27802
114,-24274
114,-26254
114,-27148
114,-26380
114,-26498
114,-24912
114,-23438
114,-23780
114,-25062
114,-25318
114,-26190
114,-25792
114,-25524
114,-27782
114,-25658
114,-26194
114,-27566
114,-24492
115,-27110
115,-27858
115,-28012
115,-27574
115,-28538
115,-27286
115,-25974
115,-28058
115,-27602
115,-27646
115,-27860
115,-28414
115,-29084
115,-26460
115,-28670
115,-28538
115,-28208
115,-28154
115,-25820
115,-29886
115,-28084
115,-28694
115,-30756
115,-30732
115,-27840
115,-28306
115,-28458
115,-28394
115,-28490
115,-28908
115,-27630
115,-27228
115,-29080
115,-28038
115,-29386
115,-28606
115,-29094
115,-29426
115,-28562
115,-29370
115,-26718
115,-30356
115,-28838
115,-31290
115,-29550
115,-28160
115,-28378
115,-28900
116,-29142
116,-29250
116,-32948
116,-29106
116,-29174
116,-30206
116,-29866
116,-29172
116,-30352
116,-28794
116,-31344
116,-32496
116,-30008
116,-34252
116,-31188
116,-29712
116,-32490
116,-29724
116,-31838
116,-32114
116,-32096
116,-32720
116,-31744
116,-33488
116,-29060
116,-31286
116,-32246
116,-30826
116,-30746
116,-30802
116,-33378
116,-30064
116,-31714
116,-30946
116,-34108
116,-32452
116,-32704
116,-32598
116,-31172
116,-32182
116,-31698
116,-31096
116,-31066
116,-31780
116,-31768
116,-31892
116,-33464
116,-32102
117,-31512
117,-32186
117,-31762
117,-33886
117,-32086
117,-31686
117,-32228
117,-34998
117,-33592
117,-31874
117,-32760
117,-32330
117,-32600
117,-32004
117,-32610
117,-33328
117,-31954
117,-32812
117,-33668
117,-35178
117,-31904
117,-33808
117,-32356
117,-34240
117,-33794
117,-32476
117,-31960
117,-31524
117,-32866
117,-32906
117,-34324
117,-34328
117,-31184
117,-33674
117,-31118
117,-33228
117,-32868
117,-31882
117,-32724
117,-34452
117,-33966
117,-30090
117,-34502
117,-31922
117,-32084
117,-33714
117,-32826
117,-31778
118,-33240
118,-32514
118,-32124
118,-32482
118,-31624
118,-32136
118,-32460
118,-30614
118,-33520
118,-32978
118,-32336
118,-33176
118,-32220
118,-33532
118,-33302
118,-32572
118,-34542
118,-31602
118,-31410
118,-31940
118,-30816
118,-30884
118,-32896
118,-33952
118,-33146
118,-29064
118,-34422
118,-33130
118,-31984
118,-33008
118,-33270
118,-32902
118,-34112
118,-32744
118,-33366
118,-33754
118,-32002
118,-32662
118,-33298
118,-35112
118,-32486
118,-33734
118,-31732
118,-31684
118,-32256
118,-32266
118,-32518
118,-32008
119,-32290
119,-33058
119,-32380
119,-33298
119,-34270
119,-34818
119,-31404
119,-32150
119,-31864
119,-33408
119,-33342
119,-33792
119,-33576
119,-34522
119,-30866
119,-32770
119,-32434
119,-32578
119,-33360
119,-34892
119,-33086
119,-33542
119,-34952
119,-31860
119,-35392
119,-34040
119,-33112
119,-33084
119,-34214
119,-35776
119,-33050
119,-33462
119,-35870
119,-32690
119,-32042
119,-33984
119,-33036
119,-32716
119,-34294
119,-33240
119,-35238
119,-35680
119,-33834
119,-32912
119,-34896
119,-35240
119,-34388
119,-34988
120,-32642
120,-36192
120,-34616
120,-33552
120,-33164
120,-34322
120,-35232
120,-33400
120,-34020
120,-32900
120,-33308
120,-33246
120,-30612
120,-33664
120,-34236
120,-33934
120,-36120
120,-33074
120,-35782
120,-35094
120,-34396
120,-36328
120,-35312
120,-37084
120,-36464
120,-34014
120,-35866
120,-35262
120,-35842
120,-36796
120,-36274
120,-37998
120,-33980
120,-37244
120,-35502
120,-33872
120,-34854
120,-34742
120,-34802
120,-34674
120,-36262
120,-34950
120,-35172
120,-34968
120,-34790
120,-36216
120,-35860
120,-35960
121,-34526
121,-33874
121,-33604
121,-33714
121,-34064
121,-32980
121,-35708
121,-32190
121,-35106
121,-35028
121,-35972
121,-35802
121,-36890
121,-38206
121,-34662
121,-35384
121,-34438
121,-32606
121,-35712
121,-35496
121,-36410
121,-36336
121,-36810
121,-37830
121,-36614
121,-34940
121,-37170
121,-35354
121,-37302
121,-38024
121,-35566
121,-39244
121,-39030
121,-37396
121,-38338
121,-36820
121,-35672
121,-36098
121,-37288
121,-36778
121,-37204
121,-36536
121,-38406
121,-37650
121,-37564
121,-37626
121,-37880
121,-37454
122,-37446
122,-38142
122,-38854
122,-39150
122,-37674
122,-38550
122,-38690
122,-40810
122,-41744
122,-37134
122,-38594
122,-39596
122,-40488
122,-40316
122,-38632
122,-39760
122,-40352
122,-41136
122,-38642
122,-40208
122,-41980
122,-39388
122,-38052
122,-40456
122,-39242
122,-39902
122,-41386
122,-40664
122,-40176
122,-41562
122,-43992
122,-42694
122,-43188
122,-41416
122,-41318
122,-40592
122,-44552
122,-39450
122,-39100
122,-44448
122,-43630
122,-40296
122,-42190
122,-41674
122,-41706
122,-42660
122,-42652
122,-39990
123,-40684
123,-40704
123,-41448
123,-42680
123,-42536
123,-43490
123,-42680
123,-41736
123,-42638
123,-40904
123,-41156
123,-43612
123,-43156
123,-42184
123,-42968
123,-42024
123,-41182
123,-42230
123,-41626
123,-43402
123,-41546
123,-41870
123,-43890
123,-44140
123,-43334
123,-42190
123,-39714
123,-41490
123,-43292
123,-41474
123,-43016
123,-41612
123,-41622
123,-44708
123,-42902
123,-43774
123,-44056
123,-44284
123,-42874
123,-43960
123,-42722
123,-42506
123,-45564
123,-44220
123,-44070
123,-43260
123,-43010
123,-45358
124,-44028
124,-46062
124,-47918
124,-45794
124,-43832
124,-43522
124,-44096
124,-43190
124,-43388
124,-42824
124,-44966
124,-45784
124,-43666
124,-45004
124,-42972
124,-45508
124,-44834
124,-47652
124,-44664
124,-45390
124,-44214
124,-46188
124,-45356
124,-44026
124,-46628
124,-43010
124,-46224
124,-43594
124,-44722
124,-46202
124,-45250
124,-43294
124,-46696
124,-44200
124,-44106
124,-43106
124,-47862
124,-44720
124,-45956
124,-45964
124,-46662
124,-42282
124,-46740
124,-45654
124,-47074
124,-46380
124,-43912
124,-48992
125,-48116
125,-44644
125,-49164
125,-48096
125,-46930
125,-45304
125,-44958
125,-46272
125,-44046
125,-46744
125,-46596
125,-46052
125,-47492
125,-47722
125,-49130
125,-47372
125,-46620
125,-49066
125,-47472
125,-48526
125,-47356
125,-49096
125,-47984
125,-45256
125,-49006
125,-48732
125,-46340
125,-46178
125,-46776
125,-46134
125,-47646
125,-46116
125,-46564
125,-45544
125,-45368
125,-44370
125,-46574
125,-44314
125,-48078
125,-49176
125,-48200
125,-47932
125,-46816
125,-45690
125,-46520
125,-48238
125,-48998
125,-47262
126,-48610
126,-47724
126,-45770
126,-45982
126,-48088
126,-45978
126,-46412
126,-45852
126,-45458
126,-47902
126,-48356
126,-48316
126,-48476
126,-48480
126,-47630
126,-47064
126,-49168
126,-46802
126,-46590
126,-47910
126,-50234
126,-50478
126,-49712
126,-47874
126,-47882
126,-48882
126,-49388
126,-50104
126,-47978
126,-45916
126,-47292
126,-51386
126,-48232
126,-50420
126,-48758
126,-48452
126,-48026
126,-47118
126,-47260
126,-47112
126,-47938
126,-46864
126,-46734
126,-48260
126,-46540
126,-49446
126,-46442
126,-47504
127,-46928
127,-46514
127,-46424
127,-48162
127,-45140
127,-45004
127,-46406
127,-45282
127,-44300
127,-47008
127,-46434
127,-47336
127,-46780
127,-45874
127,-46156
127,-45198
127,-47138
127,-47058
127,-47860
127,-46224
127,-45980
127,-46252
127,-48294
127,-46092
127,-47170
127,-46944
127,-47334
127,-48116
127,-48556
127,-47808
127,-44056
127,-46228
127,-46322
127,-45066
127,-47842
127,-45558
127,-45900
127,-44482
127,-45928
127,-46182
127,-45936
127,-45862
127,-45884
127,-46150
127,-45974
127,-45792
127,-45570
127,-45276
128,-47578
128,-45928
128,-45024
128,-46572
128,-48764
128,-46100
128,-47644
128,-45462
128,-43634
128,-46134
128,-46006
128,-47398
128,-46042
128,-46524
128,-47220
128,-44818
128,-48486
128,-47466
128,-46270
128,-47004
128,-46704
128,-46476
128,-45182
128,-44452
128,-47152
128,-46406
128,-47180
128,-45828
128,-46652
128,-46370
128,-46506
128,-45594
128,-46828
128,-45884
128,-46124
128,-45290
128,-45104
128,-45426
128,-45052
128,-46044
128,-44886
128,-48826
128,-43984
128,-45372
128,-45014
128,-48014
128,-43724
128,-45302
129,-46602
129,-47382
129,-47566
129,-45842
129,-48882
129,-45986
129,-46496
129,-46102
129,-46774
129,-45378
129,-44790
129,-48552
129,-45270
129,-47306
129,-44834
129,-46972
129,-46638
129,-45438
129,-42892
129,-46224
129,-45558
129,-44918
129,-45372
129,-47346
129,-46864
129,-44978
129,-46788
129,-43878
129,-46780
129,-48222
129,-46886
129,-45634
129,-46622
129,-46348
129,-45848
129,-45464
129,-46818
129,-46606
129,-47744
129,-46086
129,-45766
129,-44468
129,-45232
129,-44968
129,-45490
129,-44986
129,-47102
129,-46800
130,-44744
130,-46898
130,-46146
130,-45246
130,-47886
130,-45742
130,-46916
130,-43680
130,-43384
130,-46134
130,-40922
130,-45844
130,-44330
130,-42922
130,-44956
130,-45036
130,-44622
130,-46014
130,-44692
130,-45030
130,-45942
130,-45710
130,-46530
130,-45324
130,-45862
130,-47006
130,-45088
130,-44208
130,-44814
130,-46296
130,-43772
130,-47454
130,-44380
130,-46672
130,-48098
130,-45944
130,-46058
130,-46206
130,-46666
130,-45292
130,-47892
130,-42984
130,-48110
130,-43932
130,-46324
130,-44838
130,-45214
130,-43702
131,-45204
131,-44722
131,-43456
131,-46610
131,-45770
131,-48236
131,-45680
131,-47184
131,-48024
131,-48122
131,-45914
131,-47750
131,-48336
131,-46068
131,-46610
131,-46936
131,-47608
131,-46708
131,-47624
131,-45066
131,-46710
131,-48088
131,-46186
131,-48614
131,-47006
131,-48292
131,-49744
131,-47762
131,-47580
131,-47730
131,-49332
131,-46250
131,-47450
131,-47188
131,-46286
131,-47504
131,-48114
131,-47616
131,-47644
131,-45392
131,-46274
131,-44994
131,-46394
131,-46734
131,-45686
131,-47210
131,-46650
131,-47852
132,-48612
132,-47092
132,-49446
132,-47358
132,-48628
132,-46798
132,-48170
132,-48756
132,-48834
132,-49384
132,-50684
132,-47902
132,-50430
132,-50066
132,-50766
132,-51306
132,-48456
132,-51158
132,-48112
132,-50254
132,-49650
132,-51324
132,-48928
132,-52664
132,-49450
132,-48238
132,-49440
132,-50428
132,-51658
132,-50200
132,-48544
132,-50360
132,-49726
132,-49296
132,-48276
132,-48060
132,-49492
132,-49692
132,-50420
132,-48378
132,-49070
132,-48162
132,-49906
132,-50100
132,-48290
132,-51230
132,-50098
132,-47742
133,-51660
133,-50730
133,-49424
133,-49500
133,-48718
133,-52240
133,-50090
133,-50148
133,-54296
133,-49022
133,-49548
133,-48508
133,-51220
133,-49278
133,-50508
133,-50558
133,-49924
133,-49788
133,-52094
133,-50572
133,-49686
133,-49094
133,-50846
133,-52354
133,-47230
133,-49160
133,-51374
133,-49420
133,-50552
133,-51352
133,-51046
133,-53032
133,-49624
133,-52580
133,-53658
133,-49138
133,-48642
133,-52304
133,-51226
133,-49702
133,-52790
133,-49580
133,-51030
133,-50304
133,-52282
133,-50678
133,-49812
133,-49656
134,-49772
134,-53148
134,-48706
134,-53182
134,-50330
134,-51096
134,-51360
134,-50954
134,-48616
134,-52372
134,-51368
134,-51456
134,-50098
134,-50696
134,-50222
134,-51154
134,-52234
134,-48652
134,-49702
134,-50132
134,-51218
134,-53166
134,-51088
134,-52014
134,-52092
134,-50790
134,-54524
134,-52246
134,-51978
134,-54690
134,-52616
134,-54580
134,-51520
134,-53488
134,-53492
134,-52552
134,-50878
134,-51786
134,-52480
134,-54068
134,-51502
134,-54606
134,-51258
134,-52806
134,-52608
134,-51296
134,-52500
134,-54752
135,-51214
135,-54072
135,-50944
135,-53606
135,-50876
135,-53850
135,-52658
135,-53514
135,-50252
135,-53210
135,-52002
135,-53466
135,-53576
135,-52622
135,-52906
135,-51304
135,-53048
135,-53838
135,-51982
135,-54544
135,-53972
135,-53344
135,-53490
135,-52648
135,-54982
135,-54860
135,-54086
135,-51996
135,-54904
135,-55704
135,-54748
135,-53216
135,-54498
135,-53358
135,-53664
135,-54240
135,-53638
135,-54780
135,-51964
135,-54060
135,-55644
135,-54630
135,-56392
135,-53982
135,-53306
135,-56970
135,-53978
135,-54568
136,-54844
136,-54096
136,-54618
136,-57046
136,-55366
136,-55452
136,-55468
136,-55642
136,-57846
136,-55744
136,-54748
136,-56284
136,-55218
136,-56038
136,-57326
136,-57910
136,-56288
136,-55168
136,-56696
136,-57112
136,-58260
136,-56360
136,-55596
136,-54352
136,-58960
136,-56582
136,-58164
136,-56544
136,-55204
136,-58292
136,-57048
136,-57294
136,-56402
136,-57028
136,-56800
136,-56764
136,-57952
136,-57496
136,-57166
136,-58796
136,-57312
136,-57994
136,-57368
136,-57674
136,-58404
136,-57616
136,-58232
136,-62458
137,-58162
137,-60680
137,-58256
137,-59596
137,-56732
137,-58706
137,-60612
137,-57376
137,-59886
137,-57126
137,-58046
137,-58372
137,-55710
137,-57230
137,-58650
137,-60928
137,-61398
137,-60300
137,-58312
137,-58906
137,-60356
137,-60366
137,-61032
137,-60910
137,-61428
137,-61434
137,-60462
137,-59970
137,-59376
137,-61490
137,-61246
137,-61304
137,-63050
137,-60896
137,-59290
137,-61872
137,-60852
137,-60990
137,-63564
137,-61070
137,-62182
137,-61904
137,-62192
137,-62814
137,-59158
137,-59216
137,-59430
137,-62194
138,-61344
138,-61398
138,-60598
138,-63176
138,-60506
138,-61226
138,-62442
138,-62886
138,-62318
138,-62294
138,-64018
138,-64374
138,-64168
138,-64152
138,-61856
138,-61626
138,-64754
138,-62848
138,-63640
138,-63786
138,-64516
138,-62976
138,-63568
138,-65756
138,-62760
138,-64962
138,-64962
138,-65354
138,-62210
138,-63340
138,-63718
138,-64820
138,-64430
138,-65164
138,-62422
138,-64024
138,-65810
138,-65910
138,-61852
138,-64102
138,-66298
138,-63574
138,-65268
138,-65258
138,-64756
138,-65412
138,-65512
138,-62810
139,-65644
139,-65654
139,-65294
139,-66584
139,-63080
139,-65738
139,-64906
139,-64774
139,-65564
139,-63654
139,-63526
139,-66930
139,-64536
139,-65470
139,-67396
139,-66226
139,-66810
139,-65566
139,-64334
139,-66178
139,-65744
139,-65870
139,-65254
139,-65014
139,-63710
139,-67648
139,-63592
139,-67026
139,-66442
139,-65782
139,-65780
139,-63320
139,-66102
139,-66580
139,-65934
139,-66564
139,-65508
139,-64912
139,-65612
139,-67090
139,-65032
139,-66300
139,-68104
139,-66520
139,-66538
139,-67214
139,-66140
139,-67158
140,-67898
140,-67082
140,-64302
140,-67622
140,-66102
140,-69204
140,-67322
140,-67900
140,-65874
140,-68166
140,-67816
140,-66964
140,-68054
140,-66942
140,-67336
140,-68848
140,-66736
140,-67200
140,-67878
140,-67140
140,-68532
140,-68948
140,-67012
140,-68894
140,-69240
140,-68726
140,-68202
140,-69388
140,-68032
140,-67896
140,-68576
140,-69174
140,-68088
140,-67978
140,-67392
140,-67826
140,-68966
140,-69682
140,-69736
140,-68708
140,-71378
140,-69578
140,-69212
140,-70264
140,-70446
140,-69770
140,-70394
140,-69898
141,-69712
141,-70362
141,-68976
141,-69896
141,-69598
141,-70696
141,-69964
141,-70222
141,-72884
141,-71442
141,-71436
141,-73102
141,-72604
141,-73954
141,-73490
141,-72626
141,-72936
141,-70942
141,-73354
141,-71414
141,-73528
141,-73236
141,-73248
141,-72374
141,-74054
141,-72664
141,-75092
141,-74200
141,-78244
141,-74744
141,-75612
141,-73778
141,-73278
141,-76706
141,-72500
141,-75464
141,-73794
141,-74170
141,-74766
141,-74424
141,-75674
141,-75178
141,-75804
141,-74190
141,-74172
141,-73960
141,-74494
141,-74878
142,-74030
142,-75516
142,-73078
142,-74026
142,-74088
142,-74066
142,-72472
142,-78222
142,-74438
142,-75954
142,-75048
142,-75372
142,-73898
142,-74140
142,-73632
142,-76252
142,-73010
142,-73688
142,-74274
142,-74988
142,-76082
142,-73478
142,-73360
142,-73770
142,-73638
142,-74296
142,-75588
142,-74770
142,-75534
142,-75478
142,-75178
142,-75932
142,-74174
142,-75264
142,-74050
142,-76480
142,-76208
142,-73506
142,-74628
142,-76766
142,-74808
142,-75058
142,-74484
142,-75698
142,-78184
142,-76936
142,-76698
142,-74884
143,-75564
143,-76316
143,-76628
143,-73972
143,-75530
143,-76354
143,-72980
143,-77386
143,-76306
143,-76220
143,-76270
143,-75802
143,-75092
143,-76878
143,-78598
143,-75784
143,-78800
143,-80232
143,-78320
143,-77152
143,-78078
143,-77994
143,-77462
143,-79110
143,-77172
143,-78542
143,-78244
143,-78628
143,-80594
143,-78260
143,-75942
143,-78458
143,-77700
143,-76646
143,-79278
143,-78412
143,-76916
143,-79330
143,-77264
143,-77736
143,-78938
143,-78694
143,-76978
143,-78198
143,-79670
143,-80144
143,-79456
143,-77260
144,-81354
144,-78456
144,-80076
144,-79476
144,-77628
144,-80988
144,-79568
144,-80308
144,-79390
144,-82344
144,-79556
144,-80676
144,-80476
144,-79510
144,-82332
144,-82282
144,-80592
144,-81434
144,-79494
144,-82596
144,-80740
144,-79916
144,-80448
144,-78916
144,-79514
144,-79792
144,-78108
144,-82456
144,-79094
144,-80834
144,-80508
144,-81764
144,-82010
144,-82552
144,-80262
144,-80144
144,-80936
144,-81184
144,-82196
144,-79372
144,-83504
144,-82362
144,-81862
144,-82924
144,-82994
144,-81272
144,-81250
144,-83394
145,-83872
145,-84698
145,-80172
145,-81354
145,-83868
145,-83392
145,-82682
145,-81928
145,-81408
145,-82762
145,-83132
145,-82208
145,-81790
145,-81572
145,-81470
145,-81136
145,-82452
145,-83036
145,-81942
145,-81298
145,-82200
145,-82724
145,-85826
145,-81404
145,-83080
145,-83776
145,-85978
145,-84418
145,-84776
145,-85300
145,-82118
145,-86132
145,-85520
145,-84838
145,-84038
145,-83302
145,-86266
145,-84244
145,-85690
145,-84270
145,-84132
145,-84986
145,-84824
145,-83650
145,-85128
145,-83960
145,-83198
145,-83424
146,-84078
146,-84772
146,-85092
146,-84640
146,-84208
146,-85756
146,-84802
146,-83726
146,-85046
146,-86638
146,-85900
146,-85084
146,-83542
146,-83036
146,-85494
146,-84396
146,-85666
146,-85380
146,-85704
146,-85134
146,-85234
146,-84264
146,-85788
146,-85806
146,-85658
146,-85882
146,-87378
146,-87032
146,-89092
146,-84250
146,-86264
146,-87152
146,-87356
146,-88022
146,-87770
146,-86640
146,-85646
146,-88760
146,-86496
146,-87364
146,-85404
146,-87870
146,-86914
146,-86182
146,-87032
146,-88126
146,-88374
146,-86290
147,-88880
147,-87618
147,-89406
147,-88256
147,-89388
147,-87530
147,-91140
147,-87650
147,-85718
147,-88428
147,-88008
147,-88162
147,-90440
147,-87366
147,-86872
147,-88150
147,-90570
147,-88048
147,-88584
147,-88164
147,-88418
147,-90196
147,-88394
147,-88398
147,-88968
147,-87334
147,-88764
147,-87466
147,-90552
147,-89784
147,-91564
147,-88086
147,-91166
147,-89202
147,-87082
147,-88908
147,-90606
147,-87260
147,-89914
147,-90304
147,-89800
147,-90704
147,-91292
147,-89596
147,-88090
147,-91152
147,-88912
147,-88678
148,-92042
148,-91498
148,-91032
148,-93192
148,-89800
148,-90606
148,-88676
148,-89750
148,-90964
148,-90280
148,-89040
148,-92084
148,-90486
148,-88960
148,-91458
148,-91536
148,-89870
148,-91412
148,-90532
148,-90472
148,-91828
148,-90038
148,-93418
148,-91546
148,-90122
148,-91178
148,-91686
148,-91858
148,-91966
148,-90396
148,-91912
148,-91576
148,-89368
148,-92196
148,-90518
148,-91878
148,-90996
148,-90462
148,-91082
148,-92160
148,-91562
148,-91380
148,-90792
148,-90628
148,-88314
148,-90476
148,-90042
148,-91760
149,-91894
149,-91376
149,-90406
149,-91348
149,-94058
149,-93520
149,-91224
149,-89856
149,-92832
149,-90950
149,-89954
149,-91098
149,-91032
149,-93570
149,-92362
149,-92396
149,-92694
149,-91468
149,-91824
149,-92220
149,-91772
149,-91232
149,-92272
149,-90180
149,-91362
149,-90106
149,-94520
149,-90228
149,-95084
149,-90942
149,-89566
149,-91440
149,-93054
149,-92244
149,-89436
149,-90782
149,-90032
149,-90234
149,-91942
149,-91024
149,-91382
149,-89032
149,-90008
149,-91234
149,-90938
149,-90364
149,-90460
149,-89304
150,-89480
150,-90930
150,-91654
150,-92206
150,-91484
150,-90984
150,-90766
150,-90040
150,-93918
150,-90942
150,-90648
150,-91992
150,-90810
150,-90932
150,-93738
150,-89440
150,-91738
150,-91250
150,-89732
150,-90784
150,-90572
150,-91124
150,-88844
150,-89350
150,-91308
150,-93218
150,-90824
150,-91064
150,-90640
150,-90260
150,-89744
150,-91392
150,-89512
150,-89250
150,-93340
150,-88712
150,-92448
150,-92256
150,-90834
150,-91012
150,-93046
150,-90152
150,-92300
150,-91398
150,-90552
150,-91784
150,-90904
150,-91402
151,-89928
151,-91784
151,-92024
151,-90730
151,-91124
151,-91550
151,-91916
151,-91722
151,-92524
151,-91434
151,-93334
151,-91370
151,-89708
151,-94204
151,-92460
151,-90274
151,-91120
151,-92104
151,-91812
151,-91418
151,-91916
151,-93624
151,-91428
151,-92866
151,-93072
151,-93288
151,-92832
151,-92412
151,-93908
151,-91998
151,-91958
151,-95516
151,-93192
151,-94106
151,-94330
151,-93418
151,-92394
151,-93054
151,-95784
151,-91048
151,-94170
151,-94006
151,-93340
151,-93370
151,-95444
151,-95070
151,-94084
151,-92142
152,-93232
152,-94224
152,-93548
152,-93036
152,-95518
152,-93640
152,-90772
152,-92676
152,-93990
152,-94158
152,-92330
152,-93122
152,-94126
152,-93454
152,-95788
152,-92854
152,-94336
152,-92818
152,-94920
152,-94892
152,-94310
152,-93108
152,-92262
152,-92348
152,-94560
152,-95586
152,-95806
152,-91476
152,-93390
152,-94248
152,-94426
152,-93772
152,-94068
152,-92868
152,-94122
152,-91144
152,-94844
152,-91960
152,-93004
152,-93280
152,-92418
152,-95394
152,-90526
152,-92634
152,-94736
152,-92772
152,-91418
152,-91272
153,-93272
153,-90854
153,-92190
153,-93382
153,-90204
153,-92776
153,-93724
153,-92876
153,-91244
153,-91956
153,-93882
153,-92920
153,-94172
153,-93206
153,-92652
153,-93608
153,-92594
153,-92758
153,-92962
153,-93138
153,-93050
153,-94678
153,-93690
153,-92720
153,-94312
153,-92568
153,-93534
153,-94018
153,-92054
153,-93754
153,-91392
153,-93218
153,-93732
153,-93250
153,-94790
153,-92218
153,-93156
153,-92324
153,-92844
153,-91006
153,-89960
153,-93214
153,-93996
153,-92284
153,-90092
153,-93412
153,-91904
153,-91846
154,-92708
154,-91130
154,-94012
154,-92250
154,-94190
154,-92784
154,-92420
154,-92974
154,-91754
154,-92336
154,-93208
154,-92672
154,-91994
154,-93574
154,-92234
154,-93170
154,-91420
154,-91224
154,-91888
154,-92970
154,-92040
154,-90912
154,-90242
154,-91386
154,-90568
154,-94356
154,-92582
154,-94462
154,-93320
154,-92858
154,-91560
154,-93306
154,-95394
154,-91796
154,-93740
154,-92204
154,-92400
154,-92410
154,-94170
154,-93008
154,-91632
154,-92364
154,-94706
154,-91716
154,-92760
154,-93244
154,-90668
154,-91478
155,-91684
155,-93944
155,-89648
155,-91448
155,-91018
155,-89524
155,-92694
155,-91430
155,-92040
155,-88164
155,-91128
155,-90330
155,-94154
155,-90678
155,-92232
155,-90818
155,-92176
155,-90742
155,-89968
155,-90812
155,-90272
155,-91512
155,-91656
155,-89944
155,-90600
155,-89190
155,-91016
155,-88972
155,-90438
155,-88922
155,-90866
155,-89760
155,-89580
155,-89866
155,-92260
155,-91210
155,-88138
155,-90330
155,-88338
155,-90400
155,-90650
155,-89300
155,-90348
155,-89940
155,-90694
155,-90918
155,-90092
155,-91356
156,-89422
156,-88788
156,-90604
156,-88920
156,-89992
156,-89512
156,-90716
156,-90020
156,-88218
156,-89454
156,-90604
156,-90414
156,-90040
156,-90614
156,-91498
156,-90804
156,-90340
156,-88958
156,-87656
156,-89818
156,-90420
156,-88312
156,-87544
156,-88970
156,-89214
156,-91886
156,-88538
156,-90188
156,-90676
156,-90396
156,-89130
156,-89480
156,-91816
156,-91506
156,-90756
156,-89640
156,-90686
156,-87708
156,-88464
156,-88048
156,-88928
156,-88764
156,-88532
156,-89876
156,-88614
156,-88956
156,-88366
156,-90162
157,-90124
157,-89640
157,-87782
157,-89022
157,-88132
157,-90342
157,-87408
157,-87168
157,-89000
157,-89764
157,-89220
157,-86238
157,-87924
157,-88044
157,-88862
157,-86316
157,-87774
157,-88796
157,-88342
157,-90106
157,-88534
157,-88684
157,-88894
157,-91856
157,-88254
157,-86896
157,-87654
157,-88640
157,-89490
157,-89340
157,-86438
157,-87352
157,-88430
157,-86594
157,-87958
157,-86712
157,-88586
157,-88694
157,-86942
157,-87478
157,-87450
157,-88132
157,-88192
157,-87444
157,-88844
157,-87744
157,-90552
157,-87706
158,-87632
158,-89272
158,-88010
158,-88616
158,-89084
158,-88382
158,-87456
158,-85184
158,-87734
158,-86976
158,-85512
158,-89226
158,-85748
158,-86598
158,-89068
158,-88158
158,-88970
158,-86396
158,-89486
158,-86926
158,-85108
158,-85166
158,-87428
158,-86262
158,-87358
158,-87910
158,-85916
158,-86766
158,-87390
158,-87658
158,-86320
158,-87362
158,-84778
158,-86864
158,-83578
158,-86056
158,-84372
158,-84330
158,-86378
158,-86542
158,-85764
158,-85568
158,-84106
158,-86340
158,-88132
158,-86754
158,-86540
158,-85472
159,-85544
159,-85784
159,-85824
159,-87124
159,-88772
159,-85050
159,-86236
159,-86038
159,-86848
159,-86456
159,-86700
159,-84338
159,-84942
159,-85424
159,-85986
159,-85466
159,-87776
159,-86134
159,-85792
159,-86724
159,-88468
159,-85462
159,-87370
159,-85882
159,-86070
159,-84740
159,-85660
159,-84658
159,-85288
159,-86202
159,-84636
159,-84692
159,-84948
159,-83974
159,-83706
159,-83546
159,-87132
159,-83790
159,-82962
159,-84324
159,-85264
159,-85848
159,-86862
159,-86432
159,-84056
159,-85668
159,-85418
159,-86124
160,-83250
160,-83070
160,-82820
160,-85692
160,-84110
160,-83116
160,-86052
160,-82692
160,-83552
160,-81576
160,-84690
160,-82654
160,-84250
160,-84688
160,-82698
160,-84838
160,-84914
160,-82510
160,-84418
160,-82650
160,-84172
160,-83250
160,-81142
160,-82740
160,-84488
160,-81730
160,-84192
160,-83262
160,-80568
160,-82522
160,-82816
160,-83392
160,-81296
160,-81762
160,-81812
160,-84726
160,-82646
160,-83064
160,-81270
160,-81462
160,-81178
160,-82174
160,-82974
160,-79944
160,-81444
160,-79856
160,-79966
160,-80872
161,-81400
161,-80266
161,-81392
161,-79836
161,-80962
161,-80092
161,-80002
161,-82346
161,-79218
161,-79910
161,-79114
161,-80130
161,-79126
161,-80412
161,-80486
161,-78914
161,-81672
161,-79640
161,-78178
161,-80066
161,-78064
161,-78918
161,-78644
161,-80988
161,-80324
161,-79900
161,-79130
161,-78140
161,-80412
161,-78630
161,-78452
161,-79744
161,-81050
161,-78046
161,-80342
161,-80946
161,-80390
161,-79648
161,-80656
161,-79920
161,-78370
161,-76780
161,-80098
161,-79984
161,-80940
161,-78634
161,-79450
161,-78560
162,-78932
162,-81364
162,-78444
162,-80594
162,-79974
162,-80664
162,-79104
162,-82266
162,-79288
162,-78420
162,-80112
162,-79178
162,-79066
162,-81002
162,-79688
162,-79760
162,-78662
162,-79588
162,-79900
162,-79366
162,-78996
162,-80408
162,-79736
162,-77556
162,-79746
162,-77948
162,-79072
162,-79904
162,-79880
162,-80564
162,-81704
162,-78146
162,-79876
162,-81544
162,-79880
162,-80094
162,-79956
162,-81280
162,-79602
162,-80030
162,-79840
162,-78176
162,-76930
162,-79228
162,-78326
162,-77904
162,-79196
162,-79508
163,-80122
163,-80288
163,-79912
163,-81046
163,-80346
163,-77274
163,-78924
163,-78382
163,-78004
163,-78582
163,-78632
163,-81022
163,-77408
163,-79136
163,-77684
163,-80318
163,-79824
163,-78996
163,-78768
163,-77996
163,-79038
163,-78484
163,-77814
163,-76252
163,-79136
163,-77646
163,-77618
163,-77580
163,-79180
163,-78174
163,-76748
163,-78168
163,-81064
163,-79044
163,-77970
163,-79538
163,-76052
163,-79658
163,-79288
163,-77566
163,-79732
163,-77856
163,-77300
163,-78006
163,-76738
163,-80074
163,-78008
163,-78152
164,-76884
164,-79226
164,-77648
164,-77988
164,-78608
164,-77242
164,-79164
164,-75878
164,-76582
164,-75126
164,-77768
164,-75984
164,-75998
164,-77110
164,-73878
164,-75606
164,-76062
164,-76834
164,-76594
164,-76910
164,-74678
164,-77392
164,-76244
164,-75934
164,-74674
164,-76194
164,-76458
164,-76108
164,-76110
164,-75940
164,-75656
164,-75150
164,-75946
164,-75420
164,-77888
164,-76630
164,-77356
164,-78730
164,-78492
164,-77312
164,-77818
164,-77216
164,-77838
164,-76348
164,-76538
164,-77090
164,-78276
164,-76294
165,-76266
165,-77864
165,-77324
165,-79644
165,-77916
165,-79930
165,-76084
165,-78936
165,-79770
165,-77516
165,-78148
165,-79486
165,-79112
165,-77638
165,-76804
165,-78846
165,-79686
165,-79910
165,-81374
165,-79968
165,-79452
165,-79904
165,-80992
165,-79180
165,-78918
165,-78204
165,-78526
165,-78410
165,-81684
165,-78700
165,-80124
165,-79880
165,-79712
165,-79824
165,-79872
165,-79774
165,-80004
165,-80562
165,-79310
165,-79846
165,-81006
165,-79522
165,-79904
165,-77818
165,-79914
165,-77938
165,-80798
165,-77684
166,-83050
166,-78934
166,-78312
166,-78670
166,-76784
166,-79896
166,-78952
166,-79358
166,-78788
166,-78572
166,-79488
166,-78990
166,-77858
166,-76566
166,-78376
166,-79128
166,-77306
166,-78638
166,-77328
166,-76060
166,-77182
166,-76144
166,-77208
166,-76308
166,-75310
166,-75952
166,-77316
166,-76034
166,-73912
166,-76004
166,-74276
166,-78452
166,-73678
166,-74510
166,-75632
166,-77276
166,-76142
166,-74822
166,-75592
166,-75404
166,-73812
166,-75500
166,-75916
166,-71210
166,-73130
166,-74342
166,-74470
166,-75366
167,-74082
167,-75086
167,-74136
167,-76080
167,-75196
167,-73464
167,-73646
167,-73812
167,-74728
167,-74588
167,-75056
167,-73878
167,-73700
167,-74304
167,-74004
167,-72864
167,-72984
167,-74274
167,-72564
167,-74108
167,-72708
167,-72284
167,-71716
167,-73286
167,-71180
167,-71628
167,-73738
167,-72264
167,-71642
167,-73284
167,-73042
167,-70586
167,-72148
167,-71114
167,-72696
167,-70516
167,-73492
167,-73804
167,-71800
167,-72330
167,-74192
167,-72560
167,-70330
167,-72956
167,-74016
167,-72218
167,-72530
167,-71156
168,-70036
168,-69978
168,-71856
168,-71472
168,-71168
168,-71036
168,-71254
168,-71474
168,-70298
168,-71362
168,-70912
168,-71440
168,-73036
168,-70448
168,-69922
168,-70854
168,-70972
168,-69136
168,-70734
168,-69128
168,-70982
168,-68760
168,-67656
168,-69618
168,-69914
168,-68074
168,-69430
168,-69498
168,-69614
168,-70114
168,-68054
168,-69014
168,-70320
168,-68028
168,-68694
168,-69662
168,-70670
168,-67570
168,-67816
168,-68154
168,-66350
168,-68110
168,-69296
168,-68016
168,-71410
168,-67360
168,-69034
168,-68260
169,-68658
169,-68022
169,-67764
169,-68000
169,-70018
169,-66034
169,-67900
169,-69236
169,-69182
169,-65926
169,-65020
169,-65740
169,-67216
169,-66308
169,-65336
169,-67138
169,-65672
169,-68094
169,-65560
169,-68174
169,-66828
169,-64566
169,-65824
169,-65426
169,-66910
169,-64162
169,-64784
169,-64300
169,-65122
169,-63840
169,-65052
169,-67036
169,-65050
169,-64656
169,-64786
169,-65442
169,-65732
169,-63662
169,-62470
169,-63742
169,-64902
169,-65320
169,-63314
169,-64730
169,-65504
169,-64550
169,-64310
169,-64904
170,-61956
170,-63852
170,-63896
170,-65060
170,-61604
170,-64506
170,-61256
170,-62974
170,-61420
170,-62198
170,-61178
170,-62160
170,-62808
170,-61056
170,-60816
170,-62180
170,-60724
170,-61232
170,-60820
170,-60164
170,-60278
170,-60254
170,-61126
170,-60630
170,-60340
170,-59004
170,-62356
170,-58956
170,-59624
170,-60544
170,-61416
170,-61266
170,-62864
170,-58816
170,-62092
170,-61054
170,-61588
170,-60102
170,-59236
170,-61456
170,-59752
170,-60336
170,-59610
170,-59912
170,-60448
170,-59616
170,-60800
170,-59192
171,-59720
171,-62322
171,-60808
171,-62708
171,-61150
171,-62442
171,-60966
171,-59944
171,-62336
171,-61426
171,-59874
171,-56912
171,-61240
171,-58272
171,-60032
171,-59246
171,-59218
171,-59982
171,-58512
171,-60396
171,-58218
171,-58456
171,-59062
171,-59504
171,-58668
171,-58176
171,-59592
171,-58718
171,-58374
171,-58494
171,-58502
171,-57618
171,-59926
171,-57952
171,-60180
171,-56988
171,-57376
171,-58486
171,-55822
171,-59194
171,-56798
171,-57758
171,-56970
171,-58108
171,-58250
171,-56240
171,-58078
171,-56892
172,-55718
172,-57732
172,-56452
172,-59156
172,-57528
172,-58352
172,-56478
172,-57380
172,-57884
172,-54254
172,-56278
172,-55848
172,-58284
172,-56138
172,-57436
172,-54100
172,-56764
172,-56072
172,-56686
172,-55306
172,-55962
172,-58092
172,-57114
172,-55312
172,-54848
172,-57212
172,-57110
172,-55762
172,-54862
172,-54784
172,-55190
172,-56252
172,-57920
172,-55106
172,-54986
172,-54208
172,-54640
172,-55384
172,-53664
172,-54602
172,-54546
172,-57374
172,-56418
172,-54728
172,-53534
172,-55828
172,-55156
172,-55738
173,-53968
173,-54436
173,-57114
173,-54338
173,-54996
173,-56160
173,-55944
173,-52924
173,-53824
173,-53712
173,-53986
173,-52388
173,-56262
173,-52680
173,-54146
173,-54742
173,-54394
173,-54144
173,-53992
173,-54352
173,-55098
173,-57034
173,-55022
173,-56728
173,-55146
173,-53844
173,-53262
173,-55698
173,-55532
173,-53578
173,-53880
173,-54476
173,-53774
173,-56928
173,-57224
173,-55580
173,-56074
173,-55474
173,-56998
173,-55448
173,-57280
173,-55164
173,-56264
173,-55624
173,-56048
173,-54786
173,-55012
173,-56964
174,-55430
174,-55976
174,-56320
174,-57512
174,-55880
174,-54056
174,-54154
174,-54710
174,-57906
174,-57902
174,-54898
174,-55842
174,-55962
174,-56244
174,-56384
174,-54810
174,-55472
174,-57218
174,-56010
174,-57222
174,-56262
174,-55198
174,-57536
174,-58570
174,-56840
174,-55414
174,-56172
174,-56904
174,-56178
174,-56692
174,-53652
174,-55206
174,-56640
174,-56476
174,-54930
174,-56434
174,-57272
174,-56596
174,-55490
174,-55958
174,-55584
174,-56104
174,-56770
174,-54256
174,-56238
174,-54896
174,-57294
174,-56002
175,-53946
175,-56540
175,-56228
175,-55476
175,-57858
175,-58098
175,-56430
175,-55780
175,-56294
175,-54622
175,-56934
175,-54732
175,-58332
175,-57210
175,-54942
175,-55764
175,-54250
175,-54680
175,-56380
175,-58526
175,-55590
175,-55746
175,-58296
175,-58252
175,-58356
175,-56284
175,-56648
175,-56448
175,-57450
175,-56338
175,-57394
175,-57460
175,-54156
175,-57482
175,-57194
175,-56220
175,-57828
175,-53782
175,-57392
175,-58416
175,-56314
175,-57084
175,-59072
175,-57028
175,-56296
175,-57796
175,-56146
175,-56896
176,-56008
176,-56942
176,-56776
176,-59084
176,-55958
176,-56598
176,-57620
176,-55628
176,-54766
176,-57852
176,-57426
176,-57288
176,-56488
176,-56334
176,-58630
176,-57444
176,-58016
176,-58130
176,-57488
176,-56842
176,-58300
176,-56340
176,-56768
176,-56716
176,-55308
176,-58454
176,-58014
176,-55562
176,-56664
176,-55786
176,-55880
176,-58518
176,-55508
176,-54776
176,-56224
176,-54634
176,-54236
176,-57488
176,-55278
176,-56070
176,-54472
176,-56014
176,-57110
176,-55990
176,-54420
176,-55768
176,-55312
176,-53530
177,-56058
177,-53938
177,-55156
177,-54932
177,-55054
177,-55606
177,-56140
177,-52764
177,-53700
177,-53352
177,-55082
177,-53838
177,-54070
177,-54838
177,-53800
177,-53540
177,-54452
177,-54890
177,-52818
177,-57514
177,-53720
177,-55362
177,-55346
177,-54122
177,-53448
177,-55750
177,-54616
177,-53708
177,-53630
177,-53678
177,-53550
177,-52842
177,-54538
177,-54200
177,-54738
177,-53894
177,-53136
177,-52256
177,-53454
177,-53440
177,-53250
177,-54122
177,-53698
177,-55066
177,-54130
177,-52720
177,-54236
177,-54456
178,-53838
178,-52372
178,-53292
178,-54114
178,-51802
178,-52830
178,-53794
178,-52628
178,-53082
178,-53222
178,-50974
178,-54276
178,-53226
178,-53674
178,-53214
178,-51358
178,-52244
178,-52064
178,-52622
178,-53370
178,-53262
178,-55092
178,-52048
178,-52980
178,-54192
178,-55290
178,-51882
178,-53882
178,-52310
178,-52966
178,-54654
178,-53944
178,-53990
178,-52558
178,-53622
178,-53266
178,-52030
178,-54296
178,-54264
178,-52346
178,-54352
178,-51860
178,-53676
178,-54404
178,-52638
178,-53156
178,-52434
178,-54016
179,-53876
179,-53558
179,-51740
179,-53474
179,-50818
179,-52686
179,-54748
179,-52912
179,-54050
179,-53158
179,-53310
179,-54572
179,-53478
179,-55940
179,-53532
179,-52788
179,-54182
179,-53760
179,-51782
179,-53308
179,-52832
179,-53324
179,-52424
179,-54264
179,-52706
179,-53692
179,-52396
179,-53596
179,-52766
179,-54000
179,-54806
179,-54900
179,-56070
179,-56002
179,-53886
179,-56514
179,-55540
179,-54978
179,-56228
179,-53728
179,-53148
179,-53546
179,-53646
179,-53830
179,-55556
179,-52616
179,-55418
179,-52354
180,-54690
180,-53456
180,-53640
180,-54370
180,-56068
180,-54268
180,-55412
180,-55478
180,-53352
180,-54822
180,-53288
180,-57006
180,-53006
180,-52796
180,-54538
180,-52948
180,-53962
180,-51720
180,-53206
180,-53740
180,-51648
180,-54232
180,-54886
180,-54220
180,-53600
180,-53684
180,-53856
180,-54908
180,-53470
180,-52536
180,-52968
180,-53696
180,-51340
180,-53802
180,-53322
180,-54842
180,-53712
180,-55732
180,-54628
180,-53910
180,-54576
180,-54316
180,-55482
180,-53876
180,-53206
180,-54280
180,-55582
180,-55328
181,-52616
181,-54376
181,-53040
181,-52768
181,-53590
181,-55600
181,-53934
181,-53336
181,-55188
181,-52662
181,-52318
181,-53194
181,-52802
181,-56364
181,-54522
181,-54030
181,-53002
181,-56284
181,-55132
181,-56132
181,-55922
181,-52436
181,-56140
181,-54026
181,-56240
181,-55876
181,-55348
181,-53822
181,-53140
181,-55542
181,-53032
181,-53836
181,-55310
181,-55778
181,-57018
181,-53036
181,-56792
181,-56400
181,-55146
181,-57850
181,-56876
181,-56948
181,-53514
181,-53624
181,-55460
181,-55908
181,-52720
181,-55440
182,-55602
182,-57242
182,-56366
182,-56072
182,-56826
182,-54990
182,-55256
182,-54694
182,-57888
182,-54066
182,-52930
182,-55818
182,-55874
182,-56890
182,-56568
182,-53162
182,-54856
182,-57208
182,-56714
182,-54574
182,-56006
182,-57634
182,-55736
182,-57244
182,-54494
182,-55914
182,-54998
182,-56882
182,-57428
182,-57618
182,-56456
182,-56640
182,-58690
182,-55502
182,-56588
182,-56140
182,-54998
182,-57800
182,-57780
182,-58000
182,-55900
182,-57656
182,-57218
182,-57342
182,-57646
182,-57896
182,-58042
182,-57104
183,-58136
183,-58634
183,-56556
183,-57510
183,-57282
183,-58690
183,-58938
183,-60612
183,-56866
183,-59738
183,-57512
183,-58628
183,-59618
183,-57322
183,-58682
183,-58620
183,-58966
183,-55770
183,-59298
183,-56640
183,-57934
183,-58344
183,-57522
183,-58224
183,-57410
183,-59048
183,-55788
183,-56348
183,-58274
183,-58864
183,-57046
183,-57136
183,-57040
183,-57944
183,-56594
183,-57770
183,-58162
183,-56876
183,-58706
183,-56292
183,-57226
183,-56076
183,-56506
183,-54510
183,-56736
183,-56164
183,-55372
183,-55624
184,-56864
184,-56964
184,-56054
184,-56754
184,-55284
184,-56316
184,-55774
184,-57174
184,-56022
184,-57486
184,-57942
184,-57770
184,-58822
184,-57182
184,-56680
184,-57738
184,-56828
184,-57418
184,-57918
184,-56268
184,-58366
184,-58318
184,-58188
184,-58032
184,-57884
184,-57648
184,-57324
184,-58182
184,-56994
184,-57816
184,-55844
184,-57886
184,-56470
184,-56346
184,-59742
184,-57802
184,-59204
184,-57734
184,-55506
184,-59346
184,-58724
184,-56134
184,-57614
184,-56832
184,-57740
184,-56886
184,-59806
184,-57728
185,-59650
185,-57350
185,-60860
185,-57108
185,-58928
185,-57694
185,-57570
185,-58404
185,-58158
185,-59614
185,-58322
185,-58928
185,-59338
185,-60182
185,-61254
185,-59820
185,-58702
185,-58418
185,-58278
185,-58546
185,-60252
185,-57880
185,-58936
185,-59480
185,-57844
185,-60286
185,-59316
185,-58386
185,-60188
185,-60760
185,-59348
185,-60144
185,-58160
185,-60338
185,-60750
185,-61018
185,-58752
185,-60324
185,-59998
185,-57804
185,-59162
185,-58592
185,-59226
185,-57998
185,-57680
185,-61692
185,-60608
185,-59738
186,-58168
186,-59122
186,-58990
186,-57390
186,-59738
186,-57372
186,-58586
186,-62218
186,-58392
186,-57494
186,-59268
186,-57792
186,-59228
186,-55678
186,-59006
186,-59938
186,-57908
186,-58000
186,-60136
186,-59164
186,-55792
186,-59728
186,-57324
186,-59026
186,-57586
186,-58360
186,-60638
186,-58480
186,-60644
186,-59252
186,-57026
186,-59190
186,-56868
186,-58478
186,-60054
186,-58878
186,-57430
186,-57112
186,-57162
186,-56422
186,-56534
186,-56894
186,-58882
186,-57892
186,-57180
186,-58280
186,-56520
186,-57750
187,-57592
187,-58952
187,-59488
187,-55554
187,-60352
187,-57228
187,-58096
187,-59360
187,-56608
187,-58854
187,-56860
187,-58672
187,-59052
187,-57876
187,-58156
187,-57434
187,-57338
187,-56630
187,-56978
187,-57560
187,-57542
187,-59242
187,-58096
187,-56944
187,-55772
187,-56516
187,-56134
187,-56716
187,-57048
187,-54776
187,-58200
187,-56228
187,-56522
187,-57088
187,-54982
187,-57380
187,-58108
187,-58454
187,-54844
187,-58180
187,-55682
187,-54864
187,-57642
187,-55852
187,-55780
187,-56216
187,-58498
187,-56184
188,-58892
188,-56522
188,-57004
188,-57002
188,-53824
188,-57736
188,-56450
188,-56776
188,-56112
188,-56572
188,-55272
188,-56156
188,-55146
188,-55928
188,-55138
188,-55494
188,-55684
188,-57278
188,-56642
188,-57568
188,-56520
188,-54142
188,-56592
188,-56070
188,-57168
188,-57086
188,-55662
188,-55072
188,-55316
188,-55420
188,-57546
188,-57022
188,-56308
188,-55776
188,-56590
188,-56318
188,-56730
188,-55810
188,-59340
188,-54616
188,-55768
188,-55454
188,-55996
188,-56568
188,-55674
188,-55078
188,-54046
188,-54882
189,-55092
189,-55672
189,-56928
189,-56886
189,-56346
189,-57692
189,-55266
189,-54228
189,-55276
189,-55226
189,-56070
189,-57860
189,-55286
189,-54860
189,-54810
189,-55298
189,-54664
189,-57014
189,-56270
189,-56028
189,-54574
189,-56798
189,-55988
189,-57258
189,-56806
189,-54526
189,-56618
189,-55040
189,-57936
189,-57584
189,-57380
189,-54414
189,-55376
189,-54796
189,-56244
189,-56634
189,-55058
189,-55942
189,-55264
189,-57214
189,-56094
189,-58008
189,-57042
189,-56690
189,-56706
189,-57414
189,-56430
189,-55974
190,-56750
190,-55180
190,-56754
190,-54816
190,-56434
190,-53116
190,-56002
190,-59524
190,-55906
190,-58120
190,-55212
190,-57884
190,-56798
190,-57602
190,-55986
190,-59492
190,-58082
190,-57998
190,-58096
190,-56018
190,-59976
190,-58276
190,-57642
190,-57308
190,-58938
190,-56096
190,-59406
190,-59236
190,-58628
190,-57878
190,-58164
190,-58140
190,-58806
190,-59044
190,-57800
190,-59572
190,-59678
190,-59464
190,-57572
190,-60422
190,-58722
190,-58472
190,-59920
190,-59466
190,-58662
190,-59398
190,-60576
190,-59404
191,-60310
191,-59064
191,-60224
191,-60568
191,-58492
191,-58774
191,-56430
191,-58402
191,-57842
191,-59210
191,-58836
191,-58120
191,-59154
191,-60768
191,-58928
191,-58886
191,-58890
191,-57422
191,-58104
191,-60462
191,-59370
191,-60056
191,-58862
191,-58076
191,-58614
191,-59386
191,-60632
191,-57084
191,-58186
191,-59962
191,-58298
191,-61012
191,-59330
191,-58494
191,-59166
191,-58654
191,-58508
191,-60028
191,-59578
191,-59366
191,-59048
191,-58668
191,-59428
191,-60176
191,-58308
191,-60100
191,-58490
191,-59468
192,-59050
192,-61586
192,-63000
192,-58742
192,-60448
192,-61598
192,-61650
192,-57082
192,-61348
192,-59816
192,-59592
192,-59602
192,-57868
192,-59186
192,-60944
192,-60384
192,-61524
192,-61004
192,-57224
192,-61226
192,-61020
192,-59622
192,-61316
192,-60206
192,-56696
192,-59078
192,-60008
192,-59250
192,-59774
192,-61806
192,-58710
192,-60516
192,-61866
192,-61946
192,-59876
192,-61056
192,-60682
192,-61624
192,-61132
192,-59504
192,-58172
192,-61112
192,-58666
192,-61050
192,-61342
192,-61036
192,-58652
192,-60396
193,-60706
193,-58086
193,-60384
193,-60790
193,-60020
193,-60806
193,-60584
193,-61296
193,-57566
193,-61304
193,-61558
193,-60894
193,-60856
193,-60198
193,-61100
193,-60314
193,-59584
193,-59096
193,-60870
193,-61204
193,-61424
193,-58244
193,-58798
193,-62294
193,-63362
193,-61162
193,-60838
193,-60646
193,-61142
193,-61718
193,-61518
193,-62060
193,-62070
193,-61586
193,-60368
193,-63058
193,-61738
193,-60266
193,-60026
193,-61104
193,-59716
193,-60568
193,-61972
193,-60254
193,-61620
193,-61742
193,-61154
193,-59656
194,-60536
194,-61936
194,-61836
194,-61378
194,-60246
194,-59950
194,-58086
194,-60726
194,-60952
194,-61836
194,-56644
194,-59808
194,-57790
194,-60790
194,-59278
194,-61864
194,-60170
194,-57952
194,-58638
194,-59148
194,-58576
194,-58542
194,-59836
194,-58528
194,-56930
194,-59666
194,-59434
194,-57790
194,-59402
194,-61102
194,-59680
194,-59132
194,-59518
194,-58770
194,-57190
194,-59328
194,-56584
194,-58580
194,-57280
194,-55048
194,-59808
194,-57184
194,-58890
194,-57684
194,-57022
194,-57948
194,-56886
194,-58968
195,-57134
195,-54592
195,-57298
195,-58308
195,-58302
195,-60144
195,-56142
195,-58042
195,-57712
195,-56362
195,-56924
195,-57168
195,-58794
195,-60494
195,-58474
195,-59098
195,-58916
195,-58136
195,-58248
195,-58082
195,-56878
195,-58944
195,-59486
195,-57672
195,-57848
195,-58636
195,-56856
195,-57902
195,-60920
195,-58894
195,-59252
195,-57340
195,-58936
195,-56930
195,-60158
195,-57600
195,-57350
195,-57066
195,-58466
195,-56032
195,-58408
195,-58140
195,-57736
195,-57882
195,-57760
195,-56402
195,-55272
195,-57234
196,-57286
196,-55156
196,-55034
196,-55266
196,-55306
196,-57476
196,-53306
196,-54576
196,-57140
196,-53162
196,-57428
196,-53482
196,-54820
196,-54690
196,-55720
196,-54150
196,-56796
196,-54872
196,-54320
196,-55008
196,-54432
196,-55310
196,-54106
196,-54118
196,-56384
196,-54544
196,-56262
196,-56362
196,-53314
196,-54746
196,-53916
196,-55724
196,-54474
196,-54616
196,-51582
196,-55578
196,-52734
196,-53070
196,-55444
196,-52116
196,-54654
196,-53438
196,-53266
196,-51870
196,-53338
196,-52828
196,-50856
196,-52776
197,-50944
197,-53600
197,-51748
197,-52656
197,-53136
197,-49386
197,-51428
197,-52720
197,-52558
197,-51056
197,-51148
197,-49984
197,-50746
197,-54850
197,-50992
197,-55728
197,-52384
197,-49706
197,-50358
197,-51726
197,-50586
197,-52380
197,-50436
197,-49804
197,-51980
197,-50172
197,-50088
197,-52366
197,-50336
197,-52574
197,-49238
197,-51814
197,-51928
197,-49040
197,-49780
197,-51066
197,-51024
197,-48808
197,-53178
197,-52736
197,-48754
197,-48202
197,-51090
197,-49258
197,-50652
197,-51342
197,-48392
197,-48130
198,-48476
198,-49636
198,-48824
198,-48962
198,-48190
198,-48274
198,-49080
198,-52628
198,-47668
198,-48604
198,-48506
198,-50398
198,-49202
198,-48794
198,-50412
198,-48244
198,-49460
198,-48372
198,-50822
198,-48812
198,-50810
198,-49142
198,-49314
198,-47696
198,-48238
198,-48884
198,-48358
198,-47848
198,-48352
198,-49596
198,-49166
198,-48196
198,-49038
198,-48740
198,-48538
198,-48514
198,-50364
198,-51008
198,-47584
198,-49576
198,-49126
198,-48952
198,-48722
198,-49124
198,-49728
198,-48746
198,-50794
198,-47622
199,-47678
199,-50284
199,-49890
199,-48982
199,-50434
199,-47778
199,-50856
199,-49106
199,-48548
199,-48970
199,-50184
199,-48880
199,-49496
199,-47416
199,-49062
199,-50022
199,-47064
199,-47374
199,-48684
199,-49444
199,-50376
199,-48916
199,-48456
199,-49556
199,-47654
199,-48926
199,-49772
199,-50120
199,-49396
199,-49632
199,-48574
199,-49754
199,-48974
199,-49762
199,-48516
199,-48654
199,-51606
199,-48492
199,-50048
199,-50394
199,-49346
199,-50826
199,-51106
199,-50878
199,-50106
199,-50294
199,-48708
199,-48444
200,-50024
200,-48308
200,-48810
200,-50794
200,-50362
200,-48874
200,-50560
200,-49116
200,-48922
200,-48182
200,-50332
200,-48586
200,-52152
200,-51058
200,-49406
200,-49770
200,-51188
200,-49618
200,-49698
200,-51766
200,-48850
200,-53286
200,-51124
200,-51266
200,-50792
200,-47824
200,-49520
200,-50334
200,-48750
200,-48212
200,-50940
200,-49380
200,-49074
200,-50664
200,-49734
200,-49268
200,-51626
200,-50204
200,-49360
200,-49838
200,-51804
200,-51562
200,-49948
200,-52168
200,-52988
200,-51558
200,-52412
200,-51244
201,-51460
201,-51686
201,-48900
201,-51540
201,-50826
201,-50390
201,-51896
201,-50134
201,-53194
201,-52374
201,-53086
201,-52784
201,-53226
201,-54130
201,-51296
201,-50710
201,-55112
201,-51658
201,-51306
201,-51632
201,-51564
201,-52522
201,-51460
201,-50916
201,-52010
201,-54836
201,-52220
201,-53438
201,-53206
201,-50926
201,-54324
201,-54046
201,-51220
201,-52396
201,-53022
201,-53308
201,-53352
201,-52292
201,-51556
201,-51718
201,-53116
201,-52700
201,-53302
201,-53252
201,-52952
201,-52788
201,-52100
201,-53362
202,-52586
202,-53378
202,-52606
202,-54598
202,-52792
202,-55610
202,-55118
202,-52706
202,-55846
202,-55274
202,-54896
202,-55336
202,-56062
202,-55488
202,-53890
202,-55332
202,-56844
202,-55448
202,-52246
202,-57022
202,-54474
202,-55304
202,-56810
202,-56870
202,-55704
202,-55042
202,-55788
202,-53310
202,-55306
202,-55552
202,-55044
202,-57502
202,-53826
202,-56858
202,-57178
202,-56674
202,-58056
202,-52870
202,-56084
202,-58994
202,-56930
202,-57342
202,-57622
202,-55950
202,-54646
202,-57582
202,-55620
202,-57976
203,-55530
203,-58192
203,-57362
203,-57332
203,-54514
203,-55406
203,-57958
203,-56920
203,-57544
203,-57562
203,-57216
203,-56270
203,-59562
203,-55538
203,-55434
203,-57340
203,-57794
203,-57370
203,-56700
203,-57982
203,-53428
203,-56152
203,-53740
203,-57160
203,-53698
203,-54494
203,-53754
203,-57412
203,-54978
203,-56138
203,-57878
203,-56460
203,-57024
203,-55188
203,-56346
203,-56060
203,-55820
203,-57184
203,-55528
203,-58928
203,-56090
203,-58248
203,-54668
203,-57420
203,-57662
203,-56096
203,-57016
203,-55218
204,-56760
204,-55844
204,-56454
204,-56540
204,-56644
204,-57320
204,-55898
204,-54634
204,-55838
204,-55428
204,-55762
204,-56952
204,-57756
204,-55264
204,-57168
204,-56548
204,-56000
204,-53770
204,-55982
204,-57212
204,-58728
204,-56296
204,-56296
204,-57044
204,-54428
204,-54290
204,-57846
204,-54950
204,-57484
204,-56380
204,-56720
204,-56830
204,-57872
204,-57810
204,-56660
204,-56738
204,-57684
204,-58580
204,-57194
204,-55398
204,-56116
204,-56884
204,-57006
204,-58434
204,-57050
204,-57734
204,-57602
204,-56394
205,-58388
205,-57974
205,-57198
205,-58884
205,-57014
205,-58254
205,-57216
205,-55510
205,-57146
205,-57316
205,-55662
205,-57600
205,-56940
205,-55420
205,-55328
205,-55316
205,-55418
205,-56470
205,-54990
205,-55980
205,-56192
205,-56034
205,-55540
205,-57962
205,-59402
205,-57810
205,-56788
205,-57092
205,-58144
205,-57702
205,-57778
205,-57402
205,-54566
205,-57346
205,-56854
205,-59468
205,-57028
205,-58532
205,-58678
205,-57484
205,-57210
205,-58290
205,-56038
205,-57998
205,-57350
205,-56402
205,-57144
205,-57526
206,-56502
206,-56324
206,-55556
206,-54608
206,-56370
206,-55942
206,-57186
206,-54190
206,-55606
206,-55416
206,-53738
206,-53556
206,-52974
206,-55972
206,-56814
206,-54724
206,-55600
206,-54568
206,-53958
206,-54748
206,-56880
206,-53544
206,-52840
206,-55614
206,-56982
206,-53780
206,-56302
206,-54394
206,-55922
206,-56078
206,-53072
206,-54978
206,-54678
206,-52930
206,-55386
206,-53862
206,-53100
206,-54460
206,-53924
206,-54296
206,-55318
206,-53586
206,-55094
206,-54280
206,-52142
206,-54478
206,-53398
206,-53922
207,-54244
207,-55566
207,-57004
207,-54996
207,-53744
207,-53812
207,-54818
207,-54788
207,-56414
207,-54932
207,-57232
207,-56604
207,-53742
207,-56306
207,-56512
207,-53858
207,-53648
207,-54634
207,-54342
207,-53646
207,-55892
207,-54136
207,-54410
207,-53582
207,-52712
207,-54468
207,-54230
207,-55112
207,-54656
207,-52390
207,-51712
207,-52386
207,-54550
207,-54974
207,-52334
207,-54274
207,-54366
207,-54106
207,-52682
207,-54214
207,-54554
207,-53584
207,-55574
207,-51820
207,-53822
207,-52392
207,-54612
207,-54654
208,-53088
208,-53706
208,-52234
208,-53682
208,-54942
208,-53874
208,-51510
208,-53900
208,-53994
208,-55010
208,-52902
208,-53666
208,-51160
208,-54404
208,-55440
208,-52572
208,-51858
208,-56554
208,-52100
208,-55070
208,-52304
208,-52702
208,-53014
208,-51714
208,-53528
208,-51990
208,-54204
208,-54652
208,-53934
208,-55032
208,-54094
208,-55320
208,-53384
208,-53812
208,-53528
208,-52780
208,-53054
208,-53740
208,-54336
208,-53268
208,-54394
208,-54004
208,-52436
208,-55682
208,-56508
208,-56102
208,-54026
208,-54192
209,-55444
209,-54610
209,-55604
209,-54866
209,-54284
209,-54182
209,-53972
209,-54338
209,-54060
209,-53672
209,-53656
209,-54044
209,-53418
209,-52670
209,-53734
209,-53722
209,-53880
209,-53172
209,-53856
209,-54756
209,-54720
209,-53772
209,-54974
209,-54740
209,-55592
209,-53048
209,-53136
209,-53396
209,-54884
209,-52952
209,-52472
209,-52486
209,-51368
209,-54016
209,-53140
209,-54830
209,-53624
209,-54752
209,-53900
209,-55328
209,-54930
209,-54460
209,-53892
209,-54398
209,-55976
209,-53350
209,-57502
209,-55456
210,-57304
210,-56214
210,-55022
210,-57092
210,-54472
210,-56550
210,-54332
210,-53460
210,-52394
210,-54340
210,-55916
210,-54382
210,-53542
210,-53250
210,-53386
210,-55170
210,-54218
210,-55944
210,-54528
210,-54986
210,-56032
210,-53418
210,-56630
210,-54856
210,-55144
210,-55740
210,-58076
210,-53800
210,-55906
210,-53432
210,-55202
210,-55514
210,-54456
210,-54694
210,-55428
210,-55320
210,-55080
210,-54604
210,-54396
210,-55558
210,-55774
210,-54230
210,-55326
210,-57320
210,-54528
210,-57742
210,-56230
210,-55782
211,-55752
211,-56294
211,-55368
211,-55272
211,-56318
211,-55906
211,-54690
211,-54862
211,-56866
211,-58234
211,-55780
211,-54814
211,-58394
211,-54030
211,-56318
211,-55198
211,-54034
211,-54268
211,-55898
211,-58394
211,-55482
211,-59442
211,-55752
211,-56186
211,-56338
211,-54962
211,-55720
211,-57418
211,-55764
211,-58930
211,-56264
211,-54764
211,-55962
211,-57446
211,-58058
211,-55302
211,-57690
211,-57634
211,-56732
211,-56040
211,-56150
211,-57698
211,-59750
211,-56318
211,-56710
211,-55970
211,-55842
211,-57360
212,-56170
212,-56238
212,-57094
212,-55676
212,-56914
212,-55156
212,-55920
212,-57184
212,-57260
212,-57330
212,-56714
212,-57302
212,-54978
212,-56272
212,-56880
212,-57422
212,-56928
212,-57648
212,-55790
212,-57418
212,-55166
212,-56120
212,-55096
212,-56464
212,-56574
212,-56194
212,-57630
212,-55158
212,-55614
212,-57150
212,-58936
212,-54980
212,-57964
212,-57596
212,-54402
212,-57920
212,-56452
212,-57998
212,-56138
212,-59176
212,-57928
212,-57484
212,-57494
212,-55786
212,-58788
212,-55176
212,-55324
212,-56160
213,-54292
213,-54846
213,-54094
213,-53514
213,-55808
213,-55142
213,-56468
213,-57750
213,-55728
213,-56274
213,-55728
213,-55474
213,-55006
213,-55446
213,-54832
213,-55824
213,-55404
213,-54198
213,-54730
213,-54956
213,-53678
213,-54752
213,-53894
213,-55632
213,-54000
213,-55574
213,-56164
213,-52698
213,-55338
213,-55886
213,-55374
213,-53232
213,-54524
213,-54706
213,-54468
213,-54840
213,-53108
213,-55694
213,-53414
213,-54902
213,-54858
213,-55428
213,-54654
213,-56660
213,-52808
213,-54326
213,-55158
213,-54744
214,-55868
214,-55898
214,-52060
214,-52390
214,-52252
214,-54858
214,-52178
214,-52130
214,-55066
214,-51644
214,-52768
214,-53504
214,-54248
214,-53014
214,-53226
214,-52426
214,-53240
214,-52302
214,-52706
214,-54394
214,-53514
214,-51876
214,-53410
214,-51806
214,-52672
214,-53568
214,-51436
214,-50218
214,-52982
214,-53826
214,-54772
214,-52950
214,-50762
214,-53364
214,-48486
214,-54968
214,-51746
214,-51620
214,-51576
214,-50462
214,-51062
214,-50922
214,-53026
214,-50742
214,-50094
214,-52828
214,-50818
214,-52192
215,-51570
215,-51214
215,-52072
215,-50396
215,-50840
215,-50650
215,-50482
215,-51794
215,-51402
215,-50328
215,-50928
215,-51276
215,-50854
215,-51666
215,-51810
215,-51378
215,-49434
215,-52920
215,-49730
215,-49238
215,-48852
215,-48996
215,-50122
215,-48520
215,-50680
215,-50748
215,-50470
215,-48896
215,-49754
215,-50202
215,-51956
215,-48622
215,-49836
215,-49286
215,-48462
215,-49010
215,-49678
215,-50854
215,-49264
215,-50286
215,-48152
215,-50748
215,-49328
215,-49442
215,-49062
215,-48938
215,-49910
215,-48850
216,-48928
216,-49566
216,-50146
216,-50658
216,-48558
216,-49414
216,-50498
216,-48464
216,-50426
216,-47452
216,-48874
216,-48094
216,-48764
216,-50364
216,-47420
216,-49638
216,-47504
216,-48202
216,-48364
216,-47770
216,-48686
216,-47378
216,-47516
216,-48328
216,-46904
216,-47546
216,-49400
216,-47240
216,-48302
216,-45508
216,-46868
216,-46068
216,-48324
216,-47416
216,-48630
216,-48204
216,-48416
216,-48458
216,-47392
216,-48210
216,-47864
216,-47126
216,-48230
216,-47384
216,-47896
216,-44098
216,-45872
216,-45378
217,-47210
217,-47588
217,-45018
217,-46810
217,-47682
217,-47710
217,-44550
217,-46936
217,-44104
217,-46804
217,-46502
217,-44380
217,-44270
217,-46934
217,-45480
217,-45318
217,-48394
217,-47740
217,-45728
217,-45792
217,-49544
217,-45436
217,-48126
217,-45380
217,-48006
217,-47284
217,-45476
217,-47236
217,-46638
217,-46710
217,-45738
217,-46582
217,-49252
217,-45926
217,-44750
217,-45772
217,-46244
217,-45776
217,-47394
217,-46742
217,-47086
217,-46804
217,-48034
217,-46820
217,-47800
217,-46984
217,-47140
217,-47342
218,-46496
218,-49050
218,-48164
218,-47970
218,-46404
218,-44534
218,-46438
218,-46876
218,-45442
218,-47024
218,-46728
218,-47676
218,-45946
218,-45394
218,-46268
218,-47130
218,-47440
218,-46274
218,-46568
218,-47120
218,-46144
218,-47610
218,-45250
218,-45976
218,-48350
218,-45802
218,-45580
218,-45438
218,-47306
218,-50064
218,-46830
218,-44592
218,-44166
218,-45158
218,-46822
218,-42694
218,-46056
218,-45996
218,-42402
218,-46676
218,-44688
218,-45288
218,-47354
218,-45892
218,-45622
218,-44772
218,-44772
218,-43768
219,-45922
219,-45152
219,-45706
219,-45370
219,-46250
219,-44146
219,-45986
219,-43542
219,-46022
219,-45298
219,-44954
219,-46720
219,-44394
219,-45296
219,-43138
219,-45560
219,-44566
219,-47316
219,-44646
219,-43886
219,-43124
219,-44732
219,-44666
219,-45988
219,-44636
219,-44044
219,-46488
219,-46620
219,-45950
219,-47592
219,-44194
219,-45640
219,-44534
219,-45122
219,-45278
219,-45894
219,-46368
219,-47316
219,-45314
219,-47098
219,-46074
219,-44550
219,-45620
219,-45426
219,-45770
219,-45552
219,-44182
219,-45208
220,-42514
220,-45774
220,-45260
220,-46754
220,-46672
220,-43458
220,-45190
220,-44066
220,-46326
220,-43152
220,-44882
220,-44260
220,-45084
220,-43848
220,-44232
220,-42116
220,-43428
220,-45988
220,-46780
220,-43976
220,-45162
220,-46562
220,-44166
220,-45152
220,-44596
220,-45316
220,-45476
220,-44460
220,-47394
220,-44162
220,-45768
220,-45488
220,-46324
220,-46182
220,-48094
220,-44460
220,-44656
220,-46702
220,-47110
220,-46132
220,-44846
220,-46762
220,-47226
220,-47598
220,-44762
220,-45394
220,-48244
220,-46976
221,-46684
221,-45058
221,-46288
221,-46738
221,-45852
221,-47172
221,-46808
221,-45178
221,-48166
221,-46486
221,-45306
221,-48960
221,-45184
221,-47594
221,-46426
221,-47102
221,-44984
221,-47770
221,-48176
221,-46036
221,-46336
221,-45248
221,-45604
221,-45742
221,-44446
221,-46906
221,-46236
221,-46354
221,-46474
221,-45642
221,-46856
221,-46200
221,-44200
221,-46844
221,-44440
221,-44880
221,-44730
221,-45578
221,-42660
221,-44196
221,-46522
221,-46924
221,-45552
221,-45512
221,-43526
221,-44904
221,-44236
221,-44378
222,-44938
222,-43194
222,-43968
222,-42118
222,-44730
222,-43204
222,-43570
222,-44694
222,-43818
222,-44494
222,-43206
222,-45478
222,-44772
222,-43256
222,-44136
222,-43962
222,-42818
222,-44940
222,-43716
222,-44256
222,-42662
222,-44028
222,-42476
222,-45914
222,-43324
222,-42974
222,-45450
222,-42682
222,-45078
222,-44868
222,-42446
222,-41090
222,-43546
222,-41412
222,-44306
222,-42932
222,-44008
222,-42666
222,-43666
222,-44732
222,-43050
222,-43810
222,-42280
222,-42618
222,-43226
222,-42052
222,-43336
222,-41252
223,-40840
223,-42930
223,-42682
223,-42220
223,-42898
223,-42940
223,-42270
223,-45078
223,-40942
223,-41902
223,-42612
223,-40390
223,-41600
223,-42564
223,-42660
223,-41392
223,-41966
223,-40912
223,-43360
223,-42672
223,-40726
223,-41858
223,-39762
223,-39606
223,-43080
223,-42008
223,-42112
223,-39508
223,-40094
223,-39484
223,-41212
223,-41116
223,-40866
223,-39692
223,-40378
223,-40488
223,-40400
223,-42094
223,-41702
223,-42840
223,-40350
223,-40720
223,-38080
223,-41216
223,-40708
223,-39464
223,-40282
223,-42642
224,-42434
224,-39866
224,-41560
224,-39326
224,-38794
224,-41144
224,-40424
224,-41566
224,-42234
224,-42340
224,-41170
224,-40786
224,-39300
224,-39522
224,-40598
224,-38500
224,-40118
224,-42340
224,-38906
224,-41250
224,-39720
224,-41116
224,-40444
224,-40298
224,-41756
224,-41484
224,-40560
224,-41020
224,-38794
224,-39956
224,-39152
224,-39274
224,-42808
224,-40734
224,-42416
224,-39250
224,-40026
224,-41246
224,-39462
224,-39590
224,-40988
224,-40782
224,-41110
224,-39216
224,-41618
224,-42036
224,-39912
224,-41192
225,-41708
225,-41804
225,-42092
225,-44724
225,-41772
225,-44078
225,-40554
225,-40910
225,-42854
225,-42938
225,-44004
225,-43986
225,-43142
225,-42350
225,-42920
225,-43912
225,-41794
225,-43296
225,-41826
225,-43854
225,-42666
225,-40198
225,-40730
225,-42430
225,-41624
225,-39770
225,-43080
225,-41440
225,-41744
225,-41250
225,-42276
225,-42192
225,-43980
225,-40974
225,-42528
225,-41782
225,-43060
225,-42520
225,-41286
225,-42754
225,-43452
225,-42372
225,-42566
225,-41844
225,-41622
225,-40556
225,-43638
225,-43174
226,-42868
226,-42780
226,-41994
226,-41480
226,-42120
226,-39994
226,-40842
226,-42016
226,-42738
226,-43484
226,-42502
226,-41500
226,-42774
226,-40956
226,-44196
226,-43984
226,-41564
226,-42022
226,-42308
226,-41582
226,-42788
226,-43744
226,-42516
226,-42006
226,-43158
226,-41214
226,-42402
226,-38678
226,-41010
226,-42432
226,-42422
226,-40704
226,-43186
226,-44944
226,-42822
226,-41538
226,-43588
226,-43260
226,-40806
226,-43046
226,-41464
226,-44744
226,-40458
226,-41624
226,-42794
226,-42446
226,-42924
226,-43270
227,-40788
227,-42116
227,-41050
227,-43520
227,-42658
227,-41000
227,-41420
227,-41784
227,-42838
227,-42934
227,-42530
227,-41886
227,-43786
227,-41130
227,-43250
227,-43766
227,-42654
227,-42210
227,-42622
227,-43844
227,-42404
227,-43576
227,-41854
227,-42946
227,-42228
227,-44454
227,-41854
227,-41130
227,-43150
227,-40452
227,-42020
227,-41604
227,-40912
227,-43092
227,-42044
227,-40452
227,-41984
227,-40732
227,-42014
227,-41422
227,-41014
227,-42186
227,-41198
227,-42276
227,-41218
227,-41832
227,-40316
227,-39566
228,-42846
228,-41586
228,-39076
228,-38684
228,-41576
228,-41490
228,-40504
228,-40824
228,-39992
228,-41316
228,-41208
228,-41082
228,-40438
228,-43026
228,-38644
228,-43762
228,-41226
228,-42676
228,-42066
228,-41844
228,-36818
228,-40710
228,-40154
228,-38636
228,-39178
228,-39004
228,-38376
228,-36940
228,-39080
228,-39248
228,-37812
228,-38244
228,-39684
228,-36672
228,-40548
228,-39682
228,-38108
228,-39090
228,-39400
228,-38608
228,-37152
228,-39668
228,-39256
228,-37338
228,-38488
228,-37100
228,-39264
228,-39298
229,-37908
229,-37638
229,-37956
229,-38662
229,-40684
229,-37970
229,-38066
229,-37654
229,-37492
229,-38494
229,-36666
229,-37668
229,-35498
229,-38868
229,-36740
229,-36244
229,-35366
229,-38016
229,-36306
229,-37690
229,-37448
229,-37250
229,-36512
229,-36292
229,-37676
229,-36084
229,-36332
229,-37536
229,-36534
229,-37562
229,-37080
229,-36702
229,-35702
229,-37320
229,-38758
229,-37180
229,-36508
229,-36224
229,-37408
229,-36400
229,-36986
229,-36664
229,-37362
229,-35370
229,-37108
229,-37740
229,-36454
229,-35056
230,-37174
230,-33372
230,-35952
230,-36404
230,-36794
230,-36096
230,-35024
230,-34588
230,-34580
230,-34990
230,-33676
230,-35084
230,-33958
230,-34526
230,-33570
230,-33684
230,-36392
230,-34040
230,-35114
230,-35760
230,-32910
230,-33486
230,-33930
230,-35620
230,-34220
230,-33680
230,-33198
230,-33528
230,-33752
230,-33562
230,-34494
230,-33584
230,-31942
230,-33598
230,-35998
230,-32418
230,-34212
230,-35116
230,-33360
230,-33480
230,-32560
230,-33022
230,-32608
230,-35108
230,-34066
230,-33088
230,-35394
230,-33546
231,-32936
231,-31732
231,-35648
231,-32094
231,-33308
231,-33518
231,-33678
231,-32254
231,-34346
231,-32476
231,-34022
231,-34310
231,-31890
231,-32512
231,-31612
231,-31926
231,-34614
231,-34692
231,-32968
231,-36062
231,-33058
231,-33642
231,-32310
231,-35142
231,-33206
231,-33824
231,-33856
231,-32546
231,-32030
231,-30378
231,-33632
231,-33264
231,-31702
231,-34008
231,-32530
231,-31538
231,-32438
231,-31872
231,-34078
231,-31760
231,-33398
231,-30342
231,-32830
231,-32768
231,-29698
231,-35106
231,-31498
231,-31904
232,-32880
232,-31410
232,-29712
232,-33288
232,-33238
232,-33058
232,-31234
232,-31552
232,-34814
232,-33238
232,-30686
232,-34528
232,-30676
232,-32290
232,-33100
232,-31326
232,-31390
232,-30916
232,-28674
232,-30812
232,-28384
232,-30000
232,-31820
232,-30250
232,-31488
232,-32704
232,-31158
232,-33578
232,-32932
232,-32908
232,-31358
232,-34682
232,-33090
232,-32986
232,-31224
232,-32086
232,-32498
232,-33564
232,-32308
232,-32220
232,-33164
232,-32484
232,-31140
232,-31984
232,-30220
232,-30894
232,-32570
232,-31300
233,-31974
233,-32828
233,-30266
233,-32522
233,-30934
233,-31330
233,-30370
233,-29692
233,-32684
233,-30368
233,-32230
233,-30940
233,-29736
233,-30908
233,-30414
233,-29254
233,-32378
233,-27214
233,-31454
233,-31454
233,-30398
233,-31236
233,-30478
233,-31008
233,-32480
233,-30012
233,-32120
233,-31006
233,-29324
233,-31120
233,-29150
233,-29004
233,-30814
233,-31000
233,-29962
233,-29210
233,-30498
233,-29460
233,-29618
233,-28968
233,-28346
233,-28282
233,-29040
233,-29216
233,-30510
233,-26820
233,-30060
233,-28014
234,-28112
234,-27480
234,-28698
234,-31332
234,-29888
234,-29112
234,-29868
234,-31320
234,-27308
234,-31552
234,-28906
234,-28018
234,-30120
234,-26608
234,-29996
234,-29508
234,-27482
234,-29634
234,-29596
234,-27274
234,-29346
234,-28962
234,-29242
234,-30200
234,-32208
234,-28102
234,-28788
234,-30542
234,-28766
234,-29832
234,-28982
234,-28756
234,-32046
234,-28796
234,-29958
234,-29300
234,-29846
234,-28296
234,-30310
234,-27764
234,-30148
234,-30580
234,-30186
234,-29212
234,-29022
234,-29140
234,-29904
234,-27044
235,-31330
235,-29536
235,-28776
235,-30106
235,-29534
235,-29636
235,-31648
235,-29980
235,-31714
235,-29370
235,-31934
235,-30044
235,-30732
235,-31908
235,-31190
235,-30982
235,-31944
235,-30236
235,-30966
235,-32168
235,-32162
235,-28654
235,-31334
235,-30956
235,-31436
235,-31872
235,-30860
235,-30748
235,-30770
235,-30260
235,-30192
235,-30530
235,-29934
235,-31326
235,-30060
235,-29816
235,-29072
235,-29044
235,-30330
235,-27862
235,-31234
235,-29312
235,-28550
235,-31198
235,-30362
235,-29734
235,-30480
235,-30822
236,-32342
236,-32172
236,-30856
236,-30240
236,-28974
236,-32522
236,-30632
236,-28166
236,-29668
236,-28566
236,-32290
236,-30114
236,-30644
236,-31600
236,-30630
236,-32730
236,-30362
236,-28656
236,-29408
236,-26100
236,-28206
236,-28108
236,-28444
236,-28562
236,-29690
236,-29120
236,-29578
236,-27136
236,-27606
236,-30050
236,-27426
236,-28388
236,-27144
236,-29304
236,-28126
236,-27510
236,-26666
236,-29124
236,-27154
236,-29806
236,-28680
236,-29290
236,-28054
236,-28070
236,-29844
236,-29380
236,-28220
236,-27260
237,-30624
237,-29020
237,-29722
237,-30080
237,-29298
237,-30562
237,-28766
237,-30998
237,-29688
237,-29198
237,-30114
237,-31002
237,-30120
237,-28662
237,-30440
237,-30868
237,-30862
237,-30976
237,-29524
237,-31776
237,-28630
237,-29776
237,-28298
237,-28930
237,-29558
237,-31098
237,-28552
237,-31992
237,-30254
237,-29282
237,-29122
237,-29710
237,-27968
237,-29390
237,-27638
237,-30314
237,-26598
237,-29168
237,-27512
237,-29280
237,-31274
237,-29226
237,-29948
237,-28900
237,-30866
237,-27742
237,-30462
237,-30344
238,-29088
238,-30238
238,-28554
238,-30538
238,-29634
238,-29154
238,-26844
238,-28204
238,-28302
238,-27406
238,-29166
238,-26298
238,-27514
238,-27790
238,-25712
238,-26730
238,-29382
238,-26826
238,-26428
238,-25942
238,-25742
238,-26108
238,-27840
238,-26836
238,-26442
238,-26150
238,-26702
238,-26736
238,-27324
238,-26978
238,-26580
238,-24290
238,-27970
238,-25460
238,-24034
238,-24914
238,-26656
238,-25164
238,-25734
238,-24472
238,-25834
238,-25948
238,-27018
238,-25792
238,-28050
238,-26852
238,-22494
238,-26368
239,-22136
239,-24944
239,-23552
239,-25142
239,-23994
239,-26884
239,-24112
239,-25414
239,-25188
239,-24638
239,-26784
239,-24814
239,-24556
239,-24376
239,-25308
239,-24832
239,-23868
239,-24650
239,-26368
239,-25634
239,-26238
239,-25680
239,-27000
239,-27404
239,-22676
239,-25622
239,-25142
239,-24792
239,-24532
239,-24880
239,-24754
239,-24546
239,-25034
239,-24772
239,-27588
239,-24364
239,-24674
239,-24582
239,-25366
239,-25758
239,-22930
239,-25844
239,-23062
239,-22602
239,-25366
239,-23610
239,-24260
239,-23718
240,-23126
240,-23642
240,-22300
240,-21984
240,-21170
240,-24288
240,-22796
240,-21260
240,-22980
240,-21240
240,-21488
240,-23250
240,-21886
240,-21624
240,-22224
240,-20184
240,-22706
240,-20576
240,-22972
240,-22050
240,-20430
240,-19654
240,-21482
240,-20092
240,-18532
240,-20574
240,-21132
240,-20704
240,-20222
240,-22078
240,-19700
240,-22274
240,-20724
240,-20454
240,-22226
240,-20990
240,-20988
240,-19204
240,-22916
240,-20634
240,-22000
240,-21350
240,-22498
240,-23052
240,-22904
240,-19030
240,-19698
240,-21756
241,-18964
241,-22432
241,-20426
241,-22982
241,-21832
241,-20258
241,-18974
241,-20472
241,-20852
241,-21752
241,-21116
241,-21528
241,-21280
241,-20218
241,-20336
241,-20220
241,-19636
241,-20086
241,-20964
241,-20568
241,-19994
241,-19438
241,-20192
241,-23934
241,-18818
241,-21206
241,-20806
241,-21776
241,-21916
241,-21866
241,-19766
241,-20930
241,-21312
241,-22704
241,-20618
241,-20444
241,-20072
241,-20958
241,-20590
241,-22848
241,-20444
241,-21480
241,-22852
241,-21572
241,-22666
241,-22054
241,-20306
241,-21318
242,-22272
242,-19096
242,-21184
242,-19612
242,-21336
242,-20980
242,-21380
242,-21712
242,-21876
242,-23408
242,-21730
242,-21260
242,-20702
242,-21082
242,-20160
242,-21576
242,-21392
242,-22782
242,-21172
242,-22610
242,-20552
242,-22100
242,-20638
242,-22096
242,-21664
242,-21586
242,-21604
242,-19848
242,-20790
242,-20024
242,-24018
242,-22046
242,-20622
242,-20642
242,-20360
242,-21008
242,-21262
242,-18886
242,-21872
242,-19592
242,-20842
242,-21326
242,-20442
242,-18702
242,-23242
242,-20680
242,-20422
242,-20212
243,-21962
243,-19812
243,-19778
243,-20570
243,-22244
243,-21556
243,-22334
243,-23114
243,-19760
243,-22480
243,-21576
243,-22050
243,-22012
243,-21986
243,-21490
243,-22820
243,-24210
243,-22150
243,-21890
243,-19868
243,-22426
243,-20522
243,-19762
243,-24316
243,-21274
243,-20768
243,-22482
243,-18976
243,-20942
243,-20452
243,-20990
243,-19866
243,-22564
243,-20526
243,-20516
243,-23120
243,-22226
243,-19020
243,-20900
243,-21950
243,-20262
243,-21178
243,-20778
243,-21482
243,-21306
243,-21576
243,-23646
243,-21290
244,-24058
244,-21392
244,-23716
244,-23052
244,-21986
244,-22892
244,-23494
244,-22038
244,-21392
244,-20350
244,-24450
244,-23190
244,-24540
244,-23878
244,-23980
244,-24834
244,-24218
244,-22480
244,-23050
244,-25876
244,-24886
244,-23696
244,-24782
244,-22024
244,-23348
244,-23592
244,-22028
244,-22664
244,-21016
244,-25078
244,-24078
244,-23092
244,-21898
244,-23096
244,-25096
244,-22630
244,-21562
244,-25806
244,-21294
244,-23314
244,-23878
244,-25306
244,-22242
244,-22410
244,-23048
244,-23160
244,-23140
244,-22660
245,-23780
245,-23056
245,-22176
245,-23602
245,-23732
245,-22110
245,-24154
245,-22190
245,-20940
245,-22016
245,-23584
245,-22926
245,-23116
245,-22986
245,-23192
245,-22676
245,-23094
245,-23038
245,-21860
245,-21974
245,-23016
245,-23652
245,-22984
245,-24352
245,-23088
245,-22582
245,-24410
245,-22142
245,-25930
245,-23604
245,-22764
245,-23630
245,-25252
245,-23138
245,-22958
245,-23802
245,-22284
245,-23034
245,-23640
245,-21640
245,-21834
245,-22476
245,-22938
245,-23186
245,-22628
245,-20054
245,-23448
245,-21696
246,-22700
246,-23266
246,-24182
246,-25614
246,-24148
246,-24434
246,-23198
246,-23734
246,-23370
246,-25232
246,-22946
246,-25776
246,-22964
246,-22726
246,-25220
246,-22488
246,-24226
246,-22642
246,-22302
246,-24974
246,-23686
246,-22832
246,-22980
246,-22148
246,-21564
246,-23562
246,-21942
246,-23790
246,-23002
246,-24600
246,-24670
246,-23122
246,-24398
246,-23514
246,-24658
246,-22632
246,-26460
246,-24020
246,-23642
246,-23678
246,-25404
246,-22192
246,-24924
246,-22802
246,-25410
246,-25440
246,-24456
246,-26568
247,-25118
247,-25898
247,-25978
247,-27890
247,-22614
247,-25898
247,-25186
247,-26110
247,-23610
247,-22988
247,-22370
247,-25980
247,-24796
247,-22770
247,-22984
247,-25102
247,-22516
247,-24766
247,-22762
247,-23604
247,-24028
247,-22378
247,-24306
247,-23514
247,-23242
247,-25308
247,-21892
247,-22796
247,-23748
247,-23460
247,-22782
247,-22084
247,-22304
247,-21006
247,-23520
247,-24868
247,-23244
247,-23472
247,-23028
247,-21086
247,-21796
247,-20950
247,-22702
247,-21770
247,-23526
247,-20980
247,-25160
247,-24078
248,-21018
248,-21404
248,-23640
248,-21838
248,-23244
248,-21686
248,-21648
248,-22142
248,-20732
248,-24174
248,-21010
248,-23778
248,-23446
248,-22594
248,-21816
248,-22464
248,-23100
248,-22974
248,-22042
248,-22160
248,-22512
248,-21338
248,-22194
248,-19310
248,-21158
248,-23844
248,-25016
248,-22792
248,-22436
248,-22214
248,-22238
248,-22194
248,-22300
248,-22418
248,-21884
248,-23038
248,-21336
248,-22202
248,-24320
248,-24034
248,-21818
248,-23416
248,-23324
248,-22774
248,-22240
248,-24028
248,-23522
248,-23396
249,-22854
249,-23628
249,-22992
249,-22962
249,-25902
249,-23594
249,-24368
249,-23688
249,-22642
249,-22392
249,-24892
249,-24328
249,-23290
249,-24352
249,-23354
249,-24878
249,-23928
249,-22280
249,-25276
249,-24640
249,-25690
249,-25256
249,-22354
249,-25140
249,-26628
249,-24722
249,-24304
249,-25066
249,-25494
249,-25998
249,-27170
249,-25412
249,-24932
249,-25940
249,-23800
249,-24788
249,-24612
249,-28602
249,-24932
249,-27434
249,-24716
249,-24864
249,-24172
249,-25390
249,-24144
249,-23586
249,-24762
249,-22070
250,-24340
250,-23654
250,-23876
250,-24348
250,-25038
250,-25108
250,-24368
250,-24938
250,-24478
250,-22812
250,-22022
250,-22002
250,-23038
250,-23066
250,-22546
250,-23288
250,-23846
250,-23540
250,-24050
250,-24244
250,-22310
250,-21810
250,-21462
250,-22966
250,-21452
250,-25006
250,-21338
250,-23700
250,-22794
250,-22420
250,-24400
250,-22984
250,-22966
250,-23152
250,-23000
250,-23218
250,-23442
250,-22918
250,-22798
250,-22562
250,-20716
250,-21324
250,-21182
250,-22120
250,-23272
250,-21746
250,-20598
250,-21816
251,-22676
251,-20996
251,-23288
251,-23480
251,-22850
251,-22086
251,-20336
251,-20952
251,-19922
251,-19356
251,-20636
251,-22374
251,-22120
251,-23398
251,-21578
251,-20256
251,-22882
251,-21846
251,-19464
251,-22290
251,-22262
251,-21070
251,-20008
251,-20612
251,-20950
251,-19372
251,-20340
251,-20844
251,-20582
251,-22002
251,-22882
251,-19526
251,-19500
251,-22260
251,-18048
251,-21444
251,-21742
251,-19608
251,-21566
251,-21178
251,-21900
251,-23216
251,-22540
251,-23822
251,-22638
251,-24286
251,-21322
251,-22938
252,-20358
252,-21116
252,-22398
252,-25208
252,-22404
252,-23454
252,-23390
252,-21632
252,-22244
252,-24904
252,-22840
252,-20442
252,-23990
252,-20530
252,-23988
252,-23068
252,-20992
252,-21314
252,-21596
252,-22412
252,-20746
252,-22472
252,-20444
252,-23046
252,-26320
252,-22284
252,-24600
252,-22914
252,-20924
252,-24336
252,-23332
252,-24952
252,-23234
252,-24008
252,-24072
252,-23930
252,-27322
252,-22890
252,-25684
252,-23816
252,-24972
252,-25618
252,-25284
252,-23066
252,-26494
252,-24340
252,-26302
252,-25316
253,-27528
253,-25760
253,-24564
253,-25998
253,-25702
253,-25968
253,-25180
253,-24028
253,-26422
253,-23884
253,-26038
253,-27368
253,-26060
253,-24666
253,-24754
253,-25300
253,-25974
253,-25288
253,-24950
253,-27966
253,-26176
253,-25524
253,-25872
253,-25908
253,-25954
253,-25334
253,-25412
253,-25880
253,-26108
253,-24898
253,-27852
253,-24702
253,-26482
253,-24440
253,-29054
253,-26388
253,-24882
253,-25386
253,-27330
253,-25424
253,-26796
253,-27048
253,-27834
253,-27778
253,-26454
253,-27948
253,-27784
253,-23632
254,-26492
254,-28106
254,-27282
254,-27182
254,-28020
254,-26320
254,-26980
254,-26380
254,-24890
254,-27884
254,-26964
254,-26816
254,-25844
254,-26938
254,-26286
254,-25122
254,-28216
254,-26730
254,-26636
254,-24586
254,-26858
254,-27482
254,-26716
254,-27240
254,-25928
254,-27170
254,-25618
254,-27774
254,-27234
254,-25614
254,-28154
254,-26298
254,-25722
254,-24332
254,-26242
254,-26126
254,-26076
254,-27694
254,-23796
254,-28396
254,-26022
254,-26576
254,-26920
254,-26086
254,-26646
254,-28146
254,-30384
254,-26214
255,-28436
255,-26926
255,-26862
255,-26174
255,-24852
255,-28850
255,-26374
255,-26592
255,-25562
255,-27028
255,-26944
255,-24742
255,-27038
255,-25532
255,-26518
255,-26812
255,-26136
255,-25598
255,-24510
255,-28818
255,-25570
255,-26550
255,-27096
255,-27328
255,-27124
255,-26194
255,-27880
255,-28214
255,-26492
255,-28536
255,-25244
255,-28364
255,-25828
255,-27634
255,-27296
255,-27206
255,-26304
255,-26826
255,-25466
255,-27220
255,-28918
255,-29386
255,-27902
255,-26230
255,-27510
255,-28846
255,-29114
255,-27044
256,-29332
256,-28564
256,-27278
256,-29320
256,-27808
256,-27712
256,-27714
256,-26944
256,-26078
256,-28702
256,-29610
256,-28208
256,-29092
256,-29602
256,-27048
256,-27992
256,-29696
256,-28614
256,-27954
256,-29670
256,-27264
256,-28610
256,-26830
256,-27240
256,-27190
256,-29682
256,-27690
256,-28296
256,-26590
256,-25932
256,-28410
256,-27168
256,-27466
256,-27452
256,-28380
256,-26668
256,-27858
256,-24518
256,-28220
256,-27998
256,-30516
256,-25192
256,-27602
256,-29110
256,-26648
256,-28870
256,-27756
256,-27554
257,-26950
257,-27248
257,-27838
257,-27778
257,-29664
257,-28292
257,-27420
257,-26852
257,-27654
257,-28772
257,-28390
257,-27862
257,-28082
257,-27470
257,-30308
257,-28182
257,-29938
257,-26958
257,-28752
257,-30438
257,-31096
257,-28864
257,-30024
257,-27312
257,-28374
257,-26922
257,-27458
257,-29364
257,-28770
257,-27460
257,-29252
257,-26430
257,-27706
257,-27548
257,-26746
257,-29530
257,-28078
257,-31564
257,-26238
257,-28322
257,-27784
257,-29680
257,-27868
257,-29720
257,-27472
257,-27196
257,-28018
257,-28012
258,-28672
258,-29028
258,-29042
258,-29126
258,-29690
258,-28266
258,-27462
258,-28640
258,-29036
258,-25936
258,-26810
258,-27382
258,-27266
258,-27300
258,-26212
258,-27602
258,-26810
258,-24166
258,-25990
258,-26226
258,-25770
258,-28606
258,-26800
258,-28328
258,-26160
258,-28256
258,-27722
258,-29184
258,-27790
258,-28386
258,-28658
258,-26460
258,-26296
258,-24284
258,-25190
258,-27764
258,-27982
258,-27304
258,-25582
258,-28848
258,-27566
258,-27194
258,-26924
258,-24800
258,-26098
258,-30142
258,-27908
258,-28334
259,-28344
259,-26492
259,-28274
259,-28228
259,-26030
259,-28298
259,-26472
259,-28546
259,-28458
259,-26268
259,-30194
259,-28778
259,-29612
259,-28742
259,-28778
259,-27734
259,-28516
259,-27412
259,-28582
259,-27684
259,-27474
259,-26452
259,-28028
259,-27544
259,-26422
259,-28278
259,-26544
259,-31062
259,-28938
259,-27780
259,-30654
259,-29058
259,-30218
259,-29046
259,-27650
259,-27594
259,-28460
259,-28984
259,-28390
259,-27368
259,-29624
259,-27582
259,-26792
259,-27250
259,-27478
259,-26410
259,-28778
259,-26790
260,-27148
260,-26506
260,-26174
260,-28602
260,-27218
260,-28874
260,-27204
260,-29708
260,-26566
260,-29016
260,-27062
260,-27700
260,-30120
260,-24628
260,-26226
260,-27556
260,-26428
260,-26486
260,-28086
260,-29380
260,-25256
260,-26774
260,-25016
260,-26862
260,-28064
260,-27696
260,-27730
260,-25498
260,-26710
260,-24532
260,-25166
260,-25246
260,-26164
260,-26974
260,-26548
260,-24942
260,-23902
260,-26284
260,-26210
260,-26190
260,-24108
260,-24220
260,-25400
260,-25540
260,-24586
260,-25130
260,-24674
260,-25328
261,-26672
261,-26386
261,-26192
261,-27344
261,-23848
261,-22800
261,-25662
261,-24986
261,-23998
261,-27762
261,-20470
261,-27146
261,-25222
261,-28210
261,-25130
261,-28250
261,-25784
261,-26234
261,-24626
261,-27788
261,-27512
261,-26702
261,-26746
261,-24826
261,-28738
261,-26878
261,-28530
261,-26194
261,-27862
261,-27440
261,-29898
261,-29290
261,-27226
261,-28876
261,-29432
261,-28488
261,-28586
261,-30666
261,-27736
261,-28260
261,-29932
261,-29548
261,-28106
261,-30178
261,-29954
261,-29840
261,-29408
261,-29714
262,-31042
262,-29316
262,-31766
262,-31160
262,-30198
262,-30664
262,-29410
262,-29852
262,-31080
262,-32190
262,-30304
262,-32158
262,-31210
262,-32770
262,-32914
262,-32980
262,-31430
262,-33522
262,-30462
262,-31098
262,-31082
262,-33512
262,-31232
262,-32400
262,-32748
262,-32302
262,-32118
262,-31820
262,-32680
262,-31270
262,-31966
262,-33934
262,-29916
262,-31304
262,-33462
262,-30920
262,-31658
262,-32170
262,-34510
262,-31898
262,-33368
262,-31972
262,-34514
262,-34520
262,-32882
262,-32474
262,-32424
262,-32088
263,-33092
263,-33872
263,-31056
263,-33910
263,-31870
263,-35118
263,-32434
263,-33966
263,-34288
263,-33862
263,-35730
263,-33534
263,-32834
263,-33528
263,-36882
263,-33308
263,-35050
263,-35990
263,-35052
263,-36408
263,-36208
263,-35488
263,-36344
263,-36228
263,-33802
263,-36678
263,-34562
263,-35554
263,-33826
263,-35206
263,-35960
263,-37574
263,-36062
263,-36836
263,-37944
263,-35536
263,-35346
263,-34134
263,-35322
263,-37116
263,-33334
263,-35348
263,-33548
263,-34148
263,-35402
263,-35742
263,-35080
263,-35582
264,-35658
264,-34510
264,-33630
264,-38096
264,-37328
264,-37932
264,-37634
264,-35632
264,-35776
264,-37314
264,-35296
264,-36688
264,-37826
264,-34524
264,-35978
264,-33804
264,-36984
264,-34548
264,-35002
264,-35636
264,-34916
264,-36398
264,-38138
264,-33298
264,-34680
264,-34848
264,-34984
264,-36330
264,-32390
264,-36798
264,-36974
264,-35542
264,-36742
264,-34976
264,-34700
264,-36426
264,-34868
264,-36492
264,-34710
264,-35554
264,-37064
264,-34704
264,-36336
264,-36776
264,-35840
264,-38482
264,-35104
264,-35652
265,-35510
265,-32868
265,-36130
265,-38868
265,-35902
265,-34630
265,-36096
265,-36632
265,-36456
265,-35210
265,-34144
265,-36800
265,-36142
265,-35574
265,-36178
265,-35746
265,-35642
265,-35844
265,-36850
265,-39332
265,-37168
265,-35022
265,-36350
265,-38062
265,-35092
265,-34862
265,-38784
265,-37200
265,-38304
265,-37154
265,-38410
265,-32764
265,-39034
265,-36084
265,-38238
265,-36336
265,-38754
265,-37732
265,-39616
265,-38072
265,-38284
265,-37892
265,-41276
265,-36890
265,-40502
265,-35924
265,-37420
265,-38838
266,-36862
266,-38910
266,-37654
266,-40148
266,-39262
266,-40208
266,-38516
266,-40298
266,-38778
266,-37842
266,-39008
266,-38686
266,-36956
266,-37924
266,-38132
266,-38356
266,-38964
266,-38908
266,-39434
266,-40646
266,-37912
266,-38328
266,-39204
266,-37912
266,-37092
266,-38062
266,-39376
266,-36986
266,-40394
266,-39098
266,-37768
266,-39040
266,-39380
266,-40990
266,-39238
266,-39412
266,-39672
266,-40016
266,-43008
266,-38274
266,-41300
266,-40502
266,-39582
266,-38542
266,-40808
266,-38650
266,-38122
266,-40652
267,-39684
267,-36452
267,-39772
267,-39452
267,-39118
267,-38278
267,-39710
267,-38708
267,-38366
267,-39216
267,-37678
267,-37756
267,-38460
267,-37848
267,-37760
267,-37890
267,-38398
267,-40646
267,-37514
267,-39890
267,-40486
267,-38628
267,-38462
267,-38920
267,-38124
267,-38684
267,-39664
267,-38210
267,-38006
267,-39300
267,-39620
267,-38562
267,-40838
267,-39010
267,-40764
267,-38750
267,-42222
267,-39720
267,-40016
267,-40420
267,-38456
267,-41368
267,-41238
267,-38940
267,-38884
267,-38316
267,-39386
267,-38770
268,-41104
268,-39694
268,-39248
268,-38742
268,-41940
268,-40244
268,-40804
268,-39308
268,-38980
268,-38736
268,-39580
268,-39808
268,-41596
268,-44034
268,-38684
268,-40868
268,-39760
268,-41870
268,-38418
268,-42168
268,-40426
268,-42076
268,-41642
268,-41752
268,-40508
268,-42326
268,-40018
268,-39656
268,-41884
268,-40374
268,-41438
268,-40914
268,-41584
268,-39104
268,-41024
268,-39086
268,-39222
268,-39344
268,-38578
268,-40328
268,-38782
268,-39888
268,-40680
268,-39576
268,-37880
268,-40170
268,-42092
268,-41044
269,-41488
269,-40444
269,-40716
269,-41586
269,-40030
269,-42156
269,-42260
269,-42298
269,-42866
269,-41460
269,-40594
269,-42514
269,-41674
269,-41338
269,-41504
269,-44408
269,-40886
269,-43094
269,-42414
269,-42674
269,-42884
269,-41468
269,-43624
269,-42164
269,-42210
269,-42044
269,-42230
269,-40506
269,-42384
269,-41816
269,-43788
269,-42020
269,-43962
269,-42362
269,-44286
269,-44128
269,-45162
269,-45932
269,-42984
269,-43032
269,-41048
269,-43012
269,-44622
269,-45626
269,-44294
269,-44536
269,-46580
269,-43874
270,-45878
270,-43262
270,-44940
270,-44718
270,-44626
270,-44382
270,-46076
270,-45244
270,-43300
270,-44134
270,-46248
270,-46486
270,-46752
270,-45988
270,-47272
270,-45984
270,-47012
270,-46460
270,-44922
270,-46936
270,-44486
270,-45976
270,-46738
270,-46432
270,-45738
270,-41546
270,-48588
270,-43614
270,-45874
270,-47054
270,-46100
270,-43528
270,-44998
270,-45298
270,-46770
270,-46704
270,-45346
270,-46258
270,-44004
270,-46722
270,-46348
270,-46308
270,-46744
270,-47294
270,-46676
270,-47154
270,-46698
270,-46502
271,-47140
271,-45394
271,-48034
271,-45590
271,-47632
271,-46742
271,-48564
271,-47456
271,-46898
271,-45936
271,-50606
271,-47030
271,-47298
271,-49792
271,-48580
271,-48124
271,-48978
271,-46876
271,-47762
271,-49708
271,-45766
271,-49278
271,-48644
271,-48212
271,-49704
271,-48814
271,-49336
271,-49702
271,-49666
271,-48498
271,-48198
271,-49822
271,-48164
271,-48450
271,-50080
271,-49578
271,-49636
271,-47412
271,-48908
271,-47410
271,-47480
271,-47242
271,-48890
271,-49688
271,-47276
271,-50054
271,-48704
271,-47850
272,-48234
272,-48326
272,-48186
272,-49546
272,-48460
272,-49532
272,-47876
272,-46468
272,-48386
272,-46112
272,-48826
272,-47934
272,-46558
272,-48488
272,-47536
272,-47988
272,-47356
272,-46828
272,-46614
272,-49012
272,-48300
272,-48752
272,-46938
272,-47852
272,-47580
272,-49130
272,-49178
272,-46468
272,-49814
272,-48042
272,-47292
272,-48584
272,-46530
272,-48380
272,-48650
272,-48580
272,-47076
272,-48652
272,-51352
272,-50688
272,-51740
272,-49442
272,-51736
272,-50806
272,-47784
272,-49364
272,-50360
272,-48242
273,-50280
273,-49082
273,-49766
273,-49566
273,-51608
273,-48592
273,-50184
273,-49282
273,-49758
273,-50856
273,-51572
273,-49072
273,-50504
273,-50216
273,-51278
273,-51100
273,-51586
273,-51394
273,-50908
273,-51096
273,-53382
273,-50752
273,-51940
273,-49878
273,-49880
273,-52442
273,-50086
273,-52734
273,-51274
273,-50586
273,-50642
273,-48262
273,-49538
273,-51340
273,-48134
273,-50034
273,-48020
273,-50828
273,-50588
273,-51440
273,-52628
273,-48368
273,-50312
273,-50328
273,-49930
273,-49904
273,-48390
273,-51132
274,-52246
274,-50114
274,-50944
274,-52680
274,-50732
274,-50312
274,-49276
274,-50484
274,-51252
274,-51002
274,-48902
274,-48160
274,-49842
274,-52012
274,-51852
274,-49102
274,-51258
274,-50108
274,-52230
274,-48468
274,-53654
274,-51006
274,-49002
274,-53140
274,-51046
274,-52532
274,-53724
274,-48232
274,-49766
274,-50794
274,-50258
274,-50644
274,-52746
274,-49764
274,-48352
274,-52368
274,-47410
274,-49540
274,-48472
274,-48942
274,-50698
274,-51172
274,-51186
274,-49684
274,-50576
274,-49862
274,-48820
274,-50438
275,-48670
275,-50334
275,-52424
275,-51664
275,-50434
275,-51032
275,-50800
275,-50220
275,-50962
275,-49936
275,-47732
275,-50176
275,-51542
275,-49922
275,-50490
275,-49844
275,-49874
275,-51224
275,-50424
275,-50978
275,-50102
275,-50716
275,-52926
275,-52008
275,-51242
275,-51602
275,-52478
275,-52328
275,-53470
275,-49808
275,-51190
275,-53340
275,-49890
275,-52780
275,-51234
275,-50612
275,-52788
275,-52974
275,-52688
275,-51130
275,-51202
275,-53510
275,-52724
275,-51320
275,-52780
275,-52012
275,-49150
275,-52644
276,-52478
276,-52494
276,-52302
276,-52548
276,-48910
276,-51296
276,-53202
276,-51986
276,-50336
276,-51608
276,-52516
276,-51130
276,-50782
276,-53318
276,-52016
276,-51542
276,-51744
276,-50236
276,-50778
276,-51302
276,-52036
276,-51418
276,-50602
276,-51014
276,-50050
276,-53838
276,-51188
276,-50790
276,-52232
276,-51072
276,-52180
276,-51408
276,-51732
276,-52856
276,-51632
276,-51592
276,-52812
276,-52556
276,-53094
276,-53016
276,-52210
276,-52578
276,-50000
276,-51254
276,-52222
276,-51216
276,-50076
276,-51036
277,-49918
277,-51280
277,-52028
277,-50656
277,-51884
277,-51700
277,-53712
277,-50916
277,-51056
277,-51700
277,-53722
277,-51076
277,-50660
277,-50810
277,-53892
277,-51270
277,-52276
277,-52840
277,-53044
277,-53616
277,-53336
277,-54640
277,-53094
277,-53440
277,-53722
277,-52422
277,-54420
277,-53812
277,-53940
277,-54802
277,-52476
277,-54206
277,-56728
277,-54432
277,-53838
277,-53498
277,-53020
277,-55244
277,-53202
277,-53946
277,-52870
277,-53692
277,-54586
277,-55166
277,-55512
277,-55456
277,-51744
277,-53418
278,-53296
278,-54040
278,-53414
278,-52206
278,-52644
278,-52354
278,-53474
278,-56044
278,-55186
278,-52762
278,-55710
278,-51334
278,-54178
278,-53316
278,-55128
278,-52742
278,-51844
278,-53182
278,-52642
278,-55030
278,-52398
278,-53836
278,-55974
278,-54424
278,-55226
278,-52012
278,-55386
278,-52726
278,-55432
278,-52218
278,-51976
278,-52570
278,-54136
278,-53434
278,-51634
278,-54352
278,-52872
278,-52412
278,-52576
278,-51986
278,-53248
278,-51734
278,-53332
278,-50696
278,-48430
278,-51510
278,-52180
278,-53652
279,-52302
279,-51410
279,-52238
279,-51530
279,-51416
279,-51394
279,-53202
279,-53222
279,-53028
279,-54304
279,-52170
279,-51184
279,-51834
279,-52346
279,-51470
279,-51730
279,-52236
279,-52630
279,-50688
279,-52828
279,-52590
279,-50522
279,-51846
279,-52082
279,-52768
279,-51680
279,-50004
279,-52586
279,-51300
279,-51522
279,-50824
279,-53166
279,-49500
279,-49698
279,-52276
279,-52248
279,-49750
279,-51548
279,-51002
279,-50540
279,-49036
279,-52284
279,-51446
279,-51912
279,-51154
279,-51132
279,-50484
279,-52038
280,-49424
280,-53068
280,-52988
280,-50282
280,-51488
280,-52336
280,-53860
280,-53706
280,-52272
280,-50008
280,-49920
280,-50668
280,-49294
280,-48942
280,-53462
280,-51876
280,-50750
280,-49356
280,-49132
280,-51786
280,-50058
280,-49574
280,-51990
280,-51062
280,-50368
280,-51240
280,-51526
280,-51290
280,-49676
280,-48974
280,-50522
280,-53582
280,-49594
280,-50374
280,-49006
280,-50500
280,-53010
280,-52506
280,-51596
280,-49374
280,-51634
280,-51090
280,-49898
280,-52012
280,-51844
280,-51102
280,-49868
280,-51358
281,-50154
281,-51892
281,-50112
281,-51534
281,-51624
281,-52586
281,-50978
281,-49166
281,-51886
281,-52926
281,-52598
281,-52268
281,-51216
281,-53198
281,-50234
281,-52028
281,-51100
281,-53206
281,-50632
281,-51316
281,-50634
281,-50378
281,-51456
281,-49786
281,-52080
281,-50724
281,-50866
281,-49108
281,-49018
281,-51060
281,-48400
281,-49654
281,-49368
281,-50882
281,-53228
281,-51112
281,-50960
281,-51472
281,-50720
281,-48754
281,-51406
281,-52836
281,-52860
281,-49974
281,-49792
281,-51930
281,-50446
281,-51126
282,-49882
282,-49884
282,-52616
282,-47576
282,-51426
282,-48950
282,-49500
282,-50590
282,-51680
282,-50320
282,-51030
282,-51450
282,-51006
282,-49692
282,-50170
282,-51610
282,-50830
282,-49660
282,-52500
282,-51834
282,-49992
282,-47982
282,-50926
282,-51000
282,-49692
282,-51090
282,-51132
282,-50696
282,-51424
282,-51118
282,-51344
282,-51364
282,-50304
282,-50254
282,-51050
282,-49862
282,-51100
282,-52298
282,-50628
282,-48726
282,-48972
282,-50512
282,-49670
282,-50962
282,-47874
282,-51494
282,-48876
282,-51028
283,-50014
283,-50876
283,-51912
283,-52602
283,-51050
283,-51722
283,-51832
283,-51274
283,-51524
283,-52650
283,-50008
283,-52346
283,-52008
283,-52238
283,-52976
283,-52064
283,-50766
283,-52176
283,-51176
283,-52598
283,-50262
283,-50026
283,-50844
283,-51662
283,-53380
283,-51016
283,-50694
283,-48626
283,-49620
283,-50634
283,-49484
283,-49800
283,-49146
283,-49050
283,-49180
283,-51030
283,-49800
283,-48874
283,-49156
283,-49060
283,-48790
283,-49282
283,-48336
283,-47546
283,-48974
283,-48126
283,-48514
283,-48964
284,-48662
284,-47436
284,-48078
284,-49328
284,-46636
284,-48840
284,-46770
284,-47232
284,-48594
284,-48408
284,-45270
284,-48052
284,-45262
284,-47160
284,-46554
284,-47908
284,-47160
284,-46576
284,-46632
284,-47620
284,-47520
284,-48970
284,-47962
284,-48198
284,-46918
284,-47258
284,-49492
284,-47608
284,-47124
284,-46374
284,-46406
284,-47420
284,-47344
284,-47246
284,-47260
284,-47222
284,-46828
284,-47934
284,-48040
284,-45450
284,-46972
284,-46160
284,-46512
284,-46962
284,-43826
284,-47410
284,-45902
284,-45690
285,-46720
285,-44854
285,-46278
285,-42138
285,-47464
285,-43554
285,-44646
285,-44402
285,-44604
285,-45628
285,-45080
285,-43968
285,-42178
285,-42786
285,-44804
285,-42884
285,-43676
285,-43594
285,-44568
285,-43614
285,-44022
285,-45684
285,-42040
285,-43214
285,-41326
285,-43420
285,-41004
285,-43904
285,-44968
285,-41484
285,-45644
285,-45980
285,-42926
285,-42402
285,-42868
285,-42772
285,-43982
285,-44648
285,-44296
285,-43550
285,-44182
285,-42854
285,-44850
285,-43278
285,-40286
285,-42114
285,-42900
285,-42862
286,-43862
286,-42636
286,-44492
286,-44178
286,-43814
286,-41374
286,-42404
286,-41834
286,-44580
286,-44588
286,-43770
286,-44676
286,-45130
286,-41880
286,-45504
286,-42852
286,-45342
286,-44782
286,-45372
286,-45158
286,-45628
286,-44266
286,-44664
286,-44520
286,-45602
286,-45634
286,-47262
286,-45300
286,-45578
286,-46530
286,-44582
286,-45400
286,-44938
286,-46194
286,-44066
286,-45684
286,-44292
286,-45392
286,-47258
286,-45436
286,-44524
286,-43648
286,-44648
286,-43356
286,-46270
286,-43134
286,-43412
286,-46042
287,-44830
287,-44274
287,-46100
287,-44120
287,-42256
287,-42430
287,-44078
287,-42766
287,-45770
287,-45092
287,-44378
287,-42932
287,-44170
287,-45554
287,-44644
287,-43126
287,-45358
287,-45746
287,-43306
287,-46606
287,-44444
287,-46808
287,-44818
287,-45504
287,-44258
287,-43096
287,-46128
287,-42484
287,-46090
287,-45072
287,-45972
287,-43582
287,-47104
287,-45922
287,-44108
287,-43946
287,-44862
287,-45526
287,-44622
287,-41772
287,-50056
287,-44742
287,-47170
287,-44810
287,-44086
287,-44792
287,-44550
287,-43780
288,-44618
288,-45256
288,-44550
288,-42734
288,-44728
288,-43378
288,-44494
288,-43952
288,-43472
288,-44170
288,-44048
288,-45060
288,-43696
288,-45434
288,-45716
288,-44370
288,-41244
288,-45990
288,-44018
288,-45380
288,-44432
288,-41716
288,-46792
288,-46148
288,-42556
288,-46458
288,-46526
288,-44064
288,-43568
288,-41852
288,-43076
288,-45196
288,-45012
288,-42994
288,-46130
288,-44656
288,-44566
288,-42658
288,-45434
288,-42848
288,-43920
288,-43310
288,-44644
288,-43110
288,-42684
288,-44152
288,-45176
288,-43844
289,-44060
289,-45040
289,-43920
289,-45084
289,-43878
289,-46572
289,-42238
289,-42422
289,-43454
289,-43398
289,-45212
289,-41846
289,-44222
289,-44008
289,-43764
289,-43092
289,-44972
289,-44510
289,-44680
289,-43336
289,-44264
289,-44038
289,-43166
289,-45096
289,-43256
289,-42776
289,-44924
289,-43550
289,-45094
289,-44468
289,-44302
289,-44094
289,-44156
289,-44494
289,-43112
289,-45252
289,-44248
289,-43776
289,-44544
289,-44972
289,-46502
289,-46642
289,-46076
289,-45704
289,-46468
289,-46198
289,-47116
289,-46624
290,-49562
290,-47292
290,-47282
290,-47004
290,-48190
290,-45778
290,-47516
290,-47772
290,-45282
290,-44962
290,-44210
290,-47664
290,-48404
290,-47320
290,-45310
290,-45730
290,-44966
290,-46080
290,-47804
290,-47138
290,-45036
290,-46016
290,-47216
290,-45036
290,-46846
290,-44808
290,-47080
290,-45348
290,-47344
290,-45294
290,-46606
290,-45534
290,-47276
290,-46750
290,-46030
290,-45030
290,-45524
290,-44920
290,-44602
290,-44012
290,-42596
290,-43986
290,-44286
290,-46554
290,-45338
290,-46128
290,-45478
290,-46282
291,-45600
291,-45330
291,-43166
291,-45710
291,-44626
291,-45492
291,-45552
291,-45712
291,-44814
291,-45566
291,-43700
291,-44506
291,-43936
291,-45090
291,-46114
291,-44016
291,-44664
291,-43218
291,-44750
291,-46470
291,-44100
291,-45382
291,-44252
291,-44632
291,-44036
291,-42412
291,-42888
291,-45164
291,-42942
291,-43464
291,-43770
291,-45266
291,-44490
291,-44560
291,-44634
291,-45216
291,-45414
291,-43050
291,-44880
291,-45750
291,-42868
291,-43722
291,-44026
291,-44478
291,-42138
291,-43228
291,-44376
291,-43150
292,-42266
292,-44084
292,-44918
292,-45844
292,-42846
292,-44638
292,-44552
292,-42480
292,-44928
292,-46812
292,-44548
292,-43306
292,-44084
292,-44102
292,-42614
292,-44212
292,-41284
292,-43472
292,-42662
292,-45936
292,-41864
292,-43084
292,-44994
292,-43604
292,-44366
292,-43782
292,-44526
292,-44052
292,-45228
292,-42812
292,-45440
292,-44406
292,-42098
292,-43664
292,-43204
292,-44752
292,-43092
292,-43226
292,-43808
292,-40320
292,-44618
292,-42440
292,-43812
292,-42946
292,-43796
292,-41648
292,-42896
292,-44200
293,-45180
293,-44396
293,-42752
293,-44084
293,-42218
293,-43754
293,-44920
293,-44716
293,-42044
293,-45096
293,-44334
293,-44862
293,-44200
293,-43790
293,-42550
293,-40756
293,-44120
293,-40932
293,-44292
293,-42138
293,-43004
293,-43908
293,-42914
293,-44700
293,-41718
293,-43398
293,-41516
293,-43498
293,-44498
293,-42750
293,-43708
293,-43838
293,-44118
293,-43658
293,-42892
293,-44996
293,-43890
293,-42944
293,-44168
293,-44346
293,-41876
293,-42160
293,-42768
293,-42736
293,-41962
293,-43126
293,-42890
293,-42574
294,-40598
294,-42336
294,-42834
294,-38952
294,-40336
294,-41702
294,-41846
294,-41228
294,-41588
294,-40112
294,-39516
294,-40970
294,-40624
294,-40400
294,-37306
294,-41672
294,-39746
294,-39496
294,-40098
294,-38946
294,-40448
294,-39210
294,-40694
294,-37474
294,-38834
294,-39058
294,-39018
294,-40082
294,-39132
294,-39672
294,-40462
294,-39002
294,-39936
294,-38376
294,-41876
294,-38482
294,-40234
294,-39922
294,-39338
294,-38472
294,-40490
294,-40786
294,-39594
294,-41456
294,-40598
294,-39808
294,-39086
294,-39950
295,-38854
295,-40340
295,-39506
295,-38708
295,-40518
295,-38202
295,-40018
295,-37888
295,-38834
295,-40168
295,-38158
295,-38620
295,-40066
295,-37884
295,-39318
295,-36528
295,-37430
295,-38752
295,-34998
295,-39512
295,-37026
295,-39262
295,-37890
295,-39036
295,-38494
295,-37888
295,-36596
295,-39608
295,-38342
295,-37974
295,-39898
295,-37324
295,-39660
295,-39478
295,-38398
295,-40086
295,-35852
295,-40048
295,-36226
295,-35118
295,-39296
295,-37248
295,-37216
295,-37852
295,-37326
295,-36608
295,-36968
295,-34492
296,-36718
296,-37420
296,-35850
296,-36494
296,-36628
296,-35354
296,-35386
296,-35894
296,-37690
296,-34446
296,-36102
296,-34930
296,-36246
296,-34142
296,-34850
296,-34890
296,-33304
296,-35822
296,-33352
296,-33996
296,-35958
296,-36320
296,-33782
296,-34042
296,-34456
296,-33282
296,-33900
296,-36278
296,-35650
296,-33140
296,-33848
296,-33374
296,-33478
296,-34764
296,-33814
296,-33036
296,-33684
296,-32648
296,-36428
296,-32564
296,-33388
296,-34142
296,-34772
296,-33062
296,-33528
296,-32324
296,-35018
296,-35056
297,-33860
297,-34294
297,-33254
297,-32020
297,-32664
297,-31980
297,-32188
297,-33388
297,-32794
297,-32902
297,-31994
297,-32310
297,-30792
297,-31868
297,-32698
297,-31482
297,-32008
297,-31814
297,-29346
297,-31604
297,-32158
297,-30812
297,-31276
297,-30132
297,-29102
297,-32272
297,-32298
297,-31022
297,-30642
297,-30302
297,-31892
297,-30642
297,-31112
297,-31718
297,-32640
297,-31164
297,-31988
297,-31260
297,-31272
297,-30820
297,-31222
297,-32882
297,-34484
297,-32566
297,-32672
297,-32874
297,-32780
297,-30038
298,-31900
298,-32028
298,-32332
298,-30680
298,-31624
298,-31858
298,-30348
298,-33210
298,-29402
298,-31200
298,-29844
298,-32392
298,-31004
298,-30054
298,-31496
298,-30472
298,-29346
298,-28908
298,-30272
298,-30296
298,-28386
298,-30434
298,-27610
298,-28702
298,-30262
298,-29374
298,-28996
298,-30608
298,-29980
298,-28100
298,-29968
298,-29430
298,-28688
298,-27364
298,-29088
298,-27662
298,-27056
298,-27156
298,-28816
298,-25792
298,-26888
298,-27868
298,-28774
298,-26850
298,-25918
298,-27854
298,-28410
298,-28762
299,-27254
299,-29556
299,-27820
299,-29568
299,-28444
299,-25972
299,-25454
299,-27778
299,-29006
299,-26180
299,-27634
299,-26274
299,-25336
299,-26730
299,-26068
299,-25608
299,-26774
299,-25468
299,-27506
299,-24490
299,-25798
299,-24922
299,-24668
299,-26672
299,-26150
299,-25974
299,-26658
299,-28610
299,-24470
299,-25548
299,-24578
299,-24372
299,-25800
299,-25326
299,-26248
299,-25858
299,-25322
299,-23986
299,-24944
299,-25004
299,-23742
299,-23634
299,-24612
299,-26690
299,-24802
299,-25630
299,-24876
299,-25742
300,-21950
300,-22870
300,-23780
300,-23494
300,-21112
300,-24860
300,-23378
300,-22256
300,-24044
300,-25376
300,-23680
300,-21518
300,-23552
300,-21212
300,-24386
300,-22626
300,-21732
300,-20760
300,-21546
300,-22942
300,-22476
300,-20540
300,-25462
300,-19922
300,-21322
300,-21818
300,-21904
300,-21394
300,-20524
300,-19594
300,-20762
300,-20524
300,-19166
300,-20766
300,-19046
300,-19474
300,-19892
300,-19458
300,-21116
300,-20194
300,-18626
300,-21546
300,-19688
300,-17860
300,-19422
300,-19994
300,-19690
300,-19900
301,-20026
301,-20604
301,-20626
301,-19282
301,-20518
301,-18366
301,-18914
301,-21910
301,-19226
301,-19304
301,-17000
301,-19558
301,-20394
301,-18290
301,-19076
301,-20234
301,-18816
301,-19360
301,-18262
301,-19246
301,-18320
301,-19786
301,-17252
301,-20192
301,-19576
301,-19968
301,-19706
301,-19870
301,-18752
301,-17990
301,-19390
301,-18106
301,-18078
301,-18690
301,-17936
301,-17826
301,-18888
301,-16900
301,-16904
301,-18106
301,-17322
301,-18860
301,-21274
301,-18890
301,-18962
301,-17496
301,-19022
301,-18658
302,-17488
302,-17812
302,-17958
302,-16852
302,-16828
302,-19038
302,-17884
302,-17872
302,-17172
302,-16870
302,-17236
302,-18834
302,-17076
302,-16224
302,-16202
302,-16256
302,-19390
302,-16276
302,-17970
302,-18040
302,-16058
302,-17808
302,-16748
302,-19286
302,-16678
302,-15336
302,-16322
302,-17286
302,-16558
302,-18556
302,-14254
302,-17946
302,-16060
302,-17156
302,-16718
302,-17606
302,-16870
302,-16772
302,-17704
302,-16018
302,-16918
302,-14966
302,-14890
302,-16818
302,-15434
302,-17248
302,-15522
302,-14590
303,-18282
303,-18242
303,-17396
303,-15752
303,-19158
303,-14796
303,-19440
303,-16088
303,-15972
303,-17344
303,-16596
303,-17248
303,-16108
303,-16256
303,-14514
303,-17954
303,-15676
303,-15474
303,-16378
303,-17726
303,-16036
303,-16728
303,-13714
303,-17950
303,-13380
303,-13942
303,-14740
303,-15306
303,-13824
303,-17072
303,-13706
303,-14994
303,-16466
303,-15234
303,-16742
303,-13800
303,-14572
303,-16444
303,-14374
303,-13592
303,-16730
303,-15078
303,-15502
303,-13422
303,-16834
303,-18170
303,-15782
303,-16580
304,-15996
304,-14500
304,-14462
304,-15658
304,-13442
304,-14678
304,-15260
304,-15374
304,-13944
304,-14946
304,-15152
304,-14080
304,-14336
304,-13546
304,-14438
304,-15630
304,-12490
304,-15246
304,-13162
304,-13726
304,-14194
304,-13960
304,-14590
304,-13392
304,-15084
304,-13246
304,-10522
304,-10088
304,-11154
304,-11738
304,-11660
304,-12890
304,-12430
304,-11758
304,-11788
304,-12436
304,-13314
304,-12494
304,-10946
304,-12846
304,-13416
304,-12566
304,-10996
304,-11200
304,-11992
304,-13012
304,-13690
304,-11334
305,-10920
305,-13582
305,-11806
305,-12026
305,-13388
305,-10806
305,-12012
305,-12548
305,-11294
305,-9662
305,-10468
305,-11024
305,-9398
305,-11934
305,-9742
305,-11824
305,-12662
305,-9748
305,-9504
305,-10604
305,-9296
305,-8644
305,-9928
305,-7518
305,-8674
305,-9360
305,-11326
305,-10792
305,-10380
305,-10610
305,-11430
305,-8966
305,-11458
305,-9426
305,-9968
305,-11256
305,-8232
305,-9320
305,-8872
305,-10426
305,-8478
305,-10704
305,-9092
305,-9800
305,-9458
305,-7436
305,-11022
305,-8122
306,-9876
306,-9380
306,-9824
306,-9296
306,-8528
306,-7502
306,-9606
306,-8102
306,-7170
306,-5620
306,-7606
306,-9392
306,-8390
306,-5680
306,-7788
306,-6506
306,-8500
306,-6224
306,-6810
306,-7918
306,-8610
306,-8650
306,-7228
306,-7350
306,-8598
306,-6430
306,-8496
306,-7394
306,-6784
306,-9716
306,-6758
306,-7650
306,-7930
306,-10298
306,-9474
306,-9084
306,-7388
306,-9832
306,-9860
306,-9880
306,-8994
306,-8390
306,-8612
306,-8420
306,-7406
306,-6594
306,-9476
306,-9984
307,-8054
307,-10178
307,-6352
307,-8732
307,-9044
307,-7644
307,-9354
307,-8450
307,-7434
307,-7398
307,-6100
307,-6806
307,-9222
307,-8806
307,-7760
307,-8902
307,-8430
307,-8686
307,-7768
307,-9826
307,-7136
307,-8814
307,-8812
307,-6758
307,-8238
307,-8362
307,-8248
307,-7300
307,-6180
307,-6614
307,-6004
307,-4872
307,-6642
307,-7722
307,-6622
307,-7150
307,-6234
307,-6258
307,-7960
307,-6044
307,-6216
307,-4268
307,-6570
307,-6522
307,-6992
307,-5168
307,-7236
307,-6488
308,-5738
308,-6362
308,-6044
308,-4586
308,-6508
308,-7344
308,-5736
308,-5028
308,-5390
308,-4552
308,-7558
308,-5886
308,-6744
308,-4402
308,-5260
308,-6514
308,-5272
308,-6206
308,-4576
308,-3386
308,-3054
308,-2576
308,-4468
308,-3520
308,-2966
308,-2940
308,-3152
308,-4016
308,148
308,-2236
308,-3750
308,-2362
308,-2888
308,-1812
308,-3094
308,-2924
308,-3458
308,-2712
308,-5124
308,-3398
308,-3366
308,-3196
308,-2576
308,-1034
308,-2946
308,-2054
308,-3014
308,-1936
309,-82
309,-1070
309,-3764
309,-2274
309,-1652
309,-2944
309,-2110
309,-4308
309,-1236
309,-2018
309,-476
309,-3332
309,-2428
309,-1144
309,-2610
309,-2796
309,-142
309,-3056
309,-3418
309,-2538
309,-3852
309,-2290
309,-2652
309,-2180
309,-1050
309,-1016
309,-3536
309,-1222
309,-2336
309,-2630
309,-158
309,-2050
309,-858
309,-2846
309,-740
309,-2842
309,-2224
309,-782
309,-3020
309,-2236
309,-2344
309,-2318
309,-912
309,-1848
309,-2104
309,-1922
309,-3556
309,520
310,-2788
310,-2554
310,-534
310,-524
310,-2848
310,-154
310,716
310,622
310,1102
310,942
310,1454
310,-312
310,-192
310,-594
310,-1032
310,-920
310,230
310,548
310,-2910
310,-1630
310,-454
310,-2088
310,884
310,-4902
310,1010
310,-3304
310,-2762
310,-2560
310,-1536
310,334
310,116
310,390
310,-1456
310,1384
310,900
310,-462
310,778
310,836
310,-2312
310,918
310,-1412
310,-160
310,2808
310,48
310,-268
310,-636
310,-364
310,-26
311,2884
311,-828
311,1648
311,1908
311,1416
311,2198
311,3568
311,2026
311,4764
311,1548
311,3288
311,1458
311,2480
311,4636
311,-550
311,2208
311,776
311,-2104
311,1938
311,334
311,1550
311,4742
311,1974
311,1434
311,3068
311,1622
311,1888
311,492
311,1254
311,3638
311,1228
311,3174
311,3114
311,2424
311,2764
311,1174
311,1996
311,2198
311,3270
311,4282
311,4996
311,3998
311,4966
311,3756
311,3748
311,2746
311,3500
311,1654
312,3312
312,6170
312,3870
312,4780
312,5176
312,3544
312,5226
312,4598
312,4412
312,6356
312,3446
312,2154
312,4868
312,2678
312,5088
312,4950
312,4946
312,5466
312,4974
312,2126
312,5760
312,4786
312,5022
312,4772
312,3002
312,5040
312,4660
312,5892
312,5696
312,6230
312,5014
312,4194
312,3498
312,4274
312,4278
312,5518
312,3276
312,2778
312,5112
312,4508
312,3014
312,940
312,3536
312,3838
312,3636
312,5192
312,6368
312,4116
313,5904
313,5236
313,3756
313,5618
313,5322
313,6070
313,7302
313,6924
313,6018
313,6860
313,5670
313,7094
313,4474
313,5354
313,6264
313,6466
313,5454
313,4408
313,4484
313,3572
313,5822
313,6220
313,5678
313,4628
313,5840
313,6110
313,5190
313,5660
313,3712
313,7164
313,4450
313,5226
313,4606
313,5608
313,2726
313,2968
313,2906
313,1480
313,2302
313,2706
313,4612
313,4492
313,3086
313,3226
313,4048
313,2922
313,1526
313,1224
314,3066
314,3622
314,1674
314,2582
314,3960
314,3468
314,2262
314,2110
314,3808
314,3002
314,4924
314,2364
314,4586
314,1000
314,4964
314,1322
314,3674
314,4970
314,-982
314,3810
314,1348
314,1322
314,2490
314,3658
314,2884
314,4972
314,2888
314,5346
314,3978
314,3922
314,2450
314,4720
314,3750
314,4410
314,4518
314,2288
314,2662
314,328
314,4680
314,1318
314,4528
314,2976
314,3680
314,2204
314,3590
314,6280
314,3084
314,4274
315,3564
315,5642
315,6164
315,4594
315,3072
315,2570
315,5632
315,3788
315,3920
315,4058
315,4218
315,1914
315,2242
315,3378
315,4214
315,4594
315,2984
315,2282
315,5128
315,2760
315,-1470
315,2598
315,4098
315,1910
315,4068
315,3186
315,3744
315,4646
315,2330
315,4728
315,4726
315,3610
315,5092
315,3416
315,3296
315,5306
315,3980
315,4636
315,4068
315,6734
315,5112
315,5926
315,5216
315,5824
315,6018
315,5170
315,6870
315,7996
316,5418
316,6516
316,6392
316,6266
316,7328
316,6704
316,6076
316,7708
316,7108
316,5032
316,4474
316,4794
316,3374
316,7042
316,6454
316,6498
316,6148
316,5536
316,6820
316,4126
316,6400
316,4918
316,7098
316,5310
316,8294
316,5988
316,5588
316,6014
316,7642
316,7838
316,8928
316,7270
316,8316
316,8190
316,8136
316,10230
316,8398
316,8302
316,7608
316,9128
316,5718
316,7426
316,8828
316,7070
316,7026
316,10424
316,7000
316,7098
317,5974
317,8622
317,10060
317,8260
317,8570
317,7294
317,7620
317,8118
317,7902
317,6878
317,8602
317,8218
317,9690
317,5714
317,9446
317,8518
317,8094
317,7642
317,8994
317,8646
317,7584
317,9386
317,5726
317,8114
317,8146
317,8668
317,8162
317,10394
317,9328
317,8890
317,9754
317,8892
317,12232
317,8276
317,11860
317,8668
317,10630
317,8716
317,10208
317,9682
317,8466
317,9190
317,9424
317,7388
317,6880
317,9260
317,8264
317,9514
318,10736
318,7468
318,8986
318,8592
318,10160
318,9540
318,8816
318,9982
318,7172
318,9490
318,9908
318,8170
318,6598
318,9960
318,8634
318,8348
318,7230
318,6946
318,8788
318,6606
318,8084
318,8526
318,7110
318,6574
318,5264
318,6298
318,5466
318,6948
318,6632
318,6390
318,9390
318,5270
318,7390
318,7740
318,8158
318,10660
318,6858
318,7820
318,8914
318,5370
318,7448
318,3800
318,7686
318,7450
318,8258
318,6994
318,7428
318,4406
319,6342
319,6942
319,7810
319,6778
319,8528
319,6756
319,7792
319,7620
319,7746
319,7800
319,7268
319,4646
319,8650
319,7100
319,9718
319,8620
319,9384
319,6778
319,9772
319,8810
319,8648
319,10500
319,8042
319,8780
319,10482
319,9450
319,9242
319,9056
319,8314
319,9378
319,10052
319,8282
319,8768
319,8942
319,8764
319,6948
319,7880
319,6124
319,8700
319,9318
319,8628
319,9842
319,6694
319,7844
319,7840
319,8490
319,8172
319,9622
320,7454
320,8126
320,8500
320,8394
320,9808
320,7724
320,7148
320,4714
320,9868
320,9304
320,6900
320,8636
320,9956
320,8766
320,9492
320,9106
320,10266
320,7956
320,9018
320,10660
320,10672
320,11032
320,11840
320,10178
320,11456
320,10452
320,9350
320,11090
320,11786
320,9246
320,9328
320,8572
320,8234
320,10128
320,7888
320,7918
320,6896
320,8086
320,7524
320,8104
320,7308
320,7498
320,7700
320,6946
320,9520
320,7684
320,8664
320,6320
321,6802
321,6926
321,8012
321,7748
321,8000
321,8906
321,7352
321,8014
321,7784
321,7796
321,6912
321,7130
321,8166
321,7364
321,6330
321,3250
321,6988
321,6426
321,6194
321,5050
321,5136
321,5330
321,8522
321,7218
321,7480
321,5284
321,6120
321,6836
321,8410
321,7056
321,5990
321,6472
321,5618
321,7142
321,5192
321,4050
321,4214
321,4622
321,5700
321,3900
321,4976
321,7626
321,5694
321,4864
321,5768
321,6260
321,3184
321,7302
322,6088
322,7754
322,5900
322,6102
322,7830
322,6184
322,7120
322,9590
322,7412
322,10020
322,8814
322,5738
322,7022
322,7070
322,5058
322,6412
322,6732
322,6862
322,7582
322,6178
322,5374
322,5994
322,6058
322,3566
322,6410
322,4570
322,4828
322,5922
322,4258
322,3964
322,7192
322,4550
322,6936
322,4770
322,6332
322,5818
322,5230
322,2504
322,6400
322,7706
322,5608
322,4648
322,6038
322,2654
322,3082
322,5748
322,2674
322,4594
323,2652
323,3268
323,5422
323,4864
323,4160
323,5254
323,5728
323,5850
323,5816
323,4068
323,4338
323,5616
323,4224
323,3268
323,4306
323,3512
323,2538
323,3790
323,950
323,4794
323,4426
323,5272
323,3228
323,4512
323,3244
323,2920
323,5504
323,3972
323,4052
323,3904
323,2900
323,4364
323,4314
323,4526
323,5096
323,3566
323,5330
323,5050
323,4498
323,4776
323,4680
323,4430
323,3836
323,5084
323,4256
323,3340
323,2412
323,2396
324,3646
324,2282
324,3360
324,6422
324,2064
324,4870
324,5718
324,2964
324,3032
324,4206
324,2704
324,4090
324,1598
324,914
324,2190
324,2646
324,2802
324,1916
324,5416
324,1580
324,4288
324,3846
324,6952
324,4336
324,3902
324,7202
324,4874
324,5872
324,2374
324,3496
324,1622
324,3688
324,4986
324,4726
324,2234
324,2518
324,3558
324,5164
324,2534
324,2578
324,4358
324,3694
324,3016
324,4494
324,3674
324,2800
324,4564
324,1052
325,4224
325,3432
325,5722
325,3446
325,4266
325,5032
325,4152
325,4556
325,2968
325,5202
325,5174
325,3768
325,2160
325,3556
325,2562
325,3718
325,3948
325,3794
325,3464
325,4172
325,4112
325,1732
325,3978
325,4194
325,2444
325,2630
325,3788
325,2748
325,4878
325,5000
325,1714
325,4288
325,2752
325,4608
325,2846
325,2890
325,4344
325,4014
325,4802
325,3340
325,3164
325,3324
325,2932
325,2482
325,5220
325,3784
325,3984
325,1844
326,3956
326,2080
326,1864
326,2490
326,3324
326,4800
326,5436
326,1392
326,3994
326,3840
326,3602
326,5714
326,5126
326,5266
326,6878
326,4218
326,3496
326,5998
326,8014
326,5330
326,4896
326,6680
326,4298
326,3920
326,6024
326,7364
326,7256
326,6560
326,5348
326,7770
326,7416
326,4158
326,5196
326,7788
326,7504
326,4054
326,6930
326,7312
326,6592
326,6084
326,7304
326,7592
326,6836
326,7024
326,7168
326,6682
326,8886
326,6978
327,7966
327,7674
327,8368
327,6984
327,7032
327,8766
327,9350
327,7038
327,6572
327,6090
327,8742
327,7280
327,7776
327,7372
327,5642
327,6084
327,5416
327,7110
327,5384
327,5976
327,4332
327,5108
327,7208
327,5158
327,4406
327,5192
327,5134
327,4618
327,6084
327,4600
327,5174
327,5820
327,6172
327,5578
327,5978
327,4270
327,6532
327,7278
327,8162
327,3726
327,6408
327,4932
327,4718
327,7032
327,5530
327,5474
327,7982
327,5648
328,3958
328,6116
328,4698
328,7952
328,10416
328,6876
328,9460
328,6002
328,7518
328,6314
328,8650
328,6524
328,6466
328,8038
328,7076
328,5782
328,6928
328,8176
328,6426
328,6488
328,7120
328,8486
328,8890
328,6362
328,9916
328,6678
328,8624
328,8044
328,7608
328,8790
328,7676
328,8956
328,7734
328,6860
328,7068
328,7826
328,9910
328,8806
328,8550
328,8434
328,9156
328,10008
328,7384
328,7806
328,8820
328,10216
328,7954
328,9006
329,9182
329,8200
329,8210
329,8674
329,8062
329,7914
329,8902
329,7512
329,7748
329,8010
329,6000
329,7198
329,8166
329,7178
329,7114
329,9216
329,9182
329,8792
329,7582
329,9202
329,11768
329,8390
329,8208
329,8182
329,9670
329,10168
329,11500
329,7072
329,7730
329,9204
329,9858
329,7968
329,8304
329,6870
329,9964
329,9032
329,7238
329,10130
329,9612
329,10836
329,8968
329,9670
329,10970
329,9208
329,10598
329,11274
329,8106
329,8732
330,9928
330,10068
330,8818
330,7920
330,8120
330,7786
330,9612
330,8734
330,10314
330,9798
330,11652
330,10900
330,8712
330,7642
330,10946
330,10202
330,10622
330,9926
330,9978
330,7334
330,11542
330,9700
330,10244
330,10652
330,8518
330,11006
330,10542
330,9442
330,9184
330,10996
330,11054
330,7786
330,11594
330,12526
330,10218
330,12588
330,11464
330,9432
330,9912
330,11764
330,10000
330,12364
330,13854
330,7770
330,9298
330,12456
330,10624
330,10440
331,10822
331,9798
331,10066
331,9302
331,11792
331,11902
331,7522
331,10058
331,11840
331,11552
331,12600
331,12602
331,11286
331,9962
331,7716
331,7384
331,7472
331,8608
331,7696
331,8210
331,8268
331,10774
331,9544
331,8886
331,11238
331,8476
331,9800
331,10600
331,8352
331,11406
331,11500
331,8968
331,11606
331,10140
331,10168
331,10578
331,9210
331,9480
331,10106
331,10346
331,11644
331,10090
331,9248
331,9204
331,6788
331,9778
331,6748
331,8378
332,6784
332,9268
332,8858
332,6082
332,8668
332,8538
332,8838
332,8428
332,8934
332,8134
332,7806
332,6144
332,6888
332,7068
332,6706
332,6316
332,8560
332,8012
332,5016
332,7438
332,6696
332,6796
332,7196
332,6562
332,7608
332,6756
332,6180
332,7526
332,5652
332,5706
332,5296
332,5752
332,7152
332,7104
332,7212
332,6074
332,5430
332,7160
332,7870
332,7958
332,9560
332,5186
332,6776
332,4058
332,6110
332,6724
332,6224
332,5522
333,6830
333,9268
333,7904
333,8468
333,7370
333,5926
333,7372
333,9208
333,5396
333,5450
333,7316
333,8320
333,7168
333,5524
333,6748
333,5248
333,5478
333,6372
333,6610
333,4910
333,4622
333,5898
333,4854
333,6184
333,6888
333,6728
333,6158
333,3838
333,6100
333,5772
333,5454
333,5076
333,5428
333,5940
333,3680
333,4082
333,6260
333,3610
333,5260
333,4640
333,3352
333,6016
333,6268
333,6868
333,8216
333,6286
333,6786
333,7034
334,4732
334,5456
334,6252
334,7782
334,6500
334,6134
334,6686
334,8932
334,7922
334,9266
334,8462
334,6836
334,7354
334,5546
334,4624
334,4070
334,5254
334,5874
334,5640
334,5446
334,4666
334,6946
334,6170
334,7500
334,7720
334,5870
334,6024
334,6306
334,6188
334,7528
334,5290
334,6650
334,7162
334,8148
334,7800
334,7248
334,3394
334,8178
334,6204
334,5820
334,5804
334,5682
334,6472
334,5316
334,6480
334,5980
334,6348
334,8642
335,6166
335,7266
335,7638
335,5792
335,6692
335,7068
335,6764
335,5290
335,4404
335,5770
335,6700
335,5642
335,5194
335,5492
335,7662
335,5226
335,6168
335,6188
335,7408
335,5042
335,7252
335,7256
335,7210
335,6728
335,7512
335,6758
335,5828
335,6494
335,5996
335,5756
335,8332
335,5088
335,5710
335,6282
335,8984
335,5244
335,4552
335,3300
335,5516
335,7966
335,8308
335,5988
335,6008
335,5108
335,6772
335,4808
335,4692
335,5440
336,3652
336,7090
336,5472
336,4090
336,6812
336,5334
336,5848
336,3876
336,6462
336,4688
336,7060
336,4780
336,2874
336,3546
336,4942
336,5236
336,5662
336,1966
336,6152
336,2844
336,5820
336,4244
336,5258
336,4474
336,5830
336,3260
336,2544
336,3038
336,4110
336,1286
336,3638
336,5728
336,2874
336,5848
336,4236
336,2168
336,1842
336,3266
336,2514
336,1928
336,2030
336,4264
336,1568
336,3506
336,3156
336,1230
336,4154
336,4646
337,3882
337,3888
337,3024
337,3828
337,6108
337,3202
337,3580
337,3180
337,1958
337,2818
337,2460
337,1504
337,4524
337,3574
337,5534
337,6748
337,3566
337,3168
337,4572
337,5900
337,6422
337,1990
337,4566
337,4132
337,3838
337,3300
337,4342
337,4038
337,3822
337,2726
337,4088
337,2762
337,5196
337,7110
337,5678
337,5864
337,7460
337,7570
337,6118
337,4960
337,7216
337,4690
337,5512
337,5812
337,8586
337,6496
337,6938
337,7592
338,7010
338,6194
338,6438
338,5954
338,5666
338,7408
338,5420
338,4696
338,5366
338,7042
338,6902
338,6662
338,8882
338,6890
338,6376
338,6986
338,7384
338,8848
338,5520
338,6262
338,5364
338,7284
338,4116
338,6286
338,8182
338,6260
338,6934
338,7972
338,6946
338,8992
338,6534
338,8386
338,8030
338,7998
338,7126
338,8620
338,8276
338,8468
338,6496
338,8232
338,9912
338,8436
338,6010
338,6380
338,5492
338,6748
338,8764
338,7556
339,8802
339,8844
339,8048
339,8758
339,8402
339,8926
339,8694
339,7604
339,4790
339,5734
339,7608
339,4784
339,9352
339,6068
339,8854
339,8708
339,6804
339,9742
339,7726
339,6706
339,5898
339,7970
339,6272
339,7276
339,6056
339,9234
339,5894
339,8006
339,5954
339,8466
339,6738
339,5756
339,7018
339,5156
339,7552
339,3548
339,6242
339,7782
339,3900
339,6112
339,2218
339,5852
339,5078
339,5750
339,6592
339,4260
339,8216
339,5432
340,5184
340,7970
340,7494
340,4704
340,6200
340,7548
340,7212
340,7428
340,5646
340,7238
340,7696
340,7252
340,6832
340,7884
340,7292
340,6334
340,7924
340,7260
340,5938
340,6328
340,7170
340,7946
340,7886
340,5730
340,6258
340,6524
340,4356
340,5652
340,3282
340,6744
340,5526
340,4200
340,6642
340,5550
340,3348
340,5432
340,4204
340,4252
340,2534
340,5050
340,3278
340,4268
340,4870
340,4290
340,5300
340,5414
340,3770
340,5252
341,5256
341,5990
341,5732
341,4794
341,4704
341,5176
341,3386
341,2822
341,3292
341,2830
341,4198
341,3656
341,3132
341,5648
341,4914
341,6058
RAW_SUMMARY id=3 captured=16384 odd_lsb=0
