# run: drift5a_B_echo_48k_noalign_2
# firmware: role=drifttest git=throwaway version=sketch board=damp (source: drifttest-sketch/)
# started: 2026-10-09T18:07:58+02:00
RAW_BEGIN id=4 sr=48000 rate=48000 align=0 dmacount=4 dmalen=128 label=B_echo_48k_noalign_2
ms,pcm
0,84456
0,82726
0,81714
0,81292
0,81500
0,82686
0,80844
0,82428
0,81372
0,84934
0,79816
0,85268
0,82978
0,81464
0,83598
0,83098
0,81806
0,81784
0,83210
0,82864
0,82890
0,83120
0,82102
0,85770
0,83634
0,81888
0,83128
0,82226
0,82828
0,83308
0,82752
0,81538
0,82758
0,83314
0,81164
0,81960
0,81386
0,83296
0,82090
0,83668
0,81618
0,81840
0,84514
0,79764
0,82022
0,82716
0,81338
0,82580
1,80766
1,82188
1,83108
1,82620
1,81828
1,82006
1,80880
1,81892
1,83526
1,83432
1,81658
1,81690
1,82216
1,82348
1,83216
1,82380
1,82202
1,83578
1,83854
1,82714
1,82450
1,81262
1,84434
1,82412
1,85216
1,81982
1,83312
1,81404
1,82824
1,83844
1,83358
1,81136
1,82340
1,82876
1,83412
1,84856
1,85830
1,84888
1,83582
1,85188
1,83426
1,86432
1,83422
1,85416
1,84996
1,82954
1,82862
1,85786
2,83384
2,85250
2,86266
2,82858
2,86028
2,85582
2,86012
2,85018
2,84278
2,83278
2,84846
2,83012
2,83200
2,83732
2,83952
2,84446
2,83712
2,84730
2,83540
2,84674
2,85174
2,84632
2,85508
2,82978
2,84114
2,85710
2,84290
2,85244
2,84064
2,83210
2,85224
2,85564
2,86790
2,85216
2,84894
2,85056
2,84670
2,86678
2,85598
2,84166
2,84720
2,86546
2,86498
2,86000
2,85244
2,85308
2,85744
2,84676
3,83868
3,84962
3,85016
3,84172
3,85246
3,84770
3,84716
3,84874
3,84906
3,84728
3,84264
3,85436
3,88000
3,81268
3,86410
3,85204
3,83612
3,84164
3,84394
3,84148
3,83930
3,83336
3,83246
3,82266
3,83726
3,82336
3,84280
3,83804
3,82720
3,83226
3,81820
3,81930
3,82364
3,84218
3,83636
3,84678
3,84004
3,85714
3,83820
3,82518
3,83900
3,85600
3,83790
3,83762
3,84398
3,82386
3,84782
3,83286
4,83362
4,82606
4,81512
4,83812
4,82404
4,83378
4,81032
4,84182
4,82676
4,83308
4,82320
4,82012
4,82178
4,80496
4,82484
4,82598
4,81282
4,84240
4,83590
4,83556
4,82864
4,84208
4,83134
4,83614
4,81560
4,81676
4,82786
4,80922
4,81246
4,82242
4,83270
4,81802
4,82150
4,80772
4,82140
4,81398
4,80632
4,81666
4,79962
4,81006
4,81240
4,82408
4,81602
4,81636
4,82100
4,81054
4,84192
4,82242
5,81694
5,81650
5,79442
5,82590
5,80274
5,80644
5,81004
5,82780
5,81548
5,82068
5,81112
5,82524
5,80522
5,82276
5,81922
5,80676
5,83266
5,80538
5,81258
5,78632
5,84024
5,82206
5,81736
5,83294
5,82562
5,83866
5,82212
5,83444
5,81340
5,82602
5,82540
5,81262
5,81392
5,81402
5,81842
5,81952
5,81998
5,80836
5,82044
5,82566
5,81502
5,80056
5,82704
5,80282
5,85140
5,80846
5,80992
5,82142
6,81466
6,84416
6,82796
6,84136
6,79688
6,82110
6,81606
6,80354
6,80368
6,81414
6,81946
6,80944
6,81826
6,81690
6,80014
6,81078
6,80830
6,79274
6,80884
6,79430
6,79952
6,80408
6,80248
6,81494
6,81028
6,79262
6,81872
6,80890
6,81366
6,78618
6,80300
6,81144
6,82942
6,82462
6,79456
6,80394
6,79848
6,79982
6,80634
6,78574
6,82188
6,82172
6,81468
6,82476
6,79862
6,81030
6,78396
6,79380
7,81506
7,79176
7,80854
7,80912
7,79736
7,81586
7,80094
7,79394
7,80030
7,79858
7,82082
7,79244
7,78354
7,79530
7,78942
7,78718
7,76096
7,77514
7,78528
7,81004
7,77958
7,77132
7,78188
7,79942
7,76664
7,79266
7,77892
7,79514
7,79372
7,75564
7,76690
7,80296
7,76714
7,77208
7,76238
7,76466
7,77288
7,76674
7,76282
7,77204
7,75800
7,78642
7,76152
7,78734
7,74966
7,79100
7,77138
7,77586
8,76596
8,78094
8,74706
8,76250
8,75112
8,76756
8,76300
8,75412
8,75864
8,76268
8,77644
8,76464
8,74694
8,77662
8,74826
8,73860
8,77492
8,75522
8,79570
8,74354
8,74688
8,77160
8,75948
8,75282
8,75352
8,77860
8,75264
8,74812
8,75900
8,75496
8,75746
8,78190
8,74574
8,74478
8,76228
8,76272
8,76758
8,77366
8,76252
8,74644
8,75648
8,74770
8,75366
8,75094
8,76192
8,74874
8,75022
8,75558
9,73510
9,74604
9,73774
9,74970
9,71340
9,74996
9,76016
9,72008
9,73536
9,74712
9,74770
9,74580
9,73612
9,74950
9,72546
9,73260
9,72778
9,74316
9,74298
9,72334
9,74122
9,71216
9,74842
9,73050
9,72964
9,71742
9,75704
9,71800
9,76904
9,74170
9,73352
9,71774
9,73814
9,72946
9,73988
9,73828
9,73822
9,72442
9,73042
9,73096
9,73974
9,70792
9,73250
9,71606
9,72902
9,73088
9,73478
9,72510
10,74010
10,74820
10,73354
10,75032
10,73324
10,75154
10,75300
10,73930
10,70710
10,72762
10,73022
10,72134
10,71792
10,72442
10,74012
10,70348
10,73304
10,71970
10,70970
10,71728
10,74114
10,73700
10,72826
10,71622
10,73590
10,71980
10,72162
10,72566
10,71964
10,71872
10,72206
10,72534
10,72576
10,71582
10,72418
10,71042
10,71402
10,73228
10,71334
10,73652
10,72036
10,72032
10,73802
10,71620
10,71574
10,70962
10,71128
10,71428
11,71396
11,70810
11,72760
11,69070
11,71296
11,73564
11,71318
11,71896
11,73050
11,69546
11,69682
11,70864
11,69876
11,71200
11,69628
11,71736
11,71858
11,69922
11,71722
11,70936
11,70000
11,70556
11,71108
11,71162
11,70452
11,71206
11,70744
11,69864
11,73774
11,72962
11,72754
11,70302
11,71024
11,72904
11,72828
11,72756
11,72884
11,71650
11,71500
11,73014
11,72218
11,70346
11,72032
11,73308
11,74238
11,72670
11,73670
11,72848
12,72402
12,73510
12,74126
12,71918
12,74220
12,71284
12,71528
12,73598
12,73098
12,72240
12,74406
12,73920
12,71818
12,73916
12,75142
12,71834
12,72860
12,74720
12,70940
12,72690
12,72706
12,74494
12,71974
12,74126
12,75898
12,72766
12,72172
12,73368
12,73332
12,73124
12,73640
12,71008
12,72900
12,74270
12,72412
12,72036
12,72298
12,70874
12,72944
12,70648
12,72274
12,72796
12,71784
12,72950
12,73240
12,71430
12,73660
12,72628
13,74968
13,73182
13,76510
13,75078
13,72996
13,71630
13,74692
13,73628
13,75502
13,74648
13,73932
13,74298
13,74858
13,74406
13,74216
13,73934
13,73522
13,74144
13,74860
13,71088
13,70128
13,74376
13,73486
13,73724
13,73186
13,73666
13,75898
13,74680
13,73318
13,73674
13,72944
13,72288
13,73998
13,71130
13,70400
13,73694
13,72384
13,72702
13,72450
13,74522
13,73154
13,72624
13,72130
13,70716
13,75382
13,71924
13,71480
13,71248
14,71976
14,71216
14,69984
14,73126
14,68262
14,71354
14,69284
14,69674
14,71764
14,70692
14,70722
14,72646
14,71066
14,69260
14,70894
14,70926
14,71310
14,70524
14,71112
14,69598
14,72484
14,70514
14,69408
14,69836
14,69846
14,68926
14,73062
14,70908
14,70460
14,69504
14,71642
14,70442
14,72050
14,70958
14,67546
14,71442
14,71868
14,69650
14,71434
14,72130
14,68994
14,71014
14,71972
14,69226
14,71650
14,73510
14,72212
14,71424
15,72870
15,72614
15,70074
15,70934
15,71346
15,69780
15,71248
15,70836
15,70170
15,70202
15,70482
15,69700
15,70218
15,70102
15,70074
15,72896
15,69878
15,69820
15,69982
15,71250
15,69652
15,69688
15,71146
15,67768
15,69558
15,68966
15,70126
15,68962
15,68308
15,68780
15,70570
15,69034
15,69102
15,70352
15,69434
15,69544
15,69688
15,68568
15,68202
15,67606
15,70600
15,68050
15,69390
15,68892
15,67956
15,70094
15,69172
15,71030
16,68900
16,67692
16,71258
16,71882
16,69032
16,68450
16,69578
16,68278
16,66826
16,70810
16,66936
16,66990
16,66402
16,69702
16,68812
16,68096
16,69578
16,67772
16,68344
16,67372
16,69454
16,68978
16,67222
16,68564
16,68732
16,67366
16,67754
16,69968
16,67290
16,70336
16,69138
16,68258
16,66528
16,68748
16,69386
16,66766
16,70944
16,68406
16,69114
16,68442
16,69336
16,68724
16,67396
16,68502
16,67580
16,67798
16,68880
16,68898
17,69204
17,68122
17,67856
17,69218
17,68222
17,68474
17,68296
17,69082
17,67894
17,65782
17,70338
17,67756
17,70072
17,68696
17,68914
17,68490
17,68504
17,70910
17,67796
17,69446
17,69556
17,68696
17,68590
17,68082
17,69184
17,69448
17,68604
17,69132
17,67880
17,69160
17,66200
17,70742
17,68164
17,70650
17,71038
17,68794
17,69026
17,67578
17,70270
17,67818
17,69250
17,69870
17,66216
17,67170
17,66700
17,68364
17,67990
17,67706
18,67618
18,71072
18,65748
18,67370
18,66528
18,69426
18,67646
18,68718
18,69250
18,70440
18,69156
18,68236
18,68482
18,69974
18,67512
18,66570
18,68592
18,68890
18,67520
18,68610
18,70088
18,69890
18,67546
18,68616
18,68894
18,67162
18,70852
18,70016
18,68526
18,67594
18,70570
18,71332
18,68606
18,68588
18,70050
18,70442
18,68030
18,67440
18,69614
18,68788
18,71242
18,68374
18,70922
18,70362
18,69710
18,69434
18,68158
18,66924
19,69570
19,69388
19,70020
19,67506
19,69718
19,70482
19,71040
19,68046
19,67706
19,68640
19,68766
19,68704
19,67844
19,66398
19,67594
19,70782
19,68738
19,68694
19,68328
19,69064
19,69544
19,68496
19,67396
19,70116
19,66822
19,68944
19,66862
19,69066
19,68060
19,68150
19,69030
19,71660
19,69766
19,68748
19,66966
19,69632
19,69792
19,68336
19,68418
19,68330
19,70456
19,69790
19,68690
19,67990
19,68272
19,67620
19,69424
19,69306
20,67072
20,69076
20,68950
20,68954
20,70288
20,70122
20,67520
20,66060
20,66576
20,69484
20,68048
20,68208
20,67928
20,71194
20,69198
20,68108
20,69950
20,68734
20,67484
20,69044
20,69640
20,68430
20,68252
20,70210
20,69748
20,68496
20,67924
20,69328
20,66572
20,69696
20,67466
20,67690
20,66546
20,67706
20,69278
20,69150
20,69236
20,70736
20,69594
20,68654
20,68410
20,70476
20,68916
20,67748
20,68986
20,70008
20,70232
20,69884
21,68246
21,68486
21,67350
21,69192
21,68400
21,69300
21,68210
21,68074
21,68982
21,69200
21,68294
21,69948
21,67094
21,70604
21,69004
21,70518
21,67708
21,69594
21,68904
21,68180
21,68636
21,67306
21,67800
21,67890
21,70320
21,66086
21,69044
21,70738
21,68208
21,69940
21,67092
21,68738
21,67358
21,69150
21,68748
21,69502
21,68274
21,67212
21,68084
21,69118
21,67190
21,67746
21,68970
21,67538
21,69508
21,67278
21,68656
21,67336
22,69868
22,68246
22,67694
22,68978
22,68666
22,66746
22,68714
22,65646
22,67790
22,68304
22,66924
22,69364
22,69196
22,68444
22,69438
22,67812
22,71878
22,68846
22,68932
22,71078
22,70524
22,68966
22,69014
22,69032
22,68916
22,68670
22,67686
22,68640
22,70090
22,68628
22,68752
22,70386
22,68896
22,71418
22,68404
22,69272
22,68062
22,69796
22,67274
22,68558
22,67866
22,68950
22,67168
22,67928
22,67330
22,69512
22,67488
22,68312
23,69216
23,68034
23,69462
23,66944
23,70864
23,69106
23,66414
23,69208
23,67730
23,68518
23,68648
23,68242
23,68296
23,69754
23,69424
23,69952
23,68124
23,67950
23,69646
23,67892
23,69296
23,68190
23,68784
23,69496
23,67726
23,66842
23,69776
23,66220
23,67156
23,67730
23,69462
23,67794
23,67828
23,67088
23,65596
23,68262
23,67468
23,68028
23,69002
23,67506
23,67200
23,66632
23,68822
23,66592
23,68492
23,67380
23,69012
23,70018
24,68460
24,68740
24,69774
24,67400
24,70688
24,67406
24,68226
24,67958
24,68560
24,67288
24,67010
24,66720
24,66938
24,68764
24,65194
24,68116
24,68458
24,67196
24,67298
24,69078
24,69100
24,70154
24,67126
24,67676
24,67584
24,67096
24,69012
24,67286
24,66886
24,67716
24,66408
24,67324
24,66180
24,67184
24,67316
24,65050
24,65374
24,66924
24,66582
24,65848
24,65234
24,65786
24,64810
24,65086
24,65796
24,65212
24,64562
24,64570
25,65766
25,64766
25,64384
25,64150
25,66990
25,65092
25,63814
25,65998
25,63180
25,64992
25,65064
25,63044
25,64146
25,61412
25,64548
25,62686
25,64444
25,63258
25,63846
25,61376
25,62252
25,62992
25,65186
25,61352
25,64266
25,63414
25,63750
25,60244
25,64176
25,63722
25,63110
25,63872
25,62302
25,62690
25,62484
25,63446
25,59436
25,62718
25,60988
25,61524
25,62788
25,61162
25,63928
25,64100
25,63032
25,60360
25,65608
25,63992
26,61904
26,62404
26,63382
26,64238
26,63154
26,65860
26,64218
26,64966
26,61454
26,63154
26,64196
26,61312
26,64004
26,64396
26,60638
26,62748
26,61984
26,62394
26,63286
26,62862
26,62136
26,62718
26,62950
26,62086
26,60764
26,62678
26,63578
26,62556
26,62392
26,60152
26,62600
26,60328
26,63682
26,61618
26,61048
26,62748
26,59788
26,63090
26,62250
26,62150
26,64868
26,61394
26,62330
26,61950
26,60790
26,63076
26,62188
26,59464
27,64154
27,62528
27,61638
27,61004
27,62518
27,62178
27,61972
27,59268
27,61588
27,61040
27,63088
27,62440
27,60676
27,61584
27,61458
27,60618
27,60502
27,62408
27,62048
27,61900
27,63110
27,62390
27,60490
27,60118
27,60044
27,62894
27,65166
27,63050
27,61832
27,61662
27,61198
27,61628
27,61394
27,62732
27,60746
27,63936
27,63034
27,61732
27,61164
27,61436
27,61660
27,60914
27,60474
27,59588
27,61008
27,60154
27,60564
27,60910
28,61342
28,60198
28,61194
28,62442
28,59534
28,60012
28,61236
28,60030
28,60836
28,59716
28,60008
28,59612
28,60040
28,60890
28,60496
28,61886
28,60388
28,59042
28,59220
28,62508
28,60676
28,62370
28,60918
28,61462
28,61162
28,60968
28,60652
28,61746
28,58888
28,61104
28,62870
28,59826
28,60156
28,59244
28,61354
28,59550
28,59886
28,58830
28,59520
28,59752
28,58248
28,59932
28,58902
28,58156
28,60798
28,58570
28,60832
28,60326
29,60208
29,58804
29,59902
29,58932
29,59550
29,57536
29,60390
29,57502
29,58606
29,56864
29,59206
29,57986
29,57464
29,57888
29,57912
29,58212
29,55688
29,57736
29,57618
29,56920
29,58204
29,58256
29,59186
29,57266
29,56700
29,56996
29,56250
29,57272
29,56918
29,56084
29,54086
29,58098
29,57544
29,58068
29,57818
29,56384
29,58100
29,57822
29,59568
29,54954
29,56666
29,56328
29,55384
29,58720
29,55460
29,57686
29,56120
29,58948
30,55478
30,55844
30,56814
30,55204
30,57310
30,56858
30,56244
30,55270
30,54522
30,57060
30,57188
30,55872
30,55810
30,56112
30,56446
30,55522
30,55008
30,55898
30,55756
30,55120
30,58408
30,54474
30,55018
30,55620
30,55984
30,57444
30,57002
30,56578
30,56396
30,53854
30,57968
30,54330
30,54644
30,55900
30,54292
30,55696
30,54392
30,53222
30,57294
30,53930
30,57074
30,55058
30,55290
30,53556
30,54484
30,54916
30,54392
30,54968
31,52604
31,55878
31,55238
31,56216
31,56578
31,56478
31,56770
31,55124
31,56234
31,57686
31,56510
31,54422
31,56886
31,54456
31,54434
31,56406
31,55096
31,56966
31,55752
31,55858
31,55804
31,55102
31,56808
31,56986
31,56922
31,57032
31,58740
31,55358
31,57992
31,55882
31,56850
31,55372
31,57314
31,55520
31,55552
31,55512
31,53856
31,56654
31,56192
31,54254
31,56992
31,58418
31,57304
31,56960
31,54654
31,56264
31,56328
31,56678
32,56294
32,57614
32,53938
32,56150
32,55918
32,55328
32,56102
32,55576
32,56530
32,54184
32,55046
32,55738
32,56564
32,54764
32,54324
32,55968
32,54716
32,55818
32,54908
32,57804
32,53950
32,58052
32,55294
32,56964
32,54518
32,55538
32,55024
32,54628
32,54814
32,56356
32,55060
32,55010
32,54890
32,54340
32,56734
32,55932
32,57252
32,55754
32,57732
32,54308
32,56528
32,55940
32,58742
32,56836
32,56752
32,57162
32,57284
32,56712
33,56694
33,54758
33,56308
33,56098
33,55056
33,56000
33,55352
33,55934
33,55710
33,56156
33,55256
33,56792
33,56756
33,55424
33,55684
33,56080
33,57086
33,55738
33,57588
33,53882
33,55594
33,55824
33,55660
33,55270
33,56560
33,55910
33,53550
33,56610
33,55628
33,55366
33,56772
33,56640
33,55760
33,55746
33,56086
33,55612
33,57630
33,57814
33,55414
33,55938
33,57914
33,56086
33,54972
33,56274
33,56930
33,57398
33,53696
33,57592
34,57092
34,56088
34,57540
34,55240
34,55730
34,56828
34,55964
34,55060
34,56008
34,55650
34,56032
34,56606
34,56156
34,56046
34,56944
34,57706
34,55778
34,57992
34,57266
34,60014
34,58210
34,58398
34,57390
34,56314
34,57650
34,59508
34,56786
34,55538
34,58874
34,58156
34,58970
34,57792
34,59620
34,57784
34,57568
34,55862
34,57512
34,58062
34,57452
34,55474
34,57954
34,56886
34,56384
34,56494
34,58226
34,56174
34,57964
34,57924
35,56446
35,56634
35,56030
35,59232
35,59986
35,58308
35,56556
35,55790
35,58148
35,57646
35,58392
35,56750
35,59354
35,58270
35,59740
35,56970
35,56632
35,57950
35,58194
35,56814
35,55378
35,59518
35,57804
35,58742
35,57242
35,60078
35,58350
35,59122
35,60452
35,57804
35,59360
35,58222
35,57738
35,59482
35,57008
35,59014
35,60450
35,58672
35,60976
35,55336
35,57626
35,57200
35,59050
35,58416
35,58064
35,58162
35,57404
35,58404
36,60134
36,56022
36,57524
36,59518
36,56008
36,61416
36,57936
36,57984
36,57732
36,58378
36,57826
36,56262
36,56062
36,55780
36,56692
36,54194
36,57202
36,55708
36,57358
36,58296
36,57948
36,54798
36,59010
36,55308
36,58018
36,56114
36,56746
36,57112
36,56940
36,58274
36,55000
36,56510
36,56254
36,57622
36,55846
36,56058
36,56890
36,53970
36,58090
36,56092
36,55124
36,56526
36,56436
36,56380
36,57602
36,55964
36,56826
36,58206
37,55936
37,55682
37,57182
37,56658
37,57132
37,56766
37,57258
37,57056
37,56394
37,57478
37,58094
37,57546
37,56438
37,55950
37,55514
37,56918
37,57274
37,57870
37,58926
37,57750
37,56690
37,57520
37,57322
37,54362
37,56216
37,56946
37,57838
37,57200
37,56840
37,57196
37,56168
37,57476
37,56616
37,57628
37,56898
37,57732
37,58330
37,56796
37,59316
37,56874
37,59752
37,56130
37,60050
37,57132
37,60780
37,59690
37,60148
37,58310
38,58374
38,57684
38,57944
38,57506
38,57316
38,55774
38,56424
38,58338
38,58928
38,57950
38,58286
38,59128
38,56752
38,57308
38,57378
38,57652
38,56242
38,57106
38,54710
38,55698
38,57670
38,58312
38,57284
38,56610
38,56596
38,57660
38,58684
38,58748
38,56058
38,57144
38,57934
38,56888
38,56242
38,55932
38,54834
38,53630
38,55878
38,56310
38,54360
38,55082
38,55780
38,54664
38,54882
38,52602
38,53948
38,52312
38,55846
38,54656
39,53754
39,54560
39,54920
39,56320
39,55456
39,56726
39,56068
39,54494
39,55818
39,54446
39,55292
39,54578
39,55072
39,55946
39,56158
39,54868
39,53122
39,53882
39,54368
39,53912
39,55116
39,56300
39,53062
39,55556
39,56314
39,55552
39,55318
39,55844
39,55080
39,54352
39,56582
39,54630
39,53338
39,54772
39,55846
39,53840
39,54676
39,54002
39,55344
39,54620
39,56354
39,57780
39,56616
39,57700
39,53974
39,55592
39,55644
39,54358
40,54856
40,54942
40,54650
40,54332
40,55048
40,55054
40,55432
40,54034
40,56278
40,54824
40,53982
40,54882
40,53916
40,54688
40,53658
40,55658
40,52182
40,55774
40,55188
40,55556
40,54856
40,55614
40,54676
40,50674
40,56752
40,52962
40,52834
40,52534
40,54198
40,53122
40,53472
40,53004
40,53888
40,54190
40,52824
40,53318
40,53280
40,56666
40,55324
40,54186
40,52838
40,53476
40,54938
40,53566
40,55400
40,54614
40,53362
40,54550
41,54724
41,54870
41,56036
41,54162
41,54958
41,56736
41,54274
41,53786
41,55906
41,53384
41,55990
41,55372
41,55680
41,53950
41,55966
41,56272
41,54510
41,51388
41,54988
41,51140
41,55976
41,54084
41,53120
41,53882
41,53540
41,54158
41,53960
41,52784
41,53608
41,54226
41,55882
41,54690
41,52970
41,55518
41,53832
41,54970
41,54864
41,54082
41,54608
41,54118
41,53412
41,54010
41,53754
41,53608
41,54910
41,53232
41,53450
41,53706
42,54658
42,52350
42,53626
42,54598
42,54314
42,55814
42,55510
42,55250
42,55356
42,54388
42,51992
42,52340
42,54192
42,54608
42,55550
42,53118
42,55296
42,55978
42,55272
42,55348
42,55426
42,55508
42,54014
42,56166
42,55452
42,53284
42,55382
42,54730
42,53604
42,56448
42,54552
42,57980
42,54752
42,54564
42,55778
42,57030
42,57562
42,56140
42,54542
42,57168
42,58268
42,57704
42,55216
42,57808
42,56106
42,56482
42,56094
42,56014
43,55968
43,57022
43,57002
43,55594
43,56364
43,57530
43,54438
43,56028
43,55706
43,56370
43,57290
43,57858
43,57004
43,56828
43,54996
43,58052
43,55938
43,56372
43,56096
43,55456
43,55690
43,54884
43,56956
43,56094
43,55258
43,57280
43,57116
43,56148
43,58066
43,56692
43,54268
43,57370
43,55512
43,55172
43,56092
43,56570
43,56936
43,58022
43,57530
43,57712
43,57826
43,56756
43,56794
43,55220
43,55938
43,56956
43,57358
43,57990
44,56282
44,56682
44,57998
44,56536
44,57642
44,55030
44,56578
44,55256
44,56684
44,56266
44,56262
44,54950
44,55174
44,55716
44,56768
44,55572
44,55230
44,55940
44,56030
44,58452
44,57186
44,57026
44,56534
44,54988
44,58298
44,55338
44,55604
44,56336
44,56274
44,55498
44,55518
44,55408
44,57552
44,55938
44,55810
44,55976
44,56872
44,56840
44,53692
44,56024
44,55616
44,54970
44,57698
44,54796
44,54738
44,55988
44,58122
44,57612
45,56324
45,56628
45,55546
45,58216
45,56002
45,56094
45,54706
45,55772
45,56302
45,57062
45,54700
45,54382
45,53778
45,57464
45,54034
45,55636
45,56192
45,55816
45,55380
45,53778
45,55124
45,56210
45,55526
45,56738
45,56676
45,54798
45,57518
45,55328
45,56694
45,56748
45,54896
45,53804
45,55092
45,55750
45,53976
45,53716
45,53310
45,54968
45,54302
45,55078
45,54620
45,52608
45,55016
45,53480
45,54554
45,55900
45,53992
45,54808
46,55032
46,52910
46,51822
46,54302
46,50492
46,54432
46,51854
46,55240
46,54108
46,52998
46,52438
46,54526
46,52476
46,52478
46,52438
46,55866
46,52728
46,55100
46,53244
46,53860
46,53196
46,51824
46,51362
46,53610
46,54510
46,55344
46,50900
46,52880
46,53538
46,51666
46,54614
46,52300
46,54610
46,51772
46,52506
46,52538
46,52582
46,53804
46,53714
46,52194
46,51322
46,53468
46,51428
46,54150
46,51942
46,51820
46,53600
46,50416
47,51830
47,51162
47,52144
47,52956
47,51228
47,52166
47,52514
47,51582
47,51332
47,52576
47,51898
47,49864
47,50160
47,50520
47,51550
47,52618
47,52702
47,51080
47,53332
47,51730
47,51496
47,52208
47,51868
47,51596
47,49482
47,52074
47,49820
47,49426
47,50980
47,51050
47,50914
47,49408
47,49524
47,48752
47,51554
47,46884
47,49572
47,47270
47,48146
47,50044
47,49310
47,48722
47,48310
47,49304
47,49248
47,48130
47,47566
47,49692
48,48394
48,49942
48,48730
48,46532
48,47188
48,47332
48,49168
48,48474
48,48204
48,48314
48,47724
48,49760
48,47010
48,47942
48,48036
48,50528
48,47294
48,46982
48,46468
48,48512
48,47788
48,47204
48,46484
48,46688
48,47786
48,49020
48,46800
48,47034
48,48240
48,47224
48,47274
48,45394
48,49844
48,46814
48,47704
48,49166
48,46910
48,48598
48,46520
48,49632
48,48978
48,47816
48,46914
48,46898
48,47278
48,47800
48,49656
48,47924
49,48070
49,48314
49,46968
49,46420
49,50208
49,46914
49,48530
49,48086
49,47970
49,45848
49,48776
49,46802
49,46244
49,48400
49,48058
49,45832
49,48248
49,47038
49,47696
49,49186
49,48670
49,48452
49,48644
49,45604
49,49210
49,49790
49,46422
49,48244
49,49010
49,46470
49,48236
49,45954
49,47180
49,46896
49,47000
49,46804
49,47622
49,48020
49,46994
49,46116
49,47616
49,47364
49,46564
49,49126
49,46896
49,48006
49,49480
49,48068
50,48730
50,49358
50,49466
50,48428
50,48376
50,49526
50,46554
50,46438
50,47072
50,48504
50,47032
50,48356
50,46808
50,48006
50,47472
50,47658
50,46724
50,46164
50,48322
50,46816
50,47764
50,47260
50,47896
50,45744
50,48360
50,48508
50,46016
50,45936
50,46410
50,48094
50,46038
50,45898
50,48754
50,46564
50,46878
50,47044
50,47306
50,44440
50,45756
50,44844
50,45650
50,44756
50,46532
50,47390
50,44650
50,43376
50,46216
50,44998
51,46752
51,46160
51,47332
51,47188
51,44782
51,45350
51,44884
51,46764
51,45214
51,45648
51,45050
51,48090
51,45844
51,43978
51,44622
51,46540
51,46508
51,43938
51,45264
51,45466
51,46914
51,45744
51,45712
51,45848
51,46768
51,46012
51,45954
51,44736
51,46664
51,44532
51,45002
51,44202
51,45970
51,44388
51,45726
51,46456
51,45094
51,44944
51,44378
51,42604
51,44934
51,44138
51,44830
51,44972
51,44910
51,44892
51,44054
51,43126
52,44594
52,47006
52,46624
52,44760
52,45934
52,43364
52,45262
52,42850
52,43736
52,43180
52,44898
52,47572
52,46252
52,45352
52,45380
52,46898
52,45816
52,46666
52,43142
52,43760
52,44290
52,47086
52,43796
52,45208
52,44714
52,43998
52,45916
52,45068
52,45500
52,46094
52,45298
52,46490
52,44186
52,46354
52,46336
52,44790
52,44004
52,46006
52,46232
52,46346
52,44578
52,46096
52,46722
52,46418
52,45690
52,45998
52,44672
52,48192
53,45248
53,46062
53,45344
53,47998
53,45722
53,45430
53,45984
53,45088
53,47116
53,45520
53,45268
53,45984
53,43806
53,45214
53,45456
53,44700
53,45480
53,47180
53,45420
53,44916
53,46442
53,45544
53,43896
53,44242
53,45432
53,45108
53,45402
53,45782
53,44114
53,45714
53,45996
53,44894
53,44250
53,44410
53,44416
53,43248
53,42972
53,47796
53,43506
53,45292
53,43690
53,42866
53,44226
53,44040
53,41922
53,42772
53,44956
53,41274
54,41658
54,43958
54,42320
54,44044
54,41012
54,44220
54,43432
54,46138
54,41768
54,43220
54,43934
54,44478
54,43966
54,44100
54,44302
54,43340
54,43276
54,42922
54,41752
54,42584
54,42172
54,44416
54,43418
54,42896
54,41380
54,40316
54,42388
54,43200
54,43356
54,44638
54,45602
54,42490
54,42012
54,43530
54,40998
54,42156
54,42600
54,42540
54,39386
54,43090
54,39314
54,42288
54,43344
54,39968
54,39812
54,41386
54,42994
54,42190
55,40292
55,40818
55,40780
55,42246
55,43896
55,40202
55,40926
55,40386
55,42360
55,39104
55,40960
55,41200
55,38390
55,38206
55,41868
55,41216
55,38268
55,41148
55,40340
55,40642
55,38992
55,40792
55,40262
55,42030
55,39348
55,40170
55,37960
55,40382
55,39458
55,41834
55,40384
55,38988
55,38644
55,40264
55,38248
55,39154
55,39288
55,37586
55,39364
55,36288
55,38420
55,39016
55,38488
55,39478
55,37486
55,36752
55,39818
55,37160
56,38874
56,37318
56,38152
56,37196
56,37024
56,37284
56,39152
56,39478
56,36302
56,34956
56,38240
56,37626
56,37136
56,40770
56,39430
56,37084
56,37148
56,38922
56,37952
56,37564
56,37174
56,36862
56,36330
56,36784
56,37816
56,36548
56,38828
56,38320
56,36926
56,38428
56,35560
56,37656
56,33878
56,38592
56,35356
56,36228
56,37818
56,35228
56,37042
56,33486
56,37248
56,35332
56,37476
56,35286
56,32866
56,37636
56,33744
56,35850
57,36632
57,35116
57,31976
57,34852
57,34436
57,36296
57,33534
57,34258
57,34942
57,35288
57,34332
57,35578
57,34864
57,35164
57,37348
57,35332
57,36102
57,35632
57,34148
57,35000
57,35612
57,35056
57,34500
57,35784
57,34198
57,35716
57,35590
57,33418
57,34666
57,33596
57,33938
57,35366
57,32468
57,34424
57,34192
57,34728
57,34270
57,33546
57,33982
57,35006
57,33494
57,33868
57,31966
57,34024
57,31790
57,34022
57,32906
57,33778
58,35186
58,34448
58,35992
58,35162
58,34160
58,34300
58,36690
58,33980
58,33750
58,34298
58,33490
58,33522
58,35216
58,32614
58,33518
58,32600
58,35330
58,34010
58,33984
58,33210
58,33568
58,34334
58,35138
58,33702
58,34918
58,35032
58,32634
58,35162
58,32640
58,34306
58,34592
58,35128
58,32492
58,33674
58,35552
58,31322
58,32620
58,31620
58,33470
58,31528
58,32524
58,31182
58,33848
58,32594
58,34162
58,32146
58,34376
58,34482
59,33104
59,32960
59,33928
59,32024
59,32730
59,32026
59,30686
59,32864
59,30694
59,32100
59,30732
59,33488
59,30078
59,30730
59,30784
59,31928
59,31074
59,31658
59,30446
59,34962
59,31268
59,31428
59,31744
59,30796
59,32426
59,32948
59,31624
59,30282
59,29706
59,30744
59,31308
59,31634
59,33604
59,30790
59,31636
59,30736
59,31936
59,33094
59,29182
59,32376
59,34176
59,28558
59,30960
59,30152
59,29128
59,31838
59,32198
59,30836
60,30876
60,30920
60,33316
60,33490
60,31548
60,29132
60,30690
60,31346
60,31512
60,32974
60,33480
60,31342
60,32878
60,31054
60,31468
60,31558
60,34148
60,32656
60,31384
60,33402
60,32534
60,31730
60,33408
60,31660
60,33256
60,32370
60,31758
60,32512
60,34280
60,33286
60,33982
60,33190
60,33306
60,32520
60,32150
60,33540
60,31858
60,34192
60,34006
60,33752
60,34086
60,34646
60,35834
60,33762
60,33490
60,32056
60,34762
60,33752
61,33546
61,33966
61,36264
61,33914
61,34630
61,34990
61,32138
61,35178
61,32944
61,33046
61,35606
61,34428
61,32712
61,35288
61,34458
61,33924
61,34654
61,35070
61,34514
61,36224
61,33450
61,32184
61,33864
61,31178
61,33028
61,33072
61,33642
61,33946
61,34206
61,35184
61,36336
61,33226
61,33272
61,34184
61,32480
61,34266
61,35776
61,34192
61,35404
61,35966
61,34650
61,34318
61,34334
61,35608
61,35940
61,33836
61,34840
61,32790
62,37028
62,33238
62,37194
62,36160
62,34512
62,34712
62,33238
62,34796
62,33850
62,37946
62,36296
62,35734
62,36362
62,36060
62,34692
62,36970
62,36872
62,37348
62,34054
62,36712
62,36986
62,35262
62,36870
62,35042
62,35148
62,37462
62,37302
62,38298
62,37324
62,35598
62,35416
62,34808
62,32622
62,36630
62,37266
62,33014
62,34946
62,36046
62,35642
62,35564
62,33050
62,35286
62,36560
62,37264
62,36898
62,37090
62,36340
62,34696
63,34846
63,36482
63,34640
63,36446
63,36098
63,33576
63,35018
63,34996
63,33742
63,36020
63,36778
63,36268
63,34766
63,36502
63,34150
63,35408
63,32594
63,34578
63,33558
63,34482
63,33354
63,33350
63,33558
63,34526
63,33526
63,34064
63,34102
63,34126
63,34042
63,35246
63,32216
63,33394
63,34942
63,31990
63,33528
63,33214
63,33910
63,34140
63,34910
63,32512
63,35532
63,32268
63,31604
63,32164
63,33536
63,33804
63,31394
63,31668
64,31846
64,33652
64,35016
64,31868
64,32678
64,34262
64,31498
64,34670
64,30952
64,33594
64,32058
64,31668
64,32636
64,32940
64,30056
64,35012
64,32958
64,32804
64,33936
64,31454
64,33100
64,32842
64,33562
64,31296
64,35336
64,34092
64,32782
64,33440
64,33032
64,33832
64,34664
64,32732
64,31556
64,31844
64,34462
64,30760
64,33512
64,32512
64,32066
64,31166
64,30858
64,33400
64,33180
64,32528
64,31986
64,31570
64,32088
64,32662
65,32112
65,29624
65,32888
65,32978
65,31918
65,32142
65,32798
65,33856
65,30480
65,30998
65,33414
65,30466
65,32406
65,33486
65,32528
65,33892
65,31018
65,34754
65,32196
65,31880
65,32546
65,34162
65,33016
65,34722
65,32382
65,33452
65,33680
65,31798
65,33612
65,32876
65,34132
65,31788
65,32170
65,33282
65,32818
65,32102
65,29126
65,32118
65,33868
65,29602
65,34308
65,29982
65,32026
65,31734
65,32110
65,32976
65,31476
65,31210
66,32350
66,30800
66,30662
66,32058
66,31648
66,32888
66,30326
66,30760
66,29940
66,28866
66,30498
66,28536
66,29312
66,29370
66,29872
66,30236
66,31888
66,30296
66,30492
66,31284
66,31956
66,31374
66,30282
66,31004
66,28710
66,29310
66,31706
66,28956
66,27180
66,29070
66,26548
66,28570
66,28874
66,30768
66,29366
66,28688
66,29408
66,28546
66,29066
66,27300
66,29188
66,30980
66,27160
66,27714
66,28500
66,27760
66,31254
66,28602
67,28494
67,29208
67,29420
67,29222
67,27292
67,26930
67,27268
67,27246
67,28874
67,29498
67,28840
67,28550
67,27992
67,29526
67,28420
67,28630
67,26320
67,27504
67,26740
67,25894
67,25994
67,28300
67,26418
67,26434
67,27698
67,26484
67,27722
67,25080
67,27910
67,26014
67,27148
67,27530
67,25360
67,25510
67,25656
67,26254
67,24608
67,26502
67,28124
67,26840
67,24038
67,25626
67,25354
67,26984
67,23706
67,24256
67,26950
67,24860
68,25178
68,23516
68,25362
68,23252
68,28096
68,24668
68,24306
68,24856
68,23884
68,26342
68,22130
68,23690
68,23410
68,25068
68,23312
68,25618
68,23554
68,25828
68,25756
68,23564
68,26354
68,25046
68,24850
68,26138
68,25024
68,23594
68,23592
68,24264
68,23164
68,25622
68,24274
68,23586
68,24346
68,25174
68,23612
68,22326
68,21010
68,24972
68,22196
68,23738
68,25956
68,23256
68,23302
68,22786
68,23968
68,25254
68,24234
68,24874
69,24380
69,24868
69,23048
69,27066
69,24986
69,25384
69,24474
69,25634
69,22854
69,24752
69,25888
69,23730
69,23398
69,23928
69,23928
69,23830
69,25424
69,21426
69,24754
69,24760
69,24554
69,25192
69,22464
69,25016
69,23246
69,23576
69,22452
69,24616
69,22746
69,23742
69,23218
69,25302
69,20972
69,23254
69,23844
69,23914
69,23186
69,23692
69,24028
69,23298
69,26092
69,22348
69,21182
69,22238
69,22212
69,24170
69,23242
69,23334
70,22080
70,24186
70,23526
70,23578
70,21498
70,23626
70,22768
70,20190
70,25044
70,23820
70,22194
70,22334
70,23008
70,24524
70,22684
70,22536
70,22740
70,24200
70,23484
70,23166
70,22046
70,21132
70,23270
70,24302
70,23976
70,24838
70,19910
70,23504
70,22168
70,23500
70,26878
70,24562
70,22978
70,24086
70,23122
70,24932
70,22712
70,23626
70,23186
70,23680
70,23536
70,22954
70,24092
70,23106
70,22296
70,24580
70,22996
70,23644
71,22090
71,23216
71,21054
71,25230
71,22412
71,24618
71,21536
71,23014
71,24654
71,22312
71,24996
71,21714
71,22524
71,23004
71,24756
71,21214
71,23412
71,22480
71,21564
71,24846
71,23634
71,23520
71,23890
71,25666
71,24364
71,23354
71,22800
71,23836
71,22740
71,24596
71,23594
71,22688
71,25568
71,25284
71,25528
71,23358
71,23600
71,23768
71,23780
71,25326
71,23590
71,23518
71,23130
71,24618
71,24144
71,23528
71,27594
71,22656
72,25146
72,25308
72,25874
72,24644
72,24064
72,27410
72,24742
72,24866
72,25886
72,26532
72,25158
72,24974
72,26288
72,25948
72,25548
72,24926
72,23806
72,24634
72,24932
72,25544
72,26472
72,25280
72,25588
72,27702
72,24568
72,27646
72,26190
72,24120
72,25914
72,23164
72,23748
72,23194
72,24238
72,26226
72,23616
72,24598
72,26866
72,24368
72,26530
72,26548
72,24696
72,27778
72,25164
72,25332
72,24580
72,22214
72,24016
72,24618
73,27680
73,25540
73,23966
73,27164
73,25394
73,25968
73,27254
73,24732
73,28050
73,26126
73,26378
73,25832
73,24550
73,25060
73,27534
73,27468
73,28170
73,25304
73,25702
73,27084
73,24680
73,27546
73,26640
73,24272
73,27082
73,25184
73,26768
73,25812
73,28654
73,26846
73,26876
73,26658
73,27580
73,27664
73,26772
73,26900
73,25124
73,26040
73,27808
73,26202
73,28060
73,26900
73,27560
73,27054
73,27206
73,29118
73,26500
73,28298
74,27146
74,26576
74,28158
74,27796
74,26728
74,27686
74,26792
74,26350
74,27916
74,27676
74,28914
74,29574
74,26922
74,27102
74,29334
74,26662
74,28966
74,27108
74,25042
74,27532
74,26506
74,27262
74,26742
74,28832
74,25588
74,26608
74,27328
74,27654
74,27058
74,26064
74,27588
74,25368
74,26958
74,26526
74,26068
74,29120
74,27078
74,27626
74,27180
74,26066
74,27594
74,27112
74,25378
74,26930
74,27102
74,25336
74,27520
74,28638
75,25546
75,27426
75,27234
75,25832
75,28428
75,26014
75,24530
75,25178
75,25498
75,25364
75,25512
75,27386
75,24820
75,25968
75,24916
75,27500
75,26584
75,24488
75,26056
75,26122
75,26222
75,26834
75,23992
75,26312
75,24884
75,25910
75,26962
75,25118
75,24102
75,25520
75,26062
75,25902
75,25764
75,25890
75,24170
75,23744
75,25426
75,24266
75,25076
75,25160
75,24384
75,23038
75,26282
75,23786
75,24824
75,25922
75,25436
75,24758
76,24008
76,23170
76,24594
76,22890
76,24212
76,23198
76,24514
76,22962
76,24974
76,24148
76,24604
76,25966
76,24152
76,25582
76,24420
76,24744
76,24892
76,23742
76,23158
76,23880
76,23162
76,25068
76,23564
76,23878
76,23336
76,22702
76,23870
76,24548
76,23372
76,23702
76,22802
76,22670
76,23902
76,23864
76,24322
76,24138
76,22320
76,22820
76,24196
76,23846
76,22606
76,23170
76,22478
76,24138
76,23276
76,20428
76,23138
76,24920
77,21676
77,21884
77,21258
77,22344
77,22694
77,23838
77,23462
77,23038
77,22444
77,23888
77,22866
77,23260
77,23400
77,21544
77,22794
77,22428
77,22898
77,22736
77,22504
77,23450
77,26368
77,22268
77,23246
77,25164
77,21146
77,22874
77,21130
77,23050
77,21712
77,22972
77,20736
77,23046
77,21682
77,23502
77,25964
77,23018
77,24658
77,23760
77,24674
77,24280
77,23522
77,21994
77,22918
77,23600
77,22070
77,24978
77,23584
77,23776
78,23700
78,23280
78,23424
78,21228
78,21606
78,23238
78,23056
78,23862
78,22444
78,22344
78,22212
78,22248
78,22426
78,21200
78,22868
78,22300
78,19914
78,22036
78,23880
78,20756
78,21786
78,22984
78,21266
78,23476
78,24172
78,20688
78,21854
78,23330
78,24044
78,23036
78,24732
78,21868
78,20262
78,24688
78,21838
78,22808
78,21548
78,22502
78,23460
78,20832
78,23592
78,22294
78,21304
78,23480
78,23130
78,22604
78,20626
78,22996
79,22426
79,20302
79,22232
79,22152
79,22986
79,21828
79,22116
79,22494
79,23090
79,21722
79,20874
79,24330
79,23108
79,22534
79,22662
79,23492
79,25086
79,24460
79,21826
79,21724
79,22180
79,22496
79,22342
79,22130
79,21656
79,23430
79,20242
79,21294
79,22852
79,21474
79,24072
79,23820
79,22756
79,20868
79,22222
79,22100
79,22770
79,19934
79,23478
79,21010
79,23372
79,22518
79,22454
79,23306
79,22640
79,22546
79,22394
79,23566
80,21568
80,21428
80,21516
80,22312
80,23394
80,23434
80,23648
80,23712
80,22972
80,22320
80,23396
80,20178
80,21762
80,24334
80,20590
80,21866
80,25294
80,22670
80,20290
80,21360
80,21810
80,21748
80,23956
80,21436
80,22026
80,23554
80,23690
80,22598
80,24838
80,22020
80,22098
80,22564
80,21858
80,23058
80,23472
80,23718
80,22822
80,22298
80,22174
80,22516
80,22600
80,25580
80,23268
80,23810
80,25204
80,24056
80,23898
80,23246
81,22048
81,22764
81,23684
81,24704
81,22830
81,24158
81,25252
81,24152
81,22242
81,22692
81,21218
81,25088
81,24064
81,24458
81,25106
81,23906
81,23002
81,23978
81,20600
81,21938
81,23030
81,24752
81,22802
81,24826
81,24000
81,23326
81,25362
81,25534
81,24226
81,25232
81,25754
81,24670
81,22392
81,21514
81,25016
81,22706
81,25480
81,22054
81,23898
81,23884
81,22956
81,23894
81,23548
81,23556
81,25394
81,22058
81,23180
81,24366
82,23050
82,22716
82,23478
82,25806
82,23134
82,24914
82,22746
82,23196
82,22740
82,24082
82,24662
82,24804
82,24904
82,21822
82,22426
82,24072
82,22300
82,24040
82,24150
82,25888
82,24294
82,24424
82,24508
82,23974
82,24164
82,25184
82,24884
82,25148
82,24000
82,23784
82,23102
82,24076
82,23374
82,24820
82,24528
82,24168
82,26394
82,24654
82,24972
82,24460
82,24386
82,23288
82,25734
82,23940
82,24040
82,25232
82,23126
82,25062
83,24578
83,23222
83,24380
83,23034
83,24686
83,24524
83,25792
83,23920
83,23912
83,24864
83,24150
83,21964
83,24028
83,24710
83,24462
83,25362
83,24918
83,23614
83,25044
83,22684
83,25868
83,23450
83,24336
83,23880
83,21584
83,22886
83,23300
83,23054
83,27436
83,22344
83,23596
83,22642
83,24888
83,25238
83,21966
83,25886
83,25952
83,25728
83,27994
83,27004
83,24108
83,24926
83,27566
83,23822
83,23764
83,23634
83,25222
83,25364
84,24626
84,25542
84,21262
84,24102
84,25386
84,23408
84,25688
84,24114
84,26310
84,23206
84,28662
84,25580
84,23116
84,22766
84,26910
84,23990
84,23998
84,24802
84,23800
84,24822
84,23382
84,25970
84,23992
84,23288
84,24882
84,24340
84,27198
84,25156
84,25250
84,25714
84,24744
84,23678
84,23138
84,26762
84,23378
84,23328
84,24484
84,23958
84,24068
84,24476
84,24202
84,25390
84,24682
84,23796
84,24012
84,22600
84,24462
84,23850
85,24208
85,24070
85,24478
85,22512
85,23874
85,24004
85,24126
85,21894
85,25592
85,21202
85,23240
85,22978
85,22484
85,21250
85,22742
85,20322
85,21504
85,22742
85,24100
85,23778
85,22256
85,22332
85,23480
85,21568
85,22154
85,19872
85,19924
85,19988
85,18736
85,20096
85,22402
85,19678
85,21096
85,20180
85,20714
85,21352
85,22360
85,23146
85,20872
85,20382
85,19438
85,20504
85,20228
85,22034
85,20354
85,19370
85,22094
85,21788
86,19878
86,21754
86,19658
86,20620
86,19648
86,20936
86,21266
86,21512
86,20592
86,22248
86,19564
86,20528
86,20446
86,19622
86,20106
86,20510
86,21828
86,19604
86,20038
86,22126
86,22268
86,18536
86,21712
86,19794
86,22744
86,21042
86,20144
86,19794
86,23612
86,20422
86,18820
86,21554
86,19294
86,17740
86,20960
86,19820
86,22736
86,21930
86,19032
86,21532
86,19732
86,20562
86,20214
86,20242
86,20764
86,20662
86,21818
86,18882
87,21048
87,18624
87,18692
87,21316
87,19658
87,20932
87,20096
87,20618
87,20328
87,19802
87,22542
87,20556
87,19908
87,20720
87,20322
87,20120
87,18534
87,21186
87,19034
87,19146
87,18286
87,18042
87,19974
87,18496
87,19680
87,19596
87,20870
87,18718
87,22512
87,20368
87,20472
87,20042
87,20602
87,18886
87,18926
87,18330
87,18450
87,19596
87,19664
87,20394
87,22384
87,20954
87,19822
87,20564
87,20158
87,20564
87,23032
87,19790
88,20136
88,20898
88,17898
88,22782
88,19450
88,20154
88,19804
88,20270
88,20270
88,19654
88,20790
88,21110
88,21170
88,21126
88,19530
88,22150
88,18516
88,21526
88,22306
88,23046
88,23362
88,21384
88,21158
88,22144
88,22028
88,21216
88,18550
88,22100
88,22254
88,21554
88,20256
88,22662
88,22158
88,21312
88,22890
88,20304
88,22226
88,21420
88,23616
88,22902
88,22398
88,22338
88,22748
88,23336
88,22824
88,22356
88,24328
88,23912
89,22560
89,23402
89,20110
89,22050
89,22664
89,22570
89,22398
89,22582
89,22690
89,21472
89,19980
89,22766
89,24214
89,21494
89,21648
89,23010
89,20084
89,21876
89,22500
89,21454
89,20036
89,22566
89,23036
89,23286
89,21556
89,22394
89,21312
89,23588
89,21616
89,23152
89,21006
89,22484
89,23082
89,20752
89,22534
89,22400
89,22500
89,23914
89,21900
89,24488
89,23564
89,24810
89,21114
89,23694
89,20984
89,21376
89,21714
89,22136
90,21568
90,23360
90,21338
90,22494
90,22996
90,22968
90,23672
90,21262
90,20606
90,22474
90,22768
90,23438
90,23082
90,20144
90,20978
90,22684
90,21714
90,22712
90,21480
90,22638
90,22032
90,21892
90,23704
90,23926
90,23976
90,23190
90,23022
90,23990
90,20604
90,22740
90,21144
90,23892
90,20140
90,23166
90,22812
90,21984
90,22650
90,23886
90,22338
90,22608
90,22296
90,23772
90,22398
90,24092
90,21894
90,22860
90,23938
90,21074
91,25134
91,23300
91,22186
91,23388
91,23522
91,23026
91,23984
91,22350
91,23044
91,24514
91,22896
91,22622
91,21312
91,23872
91,25342
91,21708
91,25338
91,24196
91,22366
91,23016
91,21692
91,23310
91,24016
91,24246
91,24520
91,23182
91,24432
91,23654
91,22864
91,24462
91,23882
91,22784
91,23942
91,22352
91,25078
91,24224
91,22348
91,24784
91,24874
91,23302
91,23412
91,22982
91,23610
91,22706
91,21674
91,23244
91,25288
91,21320
92,24440
92,22418
92,24234
92,23608
92,22772
92,21172
92,22678
92,20806
92,23762
92,23290
92,25034
92,22102
92,23040
92,23050
92,23044
92,25246
92,23886
92,23776
92,24504
92,21152
92,23800
92,21444
92,22908
92,23224
92,22586
92,22970
92,25930
92,23308
92,25832
92,24778
92,25240
92,24876
92,24296
92,25490
92,24262
92,23308
92,25678
92,22604
92,23856
92,22060
92,25630
92,23620
92,23456
92,24330
92,23102
92,25792
92,23694
92,21814
93,25590
93,24218
93,25056
93,25896
93,24668
93,26830
93,24320
93,25452
93,25056
93,23654
93,24870
93,22448
93,24182
93,22726
93,24024
93,22654
93,24706
93,25182
93,23874
93,23068
93,24930
93,22548
93,22754
93,24428
93,23016
93,22652
93,23030
93,25086
93,24118
93,23942
93,25456
93,24218
93,25100
93,23294
93,24556
93,25258
93,23888
93,25818
93,25112
93,22392
93,23028
93,23520
93,26146
93,23054
93,25716
93,21534
93,22580
93,22506
94,23160
94,22936
94,23742
94,22310
94,23118
94,22348
94,21400
94,21582
94,22510
94,21108
94,22450
94,21040
94,22016
94,23616
94,21036
94,21186
94,23084
94,20818
94,21696
94,19234
94,22412
94,19934
94,20486
94,19522
94,23298
94,21956
94,19440
94,20484
94,22150
94,21994
94,20982
94,21910
94,19406
94,19724
94,18610
94,19026
94,20910
94,19576
94,19876
94,21604
94,20854
94,19696
94,21560
94,19800
94,20794
94,20838
94,20612
94,23060
95,21850
95,22668
95,23122
95,20082
95,22010
95,22274
95,21890
95,20260
95,20120
95,22412
95,23020
95,21524
95,19112
95,21486
95,20512
95,21356
95,18306
95,22518
95,21934
95,21666
95,22350
95,24116
95,18636
95,23416
95,22490
95,21184
95,21674
95,21026
95,23370
95,21494
95,21666
95,20802
95,21824
95,22496
95,24078
95,20892
95,21000
95,22178
95,25772
95,21182
95,22848
95,23372
95,21974
95,20106
95,23420
95,24226
95,23012
95,23502
96,23902
96,23342
96,24760
96,21674
96,23662
96,20924
96,22852
96,23940
96,22990
96,22292
96,19942
96,21270
96,22336
96,21228
96,21940
96,21062
96,22118
96,22676
96,21228
96,20990
96,22408
96,21302
96,22012
96,23164
96,21586
96,21490
96,22462
96,21138
96,19670
96,21572
96,20410
96,21854
96,18428
96,21340
96,19206
96,22582
96,18826
96,18994
96,22762
96,22908
96,20576
96,21734
96,23218
96,19642
96,22242
96,23334
96,20648
96,20518
97,21196
97,21662
97,20798
97,18498
97,18938
97,19148
97,20044
97,21742
97,19976
97,22002
97,19432
97,20490
97,20274
97,18484
97,18828
97,19048
97,20788
97,19072
97,18372
97,20722
97,18632
97,23016
97,20220
97,18778
97,19570
97,19560
97,19172
97,19038
97,18990
97,20206
97,21284
97,20122
97,19600
97,20862
97,20382
97,19920
97,20364
97,22006
97,19366
97,21800
97,20390
97,18894
97,18996
97,20378
97,20220
97,19452
97,20752
97,19112
98,22296
98,22652
98,22058
98,20366
98,19764
98,21848
98,20404
98,18970
98,23004
98,21022
98,21106
98,20364
98,20964
98,21198
98,21086
98,19574
98,22020
98,20888
98,20294
98,22012
98,18932
98,19668
98,18568
98,19286
98,19320
98,18936
98,18176
98,20268
98,18656
98,20874
98,17858
98,18854
98,18358
98,17358
98,18872
98,18908
98,16298
98,17000
98,18828
98,18300
98,17498
98,18102
98,20296
98,19224
98,18110
98,19660
98,20242
98,19182
99,19422
99,18902
99,19312
99,21620
99,20382
99,20722
99,21196
99,19640
99,18104
99,17818
99,20942
99,20470
99,20432
99,20926
99,20814
99,19680
99,21104
99,20274
99,20286
99,19170
99,22596
99,19734
99,20800
99,21292
99,19938
99,20262
99,20002
99,19560
99,19534
99,22168
99,20674
99,19030
99,21162
99,19786
99,20176
99,17750
99,18784
99,20042
99,17964
99,20700
99,19372
99,21448
99,19734
99,21424
99,22356
99,19816
99,23946
99,19916
100,21792
100,19862
100,22814
100,19496
100,20874
100,22548
100,19946
100,19346
100,20498
100,19446
100,21916
100,21908
100,21684
100,21388
100,19590
100,21496
100,19032
100,19292
100,21214
100,20140
100,20362
100,21468
100,20438
100,20936
100,22060
100,22806
100,18884
100,20136
100,21064
100,21942
100,20502
100,21062
100,19720
100,21058
100,22702
100,21404
100,20926
100,21782
100,22112
100,18970
100,20916
100,21964
100,22798
100,19950
100,20974
100,20340
100,20840
100,21056
101,19348
101,20906
101,18898
101,21670
101,21886
101,21534
101,21964
101,19474
101,19792
101,23388
101,19084
101,22392
101,22310
101,20866
101,20088
101,20920
101,19522
101,17122
101,19974
101,19524
101,19790
101,19102
101,21554
101,19674
101,20064
101,17400
101,19998
101,21084
101,20642
101,19934
101,18852
101,19786
101,20624
101,17572
101,21590
101,19650
101,19704
101,21112
101,22480
101,20122
101,21606
101,21052
101,22220
101,18636
101,20830
101,19890
101,20492
101,21414
102,20064
102,19044
102,20490
102,20686
102,22618
102,21038
102,21094
102,21746
102,19724
102,20486
102,21026
102,22082
102,18394
102,24014
102,20462
102,21472
102,22072
102,21966
102,20270
102,21736
102,21942
102,20826
102,21916
102,18440
102,20186
102,21562
102,19438
102,21374
102,19206
102,22214
102,21498
102,21704
102,19564
102,21188
102,19754
102,19236
102,20584
102,23190
102,21868
102,20936
102,21352
102,21612
102,19848
102,21072
102,19880
102,21154
102,22650
102,20098
103,22590
103,20624
103,20950
103,21524
103,22768
103,20246
103,21152
103,21734
103,21654
103,22918
103,20874
103,22830
103,21558
103,20252
103,21948
103,19624
103,22306
103,20318
103,20830
103,20232
103,21088
103,21324
103,20784
103,22160
103,20984
103,21846
103,20776
103,19614
103,22208
103,21952
103,21904
103,20796
103,22026
103,21076
103,22436
103,19914
103,21258
103,18948
103,20972
103,19330
103,21678
103,21052
103,22376
103,19690
103,21500
103,20896
103,19954
103,20896
104,21744
104,20630
104,21268
104,21570
104,20270
104,22472
104,20112
104,20004
104,20558
104,20276
104,20756
104,20572
104,20190
104,22748
104,20122
104,19228
104,21636
104,21170
104,19972
104,20974
104,22292
104,21904
104,19532
104,18636
104,22218
104,19524
104,20476
104,20948
104,18734
104,21262
104,19750
104,19300
104,21376
104,19750
104,17874
104,21820
104,20772
104,21768
104,21732
104,19464
104,20814
104,20842
104,22242
104,20346
104,20304
104,21004
104,22210
104,20130
105,23070
105,21318
105,21854
105,20376
105,20946
105,20194
105,21568
105,22962
105,23912
105,19330
105,23874
105,22170
105,21546
105,22210
105,22484
105,21542
105,20652
105,19734
105,21070
105,20814
105,20628
105,22176
105,19938
105,17726
105,21736
105,19118
105,18204
105,20060
105,19410
105,19612
105,19044
105,19038
105,20182
105,17970
105,17786
105,17760
105,17242
105,17400
105,19478
105,16738
105,19218
105,17450
105,19278
105,18304
105,16748
105,17300
105,16020
105,18124
106,19342
106,18960
106,19266
106,17856
106,18400
106,20382
106,19656
106,17480
106,15272
106,16410
106,18068
106,18512
106,18162
106,18802
106,18868
106,17550
106,16630
106,19262
106,19730
106,19218
106,19674
106,19340
106,18410
106,18604
106,17576
106,16610
106,18636
106,19300
106,17488
106,19782
106,17794
106,18110
106,19040
106,21194
106,17122
106,18864
106,19500
106,17608
106,18224
106,19528
106,16780
106,19000
106,19360
106,18290
106,20402
106,18696
106,17632
106,17712
107,18254
107,15954
107,19364
107,17482
107,19658
107,19540
107,18040
107,19018
107,19494
107,20320
107,17308
107,18058
107,19990
107,17812
107,18040
107,18074
107,17444
107,19278
107,15326
107,16214
107,18004
107,17890
107,17636
107,18206
107,16440
107,15932
107,18194
107,16518
107,16178
107,19354
107,18192
107,16682
107,16828
107,16082
107,17820
107,16542
107,16976
107,14792
107,14094
107,16160
107,15556
107,14564
107,15160
107,16042
107,16644
107,16730
107,15050
107,15712
108,16808
108,17044
108,17392
108,16492
108,15936
108,15456
108,15500
108,15132
108,16326
108,15108
108,15400
108,15614
108,15452
108,16322
108,15180
108,16924
108,16722
108,13632
108,15258
108,16704
108,16038
108,15266
108,16950
108,14978
108,15200
108,16680
108,17310
108,14406
108,15090
108,15614
108,13534
108,13762
108,13326
108,13442
108,16066
108,16170
108,12116
108,14732
108,14716
108,17188
108,14304
108,12864
108,15506
108,16172
108,13012
108,14226
108,14430
108,14862
109,15164
109,15368
109,15172
109,14948
109,13590
109,14560
109,13092
109,13934
109,17184
109,15340
109,14470
109,16818
109,16474
109,13034
109,16510
109,16730
109,14118
109,15562
109,14302
109,15054
109,11070
109,14880
109,14804
109,15028
109,17410
109,15460
109,15648
109,17286
109,15190
109,15676
109,15420
109,17126
109,17128
109,17672
109,18630
109,16844
109,17140
109,18032
109,19660
109,18466
109,18872
109,17600
109,15566
109,16688
109,18862
109,17790
109,17820
109,18258
110,18042
110,18504
110,18214
110,18148
110,17880
110,20270
110,18142
110,16382
110,17384
110,19928
110,17298
110,19294
110,16800
110,17860
110,17212
110,18032
110,16106
110,17520
110,16748
110,16082
110,17460
110,18478
110,18226
110,18056
110,17500
110,17842
110,17466
110,18016
110,18488
110,18152
110,16972
110,19796
110,18824
110,18772
110,20458
110,19616
110,19422
110,20066
110,19078
110,20778
110,18712
110,19644
110,18428
110,17432
110,21690
110,18580
110,18518
110,19648
111,18730
111,17772
111,18114
111,19056
111,20214
111,19264
111,18490
111,16784
111,20026
111,21530
111,18452
111,19406
111,18698
111,21036
111,19690
111,19626
111,21552
111,21402
111,19296
111,17536
111,22188
111,19788
111,18008
111,19512
111,19562
111,18404
111,17964
111,19516
111,18868
111,17532
111,20074
111,18648
111,18380
111,17310
111,19492
111,15498
111,17916
111,16798
111,20290
111,19304
111,19860
111,17774
111,14844
111,18568
111,17544
111,18160
111,19788
111,16780
112,19442
112,17352
112,18614
112,16242
112,17710
112,19358
112,17092
112,17198
112,17572
112,18202
112,18692
112,20210
112,16756
112,16014
112,17770
112,17950
112,16554
112,16578
112,14994
112,20520
112,16478
112,19910
112,18078
112,17374
112,18578
112,19302
112,18896
112,17044
112,19770
112,17400
112,18180
112,19304
112,17884
112,17386
112,19010
112,17924
112,19270
112,18470
112,18640
112,17658
112,17330
112,18646
112,18606
112,17986
112,15772
112,18972
112,16816
112,18948
113,19820
113,18366
113,18602
113,17492
113,17066
113,18386
113,19098
113,18940
113,16800
113,19452
113,19428
113,18202
113,18312
113,17906
113,18432
113,17262
113,17862
113,21662
113,18728
113,18510
113,17528
113,21070
113,17496
113,17230
113,16400
113,16458
113,17058
113,15748
113,16138
113,14776
113,16610
113,17464
113,18372
113,16800
113,17110
113,17430
113,16340
113,15760
113,17798
113,17074
113,17466
113,16194
113,17734
113,18380
113,16662
113,16826
113,17572
113,17948
114,16782
114,17800
114,17776
114,16458
114,19300
114,18750
114,18668
114,18596
114,17298
114,20074
114,20188
114,20546
114,18056
114,20476
114,18682
114,20302
114,19642
114,18720
114,19230
114,18218
114,19778
114,19282
114,20340
114,19016
114,18660
114,17924
114,19054
114,20118
114,18968
114,17622
114,17612
114,20034
114,18278
114,17294
114,18610
114,20816
114,19496
114,16764
114,19536
114,18492
114,19766
114,17786
114,15666
114,17558
114,18750
114,19050
114,18862
114,17892
115,19494
115,18574
115,18536
115,17400
115,16316
115,18206
115,19088
115,18220
115,18852
115,17326
115,18740
115,17212
115,16042
115,16272
115,16544
115,18922
115,17272
115,15686
115,16900
115,15316
115,15860
115,17068
115,16302
115,16694
115,14776
115,15356
115,18356
115,17626
115,18056
115,16854
115,17540
115,19034
115,17018
115,18914
115,17152
115,18980
115,19872
115,17068
115,20440
115,15858
115,17424
115,17418
115,19990
115,15656
115,19622
115,17658
115,18162
115,17820
116,17194
116,18848
116,17272
116,18142
116,19134
116,15608
116,17874
116,17742
116,18472
116,17956
116,18590
116,17552
116,17372
116,17462
116,15214
116,20108
116,15802
116,17968
116,19780
116,18406
116,19792
116,18096
116,16328
116,15764
116,16010
116,15666
116,16804
116,16552
116,16240
116,16588
116,17990
116,16422
116,17962
116,16988
116,16920
116,16248
116,16926
116,15754
116,15554
116,15698
116,14592
116,14974
116,17816
116,16700
116,15018
116,18622
116,16130
116,15668
117,13496
117,14634
117,14254
117,17706
117,13034
117,17528
117,15816
117,16752
117,15376
117,15340
117,14128
117,16354
117,14102
117,16996
117,15130
117,17118
117,14496
117,16266
117,14768
117,15164
117,14418
117,16742
117,17080
117,14972
117,15578
117,16092
117,15228
117,16312
117,16074
117,15002
117,15816
117,14442
117,17486
117,16306
117,15140
117,17098
117,16030
117,16180
117,15436
117,14960
117,16230
117,17556
117,17836
117,16922
117,14888
117,16754
117,16008
117,12686
118,16530
118,16484
118,18308
118,14918
118,17092
118,16898
118,13464
118,15778
118,17004
118,16368
118,14154
118,15710
118,16236
118,16644
118,16070
118,16808
118,16044
118,16580
118,17718
118,15344
118,16056
118,14994
118,16252
118,17190
118,15964
118,17568
118,18836
118,16696
118,17862
118,15192
118,16354
118,15238
118,16824
118,15202
118,15742
118,16806
118,16320
118,16654
118,16866
118,14362
118,16024
118,16232
118,16910
118,17442
118,17266
118,18206
118,14678
118,16926
119,15680
119,16508
119,16698
119,14828
119,18264
119,17522
119,14988
119,16352
119,16804
119,16978
119,15982
119,15688
119,16992
119,17358
119,19182
119,18214
119,17228
119,15814
119,19926
119,17696
119,16610
119,17538
119,19570
119,17160
119,17614
119,17276
119,16634
119,15478
119,16208
119,16308
119,19658
119,16516
119,19338
119,18870
119,17694
119,18620
119,17154
119,17654
119,15714
119,19136
119,16644
119,17998
119,18882
119,15854
119,17396
119,19300
119,17416
119,17586
120,16558
120,18380
120,17612
120,17056
120,19064
120,16976
120,17230
120,16860
120,15940
120,16630
120,17272
120,17004
120,17532
120,17698
120,18674
120,17566
120,19982
120,16722
120,18762
120,19690
120,18190
120,19178
120,20418
120,18746
120,18402
120,18926
120,19282
120,20636
120,18658
120,19508
120,19678
120,20530
120,19570
120,21132
120,18002
120,18272
120,20826
120,20206
120,20388
120,19498
120,19458
120,20294
120,20374
120,18018
120,20412
120,19210
120,17348
120,19802
121,18430
121,18114
121,19962
121,19876
121,17400
121,18432
121,19646
121,19042
121,18770
121,19976
121,19086
121,19516
121,19874
121,19172
121,21026
121,19358
121,22342
121,20052
121,20712
121,18238
121,20576
121,20212
121,19896
121,18494
121,19668
121,18306
121,18742
121,19678
121,20450
121,19840
121,21638
121,19896
121,21202
121,18526
121,19306
121,20090
121,20840
121,20670
121,21372
121,22844
121,21670
121,21526
121,21170
121,19752
121,19252
121,21480
121,20898
121,21146
122,21784
122,19832
122,23128
122,19674
122,21336
122,21578
122,20536
122,20378
122,21630
122,21604
122,22710
122,22330
122,19800
122,19284
122,21404
122,18950
122,20066
122,21066
122,19320
122,20086
122,19840
122,19328
122,21000
122,21368
122,21158
122,19136
122,20070
122,19704
122,21782
122,20546
122,21564
122,19118
122,21472
122,18070
122,20870
122,21896
122,19502
122,19060
122,19178
122,21594
122,20222
122,20618
122,20752
122,20646
122,23134
122,21266
122,21910
122,21900
123,22150
123,18802
123,20386
123,18916
123,18984
123,21006
123,19324
123,20376
123,20796
123,20568
123,17768
123,20218
123,19380
123,19124
123,20414
123,19234
123,20730
123,18922
123,20108
123,20636
123,18204
123,19254
123,19840
123,20154
123,20904
123,20318
123,20242
123,20684
123,18982
123,19946
123,22996
123,22396
123,20310
123,19332
123,19892
123,19546
123,21826
123,20056
123,21802
123,20084
123,21108
123,21400
123,18620
123,20504
123,21464
123,19826
123,19558
123,18818
124,20802
124,19358
124,17950
124,19676
124,18470
124,19498
124,17022
124,19618
124,18878
124,20726
124,17912
124,18524
124,18712
124,17970
124,17552
124,19746
124,17660
124,19302
124,18720
124,15868
124,16528
124,16950
124,18018
124,17910
124,18932
124,16730
124,17640
124,18362
124,17860
124,16418
124,15938
124,15702
124,18834
124,15778
124,17028
124,16604
124,16134
124,19778
124,16994
124,16460
124,17018
124,14876
124,17264
124,17096
124,18152
124,17544
124,15476
124,18992
125,14900
125,19104
125,16432
125,16140
125,19154
125,17140
125,19126
125,16762
125,15172
125,19616
125,18804
125,17250
125,19208
125,16652
125,17550
125,18500
125,16060
125,17928
125,16006
125,18898
125,18198
125,19224
125,16914
125,16154
125,15992
125,18094
125,17002
125,17882
125,19218
125,19248
125,17644
125,19120
125,17994
125,17656
125,18270
125,19228
125,16170
125,18606
125,16632
125,17032
125,15158
125,19320
125,17804
125,15758
125,18620
125,15520
125,15514
125,17404
126,16882
126,16902
126,16544
126,15570
126,16086
126,16438
126,16866
126,14814
126,15340
126,16162
126,17784
126,14634
126,17504
126,16162
126,16422
126,15458
126,17816
126,15946
126,15364
126,16190
126,16434
126,16962
126,14610
126,15594
126,17352
126,17424
126,15576
126,15108
126,13928
126,16754
126,15270
126,17524
126,13290
126,16900
126,13802
126,15274
126,15164
126,15362
126,17028
126,13148
126,15226
126,14708
126,14284
126,14860
126,16556
126,15598
126,15394
126,14808
127,16174
127,15440
127,15036
127,13582
127,17376
127,13648
127,14758
127,14742
127,16660
127,15460
127,14904
127,16536
127,14056
127,17732
127,17160
127,18368
127,16456
127,14994
127,13708
127,17112
127,15092
127,14270
127,15588
127,16092
127,12706
127,15514
127,15924
127,16100
127,14984
127,16548
127,15794
127,16442
127,12900
127,16716
127,15372
127,13926
127,17302
127,15340
127,16270
127,13982
127,14690
127,16512
127,15364
127,15752
127,17168
127,15186
127,13454
127,16844
128,16352
128,15648
128,15554
128,15408
128,15368
128,16458
128,17886
128,16468
128,14748
128,15108
128,15996
128,17898
128,16210
128,13586
128,16706
128,17736
128,16446
128,17302
128,17024
128,15426
128,17284
128,15430
128,17144
128,19064
128,17310
128,16404
128,16858
128,14950
128,18240
128,15226
128,17880
128,15966
128,17632
128,18314
128,17054
128,16170
128,17774
128,18800
128,18524
128,18734
128,16222
128,17584
128,17678
128,19140
128,17900
128,18276
128,18524
128,18758
129,18746
129,15618
129,18468
129,17362
129,16450
129,17410
129,19128
129,18760
129,18830
129,20488
129,15654
129,18806
129,20632
129,18698
129,17680
129,18544
129,19666
129,16774
129,20906
129,16764
129,18128
129,18478
129,16088
129,20688
129,18746
129,18018
129,17826
129,17636
129,19360
129,17366
129,19448
129,17478
129,18734
129,19562
129,18624
129,20654
129,19328
129,19136
129,18448
129,18400
129,20614
129,18610
129,20286
129,18988
129,18818
129,19096
129,19382
129,19812
130,18998
130,18524
130,19820
130,17764
130,21054
130,20244
130,17430
130,18564
130,17512
130,18406
130,18394
130,18770
130,17228
130,18712
130,18358
130,19706
130,18754
130,21034
130,20356
130,19036
130,18752
130,19942
130,18920
130,18654
130,19468
130,18940
130,19202
130,16916
130,18980
130,18436
130,19620
130,19094
130,19592
130,17156
130,19680
130,17974
130,20258
130,19854
130,17446
130,18792
130,18386
130,18058
130,18094
130,19406
130,19534
130,18744
130,16018
130,18396
131,18064
131,17474
131,20254
131,19654
131,17068
131,19616
131,19370
131,16044
131,19060
131,19466
131,18638
131,18026
131,18868
131,18136
131,18006
131,19008
131,17636
131,20318
131,18300
131,17948
131,19542
131,19638
131,19296
131,19332
131,19078
131,20172
131,19470
131,17330
131,16610
131,19632
131,19298
131,17470
131,16968
131,19612
131,18820
131,19882
131,19288
131,20314
131,19686
131,19110
131,19884
131,22138
131,18716
131,21180
131,17908
131,18904
131,19214
131,20156
132,20726
132,21326
132,21718
132,19446
132,21578
132,21988
132,20382
132,18670
132,22754
132,18408
132,22230
132,23044
132,20250
132,20890
132,20640
132,19034
132,19934
132,21746
132,21232
132,20516
132,20268
132,19808
132,21766
132,21694
132,22120
132,22266
132,20366
132,22600
132,19918
132,20440
132,21812
132,21398
132,20236
132,21856
132,20576
132,21790
132,20326
132,21596
132,21768
132,23030
132,20226
132,21784
132,19626
132,20296
132,21576
132,20176
132,21110
132,20474
133,20900
133,19300
133,21578
133,18998
133,21134
133,18572
133,20612
133,20282
133,20914
133,21172
133,19970
133,18152
133,18164
133,18584
133,21180
133,21054
133,19952
133,21112
133,19834
133,21600
133,22244
133,21692
133,20734
133,19704
133,20526
133,19716
133,19728
133,21632
133,20896
133,21186
133,19596
133,20400
133,23426
133,20288
133,19436
133,21814
133,19774
133,19936
133,19764
133,20212
133,18108
133,20252
133,19636
133,17602
133,20986
133,19680
133,21900
133,19298
134,21150
134,19220
134,20330
134,20204
134,20748
134,19476
134,20680
134,18984
134,19896
134,20746
134,19572
134,18046
134,19436
134,19538
134,18534
134,19464
134,19952
134,20248
134,18338
134,19092
134,20444
134,18238
134,20328
134,20326
134,18640
134,19110
134,19614
134,20378
134,20882
134,20658
134,18314
134,21020
134,19586
134,19554
134,19992
134,19862
134,22488
134,19834
134,21326
134,20300
134,21092
134,20134
134,20896
134,19528
134,18998
134,19578
134,19690
134,18544
135,17684
135,18792
135,18520
135,19792
135,22508
135,21984
135,17108
135,19124
135,20488
135,20976
135,18512
135,19620
135,19776
135,19730
135,20690
135,19460
135,20638
135,18294
135,19680
135,19006
135,18850
135,18782
135,19658
135,18594
135,18496
135,18520
135,21628
135,17290
135,19416
135,18570
135,18096
135,20022
135,18822
135,22158
135,18750
135,17990
135,20944
135,15762
135,17666
135,17196
135,18992
135,18220
135,18770
135,15852
135,19936
135,18368
135,18812
135,20324
136,19160
136,18118
136,17860
136,18972
136,18914
136,19212
136,17236
136,17392
136,18104
136,18960
136,17890
136,17888
136,18950
136,17716
136,18410
136,18172
136,19504
136,17490
136,17360
136,19190
136,18148
136,19846
136,17300
136,16648
136,18526
136,16306
136,18574
136,16924
136,16244
136,17546
136,17532
136,19872
136,15496
136,19404
136,15318
136,16618
136,18584
136,15302
136,17534
136,17902
136,19074
136,17112
136,17308
136,15866
136,19444
136,17028
136,21260
136,18096
137,17380
137,19378
137,18694
137,16434
137,20276
137,20176
137,17756
137,17910
137,18058
137,19526
137,16496
137,19518
137,18012
137,18346
137,16528
137,16884
137,16404
137,15758
137,19114
137,15242
137,18142
137,16778
137,17556
137,16264
137,20552
137,19688
137,18788
137,16932
137,20074
137,18520
137,20122
137,17682
137,19484
137,17026
137,14342
137,17894
137,15564
137,19404
137,17122
137,17668
137,15612
137,16586
137,17096
137,18064
137,15698
137,16718
137,15726
137,17972
138,15756
138,17262
138,18262
138,17014
138,16018
138,15782
138,19072
138,15574
138,18152
138,17362
138,18206
138,16034
138,14882
138,16706
138,15184
138,18366
138,16704
138,17938
138,17280
138,18306
138,18070
138,19418
138,17580
138,16920
138,18208
138,15104
138,16898
138,16586
138,16706
138,17832
138,15870
138,16776
138,17872
138,18364
138,15606
138,17778
138,14946
138,16434
138,15960
138,16934
138,18134
138,15280
138,15300
138,15688
138,14968
138,16412
138,17646
138,17608
139,15286
139,16398
139,16490
139,16668
139,14684
139,13870
139,12668
139,14504
139,15266
139,14894
139,14034
139,12796
139,14106
139,14684
139,15068
139,14564
139,14870
139,14542
139,14828
139,15474
139,13164
139,15540
139,14932
139,15632
139,15474
139,15692
139,14946
139,16248
139,13812
139,12978
139,16112
139,16568
139,14104
139,16810
139,17848
139,16470
139,13820
139,17066
139,15134
139,13690
139,14896
139,16788
139,15782
139,14262
139,13878
139,13376
139,14778
139,13138
140,14994
140,17118
140,11808
140,15420
140,15302
140,12116
140,13478
140,13790
140,14934
140,13202
140,13524
140,16072
140,12766
140,14618
140,13644
140,11932
140,14702
140,12676
140,15126
140,13708
140,14050
140,15054
140,12896
140,12384
140,13326
140,15262
140,13718
140,14466
140,15202
140,15346
140,10634
140,15712
140,14130
140,14146
140,13864
140,12382
140,14450
140,13082
140,14830
140,14608
140,11710
140,12490
140,13140
140,11226
140,14586
140,14422
140,12400
140,15230
141,13810
141,13076
141,11440
141,14416
141,12970
141,16836
141,11362
141,11410
141,12166
141,12106
141,13880
141,13778
141,12448
141,13786
141,12892
141,15176
141,13366
141,15194
141,14594
141,14866
141,13962
141,15172
141,14014
141,15672
141,14402
141,15000
141,13930
141,13788
141,15580
141,13978
141,15362
141,14646
141,13036
141,15194
141,15978
141,15618
141,12616
141,14056
141,12164
141,13524
141,11082
141,14188
141,12186
141,15330
141,13738
141,11946
141,14830
141,10930
142,14874
142,12542
142,13238
142,12116
142,11772
142,15378
142,14082
142,15734
142,14808
142,14332
142,12644
142,14740
142,12968
142,14038
142,15234
142,14168
142,12250
142,15460
142,13816
142,13706
142,16624
142,13092
142,15240
142,13680
142,13906
142,13438
142,13752
142,12008
142,14560
142,11556
142,12222
142,14508
142,11374
142,13078
142,14582
142,13522
142,13412
142,13006
142,13616
142,12550
142,12420
142,12818
142,11688
142,14328
142,13308
142,11804
142,13212
142,13302
143,12254
143,14668
143,11616
143,12452
143,13010
143,14340
143,13288
143,14868
143,12424
143,13970
143,13422
143,12492
143,14700
143,13940
143,14460
143,12658
143,12118
143,13086
143,11516
143,10928
143,13558
143,13074
143,16328
143,13570
143,14646
143,12226
143,14114
143,13796
143,13002
143,11812
143,11440
143,13756
143,12344
143,15522
143,12156
143,11612
143,14244
143,13562
143,12664
143,11558
143,14302
143,11442
143,12422
143,13764
143,12096
143,11008
143,12828
143,11910
144,12516
144,11080
144,12994
144,14316
144,10852
144,12954
144,12270
144,11322
144,12116
144,11382
144,11078
144,10948
144,11882
144,10706
144,12890
144,12144
144,10294
144,11138
144,11428
144,12900
144,9924
144,12182
144,12686
144,12188
144,11470
144,11094
144,10188
144,12928
144,11810
144,11644
144,11356
144,12656
144,12560
144,13420
144,13174
144,11412
144,14656
144,12474
144,13432
144,12116
144,12106
144,11262
144,12086
144,11572
144,11824
144,11220
144,10822
144,12130
145,10874
145,10956
145,10680
145,12066
145,11310
145,10360
145,10786
145,10960
145,10394
145,12014
145,11612
145,12866
145,10046
145,13892
145,10432
145,11006
145,10828
145,11920
145,11506
145,11990
145,11502
145,13268
145,10348
145,10730
145,11552
145,8428
145,11940
145,9708
145,11240
145,9642
145,12466
145,12730
145,10806
145,9634
145,11652
145,11758
145,12494
145,12592
145,10834
145,13180
145,11244
145,13914
145,11376
145,13708
145,10808
145,12286
145,11998
145,12424
146,13438
146,10336
146,10428
146,12342
146,11974
146,12816
146,13854
146,11062
146,10148
146,11084
146,12790
146,10178
146,12422
146,12508
146,11868
146,11506
146,10932
146,12024
146,10230
146,10506
146,11432
146,10518
146,9514
146,11174
146,9508
146,9260
146,8186
146,9188
146,9578
146,10330
146,10910
146,9530
146,10664
146,10362
146,10814
146,9618
146,10418
146,10132
146,11198
146,13220
146,9606
146,9454
146,11186
146,10874
146,10142
146,9096
146,8906
146,10228
147,11774
147,10118
147,9866
147,7246
147,10856
147,11536
147,10646
147,11054
147,11494
147,11140
147,9352
147,10226
147,9872
147,9476
147,8690
147,11448
147,10218
147,7892
147,9342
147,9232
147,8694
147,8728
147,8312
147,9068
147,10182
147,8358
147,8582
147,8258
147,10030
147,11096
147,10862
147,8858
147,10144
147,7282
147,10046
147,8896
147,10844
147,10730
147,10274
147,10160
147,11060
147,9800
147,11226
147,9076
147,8572
147,10700
147,10086
147,11986
148,8932
148,11024
148,10084
148,8504
148,10656
148,12854
148,10798
148,11328
148,13218
148,9522
148,12220
148,13142
148,9130
148,11882
148,10296
148,11498
148,7904
148,10750
148,9752
148,9834
148,11014
148,8946
148,9430
148,10170
148,10578
148,10790
148,10058
148,11830
148,8930
148,9218
148,9190
148,11354
148,10180
148,11718
148,9674
148,8080
148,8576
148,9594
148,11438
148,8136
148,10918
148,8370
148,10230
148,10804
148,9826
148,10928
148,12260
148,9034
149,9354
149,9780
149,10776
149,10238
149,9580
149,10790
149,9884
149,8980
149,13362
149,8758
149,10066
149,8870
149,8678
149,10168
149,9882
149,10554
149,9138
149,9928
149,10914
149,11874
149,10612
149,12312
149,10550
149,11716
149,10088
149,11244
149,10930
149,10114
149,8034
149,12026
149,11154
149,12114
149,11164
149,10314
149,11384
149,11016
149,12610
149,10440
149,12094
149,13424
149,11130
149,10028
149,11452
149,11426
149,9992
149,11422
149,11490
149,10480
150,11444
150,10652
150,10792
150,13572
150,11566
150,12930
150,11860
150,11310
150,9410
150,11352
150,12572
150,10596
150,10550
150,10290
150,9788
150,13018
150,8934
150,9512
150,12398
150,9526
150,10940
150,10658
150,10372
150,11862
150,10790
150,12238
150,9976
150,9642
150,13166
150,9822
150,11972
150,11300
150,11144
150,12330
150,12326
150,12028
150,13532
150,11518
150,11214
150,11164
150,9744
150,11308
150,11248
150,8570
150,12156
150,8856
150,11184
150,12238
151,10192
151,10476
151,9168
151,10716
151,10226
151,9256
151,11404
151,11320
151,11156
151,9922
151,10684
151,9616
151,9048
151,10008
151,8438
151,11312
151,8050
151,11496
151,8898
151,9468
151,12644
151,9876
151,11470
151,8888
151,10894
151,11230
151,9714
151,10878
151,9482
151,12888
151,10878
151,10186
151,12194
151,8334
151,10440
151,10894
151,11510
151,11416
151,10254
151,11440
151,11662
151,8782
151,10534
151,11722
151,11846
151,10784
151,9244
151,9740
152,9886
152,8508
152,10316
152,12100
152,13414
152,11452
152,11220
152,10978
152,11088
152,11750
152,12204
152,13114
152,12988
152,12062
152,11682
152,15342
152,11538
152,13482
152,11282
152,10166
152,11668
152,12356
152,12732
152,12182
152,14604
152,14240
152,12076
152,11642
152,10904
152,10612
152,10546
152,12350
152,10254
152,9658
152,12160
152,10696
152,10206
152,11000
152,12760
152,9444
152,11030
152,10420
152,11596
152,9876
152,10188
152,11572
152,9330
152,9144
153,10472
153,9366
153,11206
153,8984
153,11080
153,11468
153,9852
153,11116
153,10046
153,9930
153,9620
153,10550
153,12830
153,11712
153,10792
153,12046
153,11480
153,10446
153,10616
153,11674
153,8470
153,10484
153,9252
153,8796
153,9528
153,7892
153,10384
153,8938
153,8468
153,8284
153,8508
153,10754
153,6726
153,10336
153,9000
153,8450
153,8936
153,8154
153,7572
153,7552
153,6468
153,8134
153,8464
153,8458
153,8146
153,7550
153,9352
153,6600
154,9052
154,7662
154,9026
154,8650
154,7644
154,7602
154,8942
154,6738
154,7420
154,7898
154,7198
154,7400
154,6760
154,8372
154,7278
154,7806
154,6422
154,9158
154,7324
154,6520
154,4096
154,7168
154,6068
154,5148
154,7086
154,6462
154,5044
154,5768
154,5902
154,4864
154,6592
154,5808
154,5974
154,4518
154,8294
154,5968
154,4174
154,6954
154,5784
154,5610
154,4342
154,4932
154,4050
154,3608
154,3800
154,3748
154,6622
154,6790
155,5160
155,5728
155,5226
155,3852
155,7294
155,5398
155,5108
155,6274
155,5376
155,4850
155,3830
155,5414
155,3796
155,4512
155,6348
155,2936
155,5778
155,3544
155,4168
155,5316
155,5620
155,5686
155,3328
155,5222
155,4346
155,3868
155,6100
155,4724
155,4408
155,8540
155,4364
155,2214
155,6622
155,3594
155,4124
155,2858
155,6444
155,3634
155,3208
155,1650
155,4244
155,6930
155,4194
155,1946
155,2744
155,3140
155,2364
155,5030
156,1954
156,3242
156,4738
156,2208
156,4518
156,5298
156,3816
156,6094
156,4944
156,3460
156,1806
156,3492
156,4238
156,3600
156,2670
156,4048
156,2808
156,4040
156,1374
156,3976
156,3414
156,2576
156,4064
156,1474
156,3314
156,2794
156,4062
156,2998
156,4054
156,3794
156,2090
156,2736
156,1702
156,2180
156,1490
156,2098
156,-2198
156,2476
156,1568
156,4172
156,3276
156,2812
156,3492
156,-38
156,2572
156,1738
156,2634
156,782
157,1034
157,1560
157,1062
157,1940
157,4496
157,-84
157,1284
157,1464
157,644
157,2124
157,-122
157,1918
157,1412
157,778
157,250
157,788
157,136
157,244
157,-710
157,182
157,-956
157,644
157,-990
157,-1000
157,-1536
157,348
157,1310
157,-666
157,-1228
157,-1502
157,320
157,158
157,-1362
157,1142
157,176
157,-768
157,-1978
157,-1716
157,1234
157,-960
157,1550
157,-2134
157,-1510
157,3028
157,342
157,-818
157,-1614
157,-890
158,-556
158,-1388
158,-566
158,-1654
158,-376
158,258
158,-1042
158,-600
158,-2090
158,-204
158,-646
158,-2244
158,-3574
158,-320
158,-2824
158,1168
158,-2534
158,-4364
158,-2944
158,-2320
158,-3094
158,-3878
158,-4834
158,-4090
158,-4806
158,-2424
158,-3640
158,-3806
158,-3496
158,-4736
158,-3978
158,-3592
158,-5160
158,-4976
158,-3398
158,-4076
158,-5358
158,-4776
158,-4830
158,-5798
158,-6594
158,-6686
158,-5086
158,-6224
158,-6206
158,-7480
158,-4590
158,-5804
159,-7506
159,-6688
159,-8578
159,-6062
159,-9616
159,-6988
159,-8152
159,-7816
159,-7820
159,-7600
159,-9714
159,-8610
159,-8640
159,-9306
159,-8710
159,-9124
159,-8210
159,-9186
159,-11204
159,-10940
159,-9874
159,-10168
159,-10122
159,-10656
159,-10450
159,-10380
159,-10068
159,-11334
159,-10442
159,-9818
159,-9906
159,-9018
159,-10772
159,-12486
159,-11152
159,-10726
159,-10536
159,-11718
159,-9030
159,-12198
159,-12066
159,-11494
159,-13024
159,-13044
159,-13306
159,-11930
159,-12906
159,-12154
160,-12544
160,-13812
160,-12010
160,-15706
160,-15670
160,-15038
160,-16346
160,-14688
160,-14044
160,-15138
160,-13536
160,-12138
160,-14656
160,-15726
160,-16034
160,-13272
160,-15722
160,-15114
160,-15014
160,-14012
160,-17394
160,-12078
160,-13948
160,-14734
160,-16026
160,-15182
160,-13344
160,-17820
160,-15582
160,-15952
160,-14830
160,-15774
160,-14626
160,-16726
160,-15788
160,-16806
160,-16218
160,-15658
160,-17132
160,-17612
160,-16130
160,-15176
160,-17792
160,-17098
160,-18376
160,-18654
160,-15610
160,-17588
161,-14754
161,-17236
161,-18900
161,-20600
161,-18670
161,-17440
161,-19568
161,-20016
161,-18210
161,-19762
161,-19966
161,-18484
161,-21454
161,-20346
161,-19858
161,-19356
161,-18984
161,-21082
161,-19568
161,-17718
161,-20804
161,-19518
161,-20348
161,-18674
161,-21468
161,-21768
161,-20530
161,-22290
161,-20658
161,-22008
161,-22214
161,-22338
161,-20812
161,-20150
161,-22610
161,-20462
161,-22490
161,-22654
161,-20178
161,-23890
161,-23712
161,-21606
161,-23556
161,-20724
161,-18474
161,-22178
161,-21260
161,-22018
162,-21774
162,-21526
162,-22324
162,-21948
162,-21910
162,-21948
162,-22062
162,-20172
162,-21912
162,-21658
162,-23638
162,-21894
162,-21696
162,-23772
162,-19622
162,-21860
162,-21410
162,-24358
162,-22164
162,-20382
162,-22286
162,-21874
162,-22576
162,-20134
162,-23644
162,-22574
162,-21994
162,-24480
162,-23870
162,-22544
162,-22080
162,-23090
162,-23048
162,-21866
162,-24546
162,-22622
162,-21906
162,-22774
162,-21718
162,-25158
162,-23572
162,-22638
162,-22820
162,-22510
162,-22622
162,-24032
162,-23782
162,-22884
163,-21734
163,-22416
163,-25050
163,-21776
163,-25450
163,-24092
163,-23574
163,-24194
163,-24378
163,-24090
163,-25448
163,-25786
163,-23946
163,-25936
163,-25050
163,-24310
163,-26050
163,-25846
163,-24384
163,-24674
163,-26842
163,-27060
163,-25698
163,-26494
163,-25154
163,-24736
163,-25212
163,-25460
163,-26522
163,-27858
163,-25866
163,-25506
163,-24132
163,-23574
163,-26416
163,-25594
163,-25968
163,-25952
163,-26546
163,-26760
163,-29764
163,-27672
163,-25722
163,-29068
163,-27710
163,-25034
163,-26768
163,-26224
164,-25684
164,-24652
164,-27596
164,-26754
164,-25002
164,-26542
164,-26782
164,-25892
164,-27044
164,-26656
164,-24858
164,-25774
164,-28114
164,-27032
164,-25352
164,-28372
164,-26858
164,-27740
164,-27400
164,-26030
164,-28376
164,-28078
164,-24408
164,-29180
164,-26014
164,-27826
164,-26394
164,-28206
164,-26864
164,-27576
164,-27950
164,-26266
164,-26912
164,-27392
164,-30284
164,-26082
164,-27222
164,-28908
164,-27930
164,-29298
164,-26822
164,-27710
164,-27368
164,-26788
164,-26732
164,-27086
164,-27360
164,-26998
165,-27470
165,-28402
165,-26368
165,-26852
165,-27178
165,-28628
165,-27622
165,-26088
165,-27846
165,-27618
165,-27774
165,-27376
165,-28326
165,-25814
165,-26770
165,-25620
165,-27586
165,-27194
165,-28484
165,-27434
165,-26180
165,-28380
165,-29642
165,-27024
165,-29768
165,-26966
165,-27108
165,-29528
165,-28670
165,-27334
165,-26172
165,-27456
165,-26698
165,-27790
165,-27106
165,-27002
165,-27494
165,-28988
165,-26112
165,-27798
165,-28196
165,-28756
165,-27106
165,-27430
165,-27882
165,-29998
165,-27294
165,-26886
166,-26068
166,-27092
166,-27776
166,-27588
166,-29544
166,-27994
166,-29722
166,-28080
166,-29356
166,-31456
166,-27972
166,-29252
166,-28722
166,-28412
166,-29276
166,-28286
166,-28502
166,-28344
166,-31126
166,-29338
166,-27736
166,-27060
166,-27798
166,-29612
166,-27442
166,-30048
166,-26196
166,-28108
166,-26844
166,-30494
166,-26532
166,-29306
166,-30124
166,-27230
166,-29668
166,-27674
166,-30552
166,-28032
166,-29696
166,-27326
166,-25532
166,-27614
166,-30662
166,-27492
166,-28682
166,-30378
166,-26872
166,-27184
167,-28828
167,-26608
167,-30060
167,-27980
167,-28324
167,-30866
167,-28832
167,-29644
167,-28448
167,-29132
167,-26814
167,-28352
167,-26276
167,-26710
167,-28094
167,-26418
167,-29164
167,-28236
167,-25466
167,-28608
167,-25862
167,-25794
167,-26072
167,-27510
167,-29818
167,-23818
167,-27822
167,-28200
167,-28258
167,-27264
167,-27812
167,-27148
167,-25916
167,-29436
167,-26964
167,-24518
167,-25472
167,-26706
167,-23962
167,-25220
167,-27236
167,-24386
167,-25780
167,-26124
167,-24742
167,-25750
167,-25608
167,-24472
168,-24206
168,-25430
168,-25050
168,-23342
168,-24492
168,-25694
168,-25726
168,-22926
168,-26558
168,-24304
168,-25542
168,-23460
168,-22862
168,-25578
168,-26574
168,-27140
168,-23386
168,-23074
168,-22578
168,-25690
168,-23076
168,-25642
168,-23918
168,-26486
168,-24864
168,-25452
168,-23738
168,-22848
168,-25010
168,-25660
168,-24362
168,-22630
168,-25480
168,-24680
168,-25002
168,-25412
168,-24176
168,-25858
168,-23920
168,-24528
168,-23478
168,-23760
168,-24496
168,-24652
168,-22336
168,-25122
168,-25536
168,-24320
169,-23602
169,-27558
169,-24816
169,-23760
169,-26832
169,-22596
169,-24892
169,-24884
169,-23072
169,-25968
169,-25132
169,-26504
169,-24658
169,-25274
169,-24028
169,-24720
169,-26668
169,-26140
169,-26658
169,-25918
169,-26842
169,-25712
169,-22754
169,-24170
169,-27040
169,-24674
169,-25954
169,-25376
169,-24540
169,-25212
169,-25878
169,-24008
169,-24904
169,-25274
169,-24656
169,-24624
169,-24474
169,-23662
169,-23286
169,-25384
169,-23304
169,-22822
169,-24090
169,-24556
169,-26144
169,-25344
169,-23122
169,-24458
170,-23706
170,-23210
170,-24942
170,-25202
170,-23462
170,-21956
170,-23228
170,-23480
170,-22268
170,-23536
170,-23410
170,-23280
170,-25286
170,-21122
170,-21264
170,-22368
170,-20380
170,-22008
170,-21156
170,-20396
170,-20502
170,-19700
170,-22902
170,-20650
170,-19098
170,-23426
170,-22002
170,-19600
170,-21472
170,-21012
170,-19940
170,-19644
170,-22164
170,-20718
170,-21516
170,-19566
170,-22018
170,-20988
170,-20964
170,-24150
170,-21780
170,-21686
170,-21990
170,-21780
170,-20564
170,-22684
170,-22760
170,-20158
171,-22936
171,-21094
171,-19624
171,-22188
171,-20904
171,-22684
171,-21604
171,-23130
171,-20344
171,-21672
171,-23420
171,-21494
171,-22962
171,-22026
171,-22854
171,-20970
171,-19166
171,-20864
171,-21484
171,-22748
171,-21656
171,-20698
171,-20188
171,-20248
171,-20546
171,-19734
171,-21368
171,-21588
171,-21070
171,-23148
171,-19916
171,-21464
171,-22658
171,-21170
171,-21468
171,-22208
171,-23206
171,-22692
171,-22246
171,-22592
171,-19746
171,-22880
171,-20884
171,-19396
171,-20258
171,-19216
171,-19938
171,-19826
172,-21372
172,-21080
172,-20148
172,-21834
172,-20496
172,-19696
172,-21456
172,-19838
172,-19128
172,-22036
172,-21274
172,-20620
172,-21110
172,-19498
172,-20448
172,-21438
172,-22044
172,-21604
172,-21034
172,-20618
172,-19986
172,-19810
172,-21540
172,-21944
172,-21722
172,-21042
172,-21524
172,-22096
172,-24244
172,-22848
172,-20370
172,-20858
172,-22120
172,-20832
172,-19794
172,-21480
172,-20876
172,-22416
172,-22284
172,-22800
172,-23136
172,-23502
172,-19774
172,-20082
172,-21804
172,-20274
172,-20334
172,-21332
173,-20386
173,-19590
173,-20218
173,-20760
173,-20982
173,-21668
173,-20738
173,-22058
173,-20256
173,-20764
173,-20682
173,-22944
173,-21130
173,-19624
173,-22450
173,-21746
173,-20196
173,-20112
173,-18128
173,-19302
173,-21254
173,-19682
173,-19458
173,-19466
173,-19806
173,-19452
173,-19856
173,-19996
173,-19740
173,-22752
173,-20866
173,-21010
173,-17850
173,-22202
173,-20960
173,-22750
173,-21108
173,-19694
173,-17332
173,-17948
173,-18682
173,-18742
173,-19498
173,-17824
173,-20598
173,-19838
173,-19602
173,-20366
174,-19238
174,-18810
174,-19852
174,-19988
174,-21454
174,-20162
174,-22356
174,-20996
174,-19760
174,-20266
174,-19560
174,-21682
174,-21324
174,-21090
174,-19594
174,-21110
174,-19990
174,-21630
174,-21044
174,-22042
174,-21888
174,-20902
174,-20100
174,-20526
174,-22798
174,-20624
174,-23448
174,-23322
174,-20054
174,-21514
174,-20552
174,-21156
174,-24482
174,-20650
174,-21374
174,-22588
174,-23020
174,-22742
174,-20562
174,-21438
174,-20378
174,-21960
174,-21908
174,-21564
174,-23190
174,-20546
174,-22616
174,-22048
175,-20122
175,-21494
175,-22332
175,-21402
175,-23322
175,-21980
175,-25022
175,-24182
175,-22912
175,-21756
175,-22184
175,-22720
175,-22604
175,-21032
175,-22512
175,-22702
175,-22546
175,-23630
175,-24730
175,-24982
175,-27192
175,-23806
175,-23586
175,-25118
175,-21290
175,-24006
175,-23692
175,-24284
175,-22236
175,-25234
175,-24472
175,-24274
175,-24988
175,-23098
175,-23708
175,-21630
175,-24192
175,-23926
175,-21474
175,-23028
175,-22322
175,-23486
175,-23526
175,-25626
175,-23696
175,-24426
175,-23766
175,-24438
176,-24154
176,-22670
176,-24058
176,-24276
176,-21960
176,-21626
176,-24252
176,-22816
176,-24450
176,-25306
176,-22632
176,-23826
176,-23160
176,-22898
176,-23390
176,-23812
176,-23924
176,-22460
176,-22854
176,-22852
176,-20922
176,-22536
176,-23608
176,-23432
176,-23276
176,-24142
176,-23768
176,-25080
176,-25686
176,-23864
176,-23822
176,-24760
176,-23278
176,-24940
176,-24476
176,-26276
176,-25418
176,-24442
176,-23680
176,-25334
176,-23508
176,-21514
176,-24250
176,-25108
176,-23734
176,-24790
176,-24722
176,-21644
177,-23412
177,-23778
177,-25536
177,-25184
177,-26762
177,-27524
177,-23612
177,-24360
177,-24738
177,-24486
177,-25370
177,-23366
177,-25248
177,-24260
177,-23620
177,-23742
177,-21092
177,-24020
177,-23332
177,-22464
177,-23202
177,-24340
177,-24010
177,-23408
177,-23074
177,-23148
177,-23166
177,-24776
177,-24822
177,-23916
177,-22276
177,-22128
177,-21936
177,-23274
177,-23634
177,-23934
177,-22308
177,-23582
177,-25492
177,-22748
177,-22912
177,-22138
177,-23976
177,-21772
177,-24048
177,-25444
177,-24712
177,-23318
178,-25080
178,-23372
178,-22924
178,-22902
178,-24566
178,-23798
178,-26046
178,-24312
178,-23854
178,-23632
178,-24686
178,-21910
178,-24960
178,-23746
178,-25572
178,-25092
178,-24396
178,-23574
178,-22188
178,-23486
178,-25200
178,-24186
178,-25758
178,-23724
178,-22646
178,-23566
178,-22772
178,-25490
178,-24648
178,-23968
178,-22846
178,-23016
178,-21936
178,-23798
178,-24074
178,-25344
178,-24454
178,-23238
178,-25356
178,-23970
178,-23266
178,-24560
178,-25064
178,-22884
178,-23270
178,-22946
178,-22296
178,-22164
179,-22298
179,-19852
179,-21928
179,-20270
179,-23498
179,-22812
179,-22966
179,-22252
179,-22428
179,-22144
179,-22612
179,-22846
179,-22594
179,-23344
179,-21982
179,-22322
179,-22050
179,-22182
179,-21180
179,-23450
179,-21644
179,-20934
179,-23040
179,-23000
179,-22302
179,-22454
179,-21978
179,-23096
179,-21976
179,-21858
179,-24354
179,-22638
179,-24140
179,-22076
179,-23812
179,-21288
179,-21558
179,-20222
179,-19776
179,-22930
179,-21788
179,-21490
179,-23278
179,-19838
179,-21846
179,-20884
179,-23032
179,-20986
180,-23400
180,-22588
180,-21362
180,-19878
180,-22544
180,-21146
180,-20472
180,-19182
180,-20928
180,-18562
180,-20366
180,-20796
180,-21456
180,-21676
180,-20060
180,-21592
180,-22706
180,-20132
180,-19684
180,-23286
180,-20946
180,-22780
180,-20756
180,-19268
180,-21974
180,-21398
180,-22516
180,-22506
180,-20946
180,-20998
180,-23276
180,-21670
180,-22464
180,-20256
180,-19294
180,-19424
180,-24450
180,-20018
180,-21324
180,-18944
180,-21488
180,-21726
180,-20460
180,-21682
180,-21680
180,-21244
180,-21240
180,-21086
181,-21948
181,-21576
181,-21176
181,-21728
181,-21746
181,-20436
181,-22634
181,-20972
181,-22464
181,-20340
181,-21254
181,-23772
181,-22216
181,-21758
181,-22268
181,-19594
181,-20618
181,-20352
181,-19450
181,-21662
181,-22040
181,-21666
181,-20314
181,-19416
181,-20628
181,-20822
181,-20338
181,-20614
181,-21230
181,-20184
181,-21644
181,-20748
181,-20300
181,-20442
181,-20042
181,-20570
181,-21042
181,-21034
181,-22090
181,-20852
181,-20074
181,-21556
181,-21906
181,-22164
181,-21798
181,-21596
181,-22266
181,-21354
182,-21350
182,-22778
182,-21770
182,-21888
182,-22070
182,-21304
182,-21632
182,-22836
182,-22132
182,-22740
182,-22174
182,-20776
182,-23642
182,-21080
182,-20218
182,-20972
182,-23444
182,-22162
182,-18894
182,-21456
182,-22630
182,-20106
182,-21136
182,-20272
182,-21934
182,-20602
182,-20844
182,-21670
182,-21258
182,-19270
182,-21306
182,-21902
182,-21312
182,-21660
182,-20468
182,-20072
182,-20964
182,-22388
182,-21974
182,-18494
182,-21802
182,-20164
182,-22066
182,-21254
182,-19218
182,-19066
182,-20316
182,-19202
183,-21460
183,-20866
183,-19260
183,-22336
183,-19854
183,-21798
183,-19210
183,-19642
183,-20154
183,-20364
183,-20500
183,-20996
183,-21720
183,-19096
183,-19760
183,-18728
183,-21680
183,-20334
183,-21398
183,-19768
183,-19254
183,-18116
183,-18442
183,-20274
183,-19446
183,-19118
183,-19298
183,-18892
183,-19834
183,-18184
183,-21090
183,-19446
183,-19498
183,-19432
183,-19552
183,-20458
183,-17458
183,-17314
183,-19180
183,-18010
183,-19990
183,-19000
183,-16766
183,-17770
183,-17310
183,-18122
183,-17656
183,-17866
184,-18380
184,-17310
184,-19652
184,-17542
184,-18034
184,-18298
184,-19366
184,-19050
184,-19206
184,-18794
184,-19894
184,-17548
184,-19602
184,-19178
184,-21174
184,-19654
184,-19676
184,-19892
184,-21040
184,-20700
184,-20812
184,-19962
184,-20794
184,-19296
184,-18374
184,-19826
184,-17710
184,-19554
184,-18460
184,-18454
184,-19764
184,-18826
184,-18714
184,-19044
184,-19630
184,-19962
184,-18532
184,-18724
184,-18210
184,-18432
184,-20126
184,-17914
184,-20282
184,-17542
184,-18678
184,-19828
184,-19718
184,-18248
185,-20814
185,-21498
185,-19696
185,-22106
185,-18072
185,-18762
185,-19596
185,-18068
185,-19698
185,-18894
185,-19132
185,-17808
185,-20490
185,-19614
185,-21302
185,-19890
185,-19648
185,-22556
185,-19956
185,-21312
185,-22070
185,-20178
185,-20618
185,-21708
185,-17676
185,-23166
185,-21390
185,-19166
185,-20194
185,-18906
185,-18862
185,-19860
185,-18206
185,-19168
185,-21936
185,-20454
185,-17306
185,-21168
185,-20356
185,-18978
185,-18626
185,-18058
185,-20396
185,-17502
185,-18900
185,-18874
185,-20676
185,-18276
186,-20406
186,-19320
186,-20222
186,-20022
186,-20060
186,-20790
186,-18218
186,-19668
186,-20348
186,-18032
186,-19184
186,-21338
186,-18000
186,-18900
186,-19406
186,-18932
186,-18888
186,-19304
186,-19790
186,-17666
186,-19712
186,-17524
186,-20102
186,-20862
186,-16334
186,-20380
186,-21586
186,-17454
186,-20274
186,-18456
186,-19596
186,-18186
186,-17732
186,-20102
186,-20816
186,-16592
186,-19356
186,-17490
186,-19778
186,-18838
186,-18192
186,-19090
186,-18146
186,-17392
186,-20084
186,-16460
186,-19344
186,-17026
187,-16490
187,-17898
187,-16632
187,-17588
187,-18030
187,-20510
187,-17176
187,-17648
187,-17536
187,-17552
187,-17452
187,-17352
187,-17400
187,-17116
187,-19172
187,-17044
187,-18520
187,-18294
187,-19158
187,-18320
187,-16418
187,-20638
187,-18598
187,-20332
187,-19774
187,-19044
187,-18692
187,-18776
187,-17912
187,-20114
187,-18408
187,-17492
187,-17768
187,-17640
187,-18650
187,-17256
187,-16918
187,-16994
187,-15458
187,-17604
187,-18738
187,-17772
187,-16384
187,-14572
187,-15628
187,-15954
187,-16630
187,-17080
188,-16766
188,-17394
188,-17818
188,-17262
188,-14776
188,-16486
188,-15234
188,-15586
188,-16046
188,-16754
188,-17184
188,-14950
188,-16582
188,-15660
188,-13638
188,-15272
188,-15400
188,-17424
188,-16050
188,-17076
188,-14844
188,-15708
188,-14412
188,-15726
188,-15862
188,-16016
188,-16404
188,-14330
188,-16642
188,-16870
188,-15074
188,-16984
188,-15546
188,-15678
188,-16890
188,-15340
188,-14714
188,-15000
188,-14208
188,-15410
188,-14588
188,-13560
188,-12580
188,-13624
188,-13056
188,-10896
188,-13212
188,-12236
189,-11120
189,-15048
189,-13400
189,-12188
189,-14406
189,-12342
189,-13906
189,-13360
189,-13276
189,-13740
189,-12362
189,-13058
189,-12586
189,-12292
189,-13976
189,-9488
189,-12388
189,-12612
189,-12146
189,-10144
189,-12078
189,-11384
189,-11900
189,-11732
189,-10258
189,-12086
189,-11666
189,-11252
189,-9708
189,-7520
189,-12358
189,-10000
189,-9654
189,-12208
189,-10850
189,-10192
189,-9302
189,-10812
189,-10502
189,-11252
189,-10328
189,-12734
189,-11520
189,-8898
189,-9738
189,-9548
189,-11034
189,-9912
190,-9300
190,-10294
190,-9484
190,-12216
190,-9792
190,-9808
190,-10598
190,-10636
190,-9372
190,-11278
190,-10780
190,-11206
190,-8858
190,-11662
190,-10026
190,-9900
190,-9902
190,-10186
190,-9996
190,-10822
190,-9710
190,-10508
190,-10092
190,-10376
190,-12256
190,-9942
190,-10950
190,-9548
190,-10858
190,-11440
190,-9866
190,-10450
190,-11608
190,-11676
190,-9980
190,-12440
190,-10160
190,-11170
190,-10734
190,-8252
190,-9054
190,-9852
190,-9234
190,-10650
190,-11000
190,-8646
190,-10548
190,-12440
191,-10326
191,-10974
191,-10630
191,-11508
191,-10670
191,-10102
191,-11538
191,-7330
191,-9406
191,-12654
191,-12838
191,-10954
191,-10184
191,-10922
191,-9518
191,-11262
191,-11336
191,-11216
191,-10996
191,-11020
191,-11062
191,-13080
191,-10010
191,-10510
191,-12420
191,-10388
191,-12352
191,-10244
191,-11248
191,-12070
191,-12430
191,-11472
191,-9988
191,-11674
191,-12696
191,-11236
191,-10924
191,-13390
191,-10676
191,-13584
191,-10898
191,-11656
191,-11694
191,-9054
191,-11608
191,-13144
191,-10758
191,-11258
192,-12142
192,-13522
192,-10774
192,-12132
192,-12904
192,-12654
192,-12476
192,-11242
192,-10860
192,-11618
192,-13492
192,-11988
192,-12494
192,-12458
192,-10914
192,-10870
192,-13564
192,-12804
192,-13130
192,-12276
192,-12508
192,-11810
192,-10396
192,-10964
192,-11128
192,-11976
192,-11158
192,-11990
192,-10356
192,-11498
192,-9756
192,-12418
192,-11708
192,-9240
192,-13580
192,-10398
192,-9196
192,-12460
192,-10228
192,-10164
192,-10502
192,-10098
192,-13460
192,-11200
192,-9988
192,-12172
192,-12124
192,-8612
193,-11872
193,-9550
193,-12060
193,-12474
193,-11836
193,-11722
193,-11946
193,-12088
193,-12008
193,-11356
193,-10958
193,-11316
193,-9438
193,-11238
193,-11968
193,-10266
193,-11286
193,-12878
193,-10954
193,-12020
193,-11720
193,-9314
193,-10600
193,-10778
193,-10722
193,-10992
193,-9754
193,-7980
193,-9474
193,-11102
193,-10076
193,-11384
193,-11474
193,-9546
193,-11652
193,-10920
193,-11564
193,-12110
193,-10112
193,-10268
193,-12210
193,-10218
193,-10190
193,-8792
193,-8104
193,-9596
193,-7872
193,-11860
194,-9264
194,-11912
194,-9748
194,-11448
194,-11358
194,-11576
194,-9312
194,-12170
194,-8778
194,-9572
194,-10122
194,-10666
194,-10600
194,-7896
194,-10714
194,-10680
194,-9544
194,-10266
194,-10570
194,-8944
194,-9874
194,-8924
194,-10238
194,-11056
194,-12192
194,-10264
194,-9960
194,-12138
194,-9076
194,-10960
194,-10690
194,-10450
194,-8416
194,-11154
194,-9140
194,-11356
194,-9278
194,-10642
194,-10062
194,-8746
194,-10404
194,-8118
194,-13242
194,-8442
194,-8618
194,-8508
194,-11660
194,-11522
195,-8056
195,-7460
195,-9940
195,-10434
195,-9494
195,-9192
195,-10060
195,-10844
195,-11092
195,-9622
195,-10848
195,-8544
195,-9412
195,-8458
195,-7330
195,-11014
195,-11046
195,-11124
195,-9004
195,-8116
195,-9742
195,-10438
195,-8082
195,-11694
195,-11206
195,-11194
195,-11494
195,-10410
195,-11530
195,-10726
195,-9968
195,-11986
195,-9758
195,-9898
195,-10558
195,-8048
195,-10260
195,-8692
195,-8964
195,-13030
195,-10880
195,-11740
195,-12694
195,-9856
195,-11102
195,-12884
195,-9774
195,-10786
196,-12256
196,-9462
196,-10650
196,-12252
196,-11352
196,-12650
196,-11520
196,-10582
196,-10750
196,-10294
196,-12158
196,-9346
196,-14156
196,-12262
196,-12702
196,-11282
196,-11694
196,-12652
196,-14382
196,-12174
196,-12304
196,-10492
196,-11108
196,-12430
196,-13676
196,-13578
196,-9262
196,-9870
196,-13258
196,-10344
196,-11324
196,-10496
196,-9252
196,-11316
196,-9688
196,-11800
196,-11670
196,-12208
196,-10066
196,-11864
196,-11408
196,-13136
196,-11984
196,-12782
196,-13122
196,-11136
196,-12192
196,-12026
197,-12538
197,-11772
197,-11752
197,-12040
197,-12730
197,-12652
197,-11826
197,-13174
197,-10016
197,-11164
197,-13684
197,-11212
197,-10206
197,-14238
197,-12290
197,-9962
197,-12986
197,-12442
197,-10844
197,-12086
197,-11404
197,-10914
197,-10120
197,-12306
197,-10614
197,-13160
197,-10396
197,-11322
197,-11542
197,-12032
197,-11920
197,-12502
197,-12244
197,-12230
197,-12514
197,-12286
197,-11200
197,-12878
197,-12864
197,-11466
197,-13424
197,-11372
197,-12184
197,-11682
197,-12606
197,-12838
197,-12880
197,-13776
198,-12426
198,-12020
198,-11878
198,-13240
198,-14716
198,-13438
198,-10962
198,-13034
198,-11684
198,-14012
198,-12154
198,-13630
198,-12820
198,-12854
198,-15154
198,-13942
198,-15060
198,-13436
198,-14630
198,-14434
198,-13828
198,-15048
198,-14088
198,-15898
198,-14828
198,-16280
198,-14718
198,-14288
198,-13498
198,-14232
198,-14332
198,-14054
198,-14764
198,-14550
198,-15442
198,-13874
198,-14974
198,-14340
198,-13932
198,-15328
198,-12730
198,-14882
198,-14172
198,-13342
198,-15534
198,-16480
198,-14940
198,-13706
199,-15612
199,-15538
199,-13880
199,-15924
199,-12968
199,-13124
199,-14722
199,-13230
199,-14986
199,-13474
199,-15320
199,-13800
199,-16458
199,-10780
199,-16692
199,-14812
199,-13810
199,-17438
199,-12648
199,-15152
199,-15016
199,-14488
199,-15364
199,-13548
199,-14586
199,-13628
199,-16520
199,-15480
199,-15748
199,-16414
199,-16056
199,-14578
199,-17012
199,-15190
199,-15416
199,-15724
199,-16198
199,-14936
199,-17298
199,-14538
199,-18012
199,-16978
199,-19064
199,-17376
199,-16360
199,-15218
199,-18404
199,-17238
200,-16106
200,-17760
200,-15964
200,-16346
200,-14330
200,-16612
200,-17768
200,-15918
200,-17402
200,-15612
200,-15002
200,-15468
200,-18148
200,-16644
200,-15610
200,-16598
200,-16780
200,-17420
200,-17220
200,-16604
200,-19970
200,-17964
200,-16734
200,-18074
200,-16320
200,-19986
200,-18366
200,-16948
200,-16352
200,-18360
200,-17274
200,-18140
200,-18452
200,-16836
200,-19196
200,-17994
200,-16302
200,-20334
200,-17182
200,-19768
200,-20504
200,-17984
200,-18464
200,-17914
200,-20866
200,-20238
200,-18694
200,-18072
201,-18196
201,-16616
201,-18340
201,-20456
201,-17530
201,-18716
201,-19014
201,-19366
201,-16658
201,-18868
201,-19182
201,-20090
201,-18408
201,-17878
201,-20404
201,-19744
201,-18394
201,-17614
201,-20550
201,-18690
201,-18784
201,-17018
201,-20046
201,-20088
201,-17542
201,-17322
201,-19494
201,-18294
201,-17612
201,-18452
201,-18294
201,-16172
201,-18094
201,-18412
201,-18740
201,-15532
201,-18108
201,-18934
201,-17178
201,-17434
201,-17532
201,-19124
201,-14684
201,-17800
201,-16784
201,-18120
201,-17914
201,-16622
202,-18076
202,-15754
202,-16678
202,-16972
202,-16658
202,-15872
202,-16866
202,-19192
202,-16494
202,-17378
202,-16518
202,-19580
202,-17428
202,-18448
202,-18522
202,-16688
202,-17676
202,-16894
202,-18382
202,-15314
202,-17796
202,-17456
202,-15056
202,-18534
202,-17290
202,-16404
202,-15734
202,-15950
202,-15998
202,-15974
202,-16540
202,-16416
202,-18416
202,-15106
202,-14844
202,-17246
202,-15230
202,-18186
202,-16732
202,-15878
202,-16386
202,-14144
202,-19380
202,-15432
202,-17904
202,-15082
202,-17816
202,-15264
203,-15252
203,-16334
203,-14860
203,-15714
203,-17878
203,-16262
203,-15968
203,-13970
203,-15440
203,-13318
203,-16462
203,-15642
203,-15370
203,-16912
203,-15246
203,-17042
203,-16696
203,-14258
203,-15770
203,-16838
203,-16744
203,-16698
203,-16976
203,-16448
203,-16362
203,-15482
203,-15884
203,-15708
203,-15066
203,-14680
203,-14890
203,-14986
203,-16320
203,-11900
203,-17602
203,-15428
203,-14578
203,-15574
203,-16668
203,-15622
203,-16524
203,-13720
203,-15388
203,-17328
203,-17254
203,-13638
203,-16372
203,-15898
204,-16134
204,-15636
204,-12782
204,-14564
204,-13152
204,-14776
204,-14410
204,-16222
204,-14364
204,-13324
204,-13026
204,-13124
204,-12774
204,-15364
204,-14652
204,-15694
204,-13978
204,-13762
204,-13054
204,-16754
204,-13508
204,-13790
204,-14952
204,-15078
204,-13736
204,-15132
204,-15730
204,-15622
204,-15632
204,-14996
204,-14810
204,-13636
204,-13200
204,-15424
204,-15784
204,-17152
204,-15782
204,-16104
204,-14598
204,-14928
204,-15116
204,-17186
204,-14312
204,-14868
204,-13002
204,-13424
204,-16584
204,-14188
205,-17164
205,-14426
205,-15822
205,-15626
205,-13666
205,-15344
205,-15310
205,-14076
205,-14946
205,-14148
205,-15122
205,-15018
205,-16130
205,-13520
205,-13996
205,-15104
205,-15470
205,-15448
205,-16376
205,-17336
205,-14408
205,-16470
205,-13920
205,-16246
205,-15920
205,-15608
205,-13998
205,-15444
205,-16218
205,-16822
205,-17370
205,-15718
205,-16668
205,-16616
205,-15130
205,-17180
205,-15886
205,-16216
205,-16262
205,-15078
205,-15728
205,-14564
205,-16582
205,-16840
205,-17884
205,-14698
205,-17588
205,-19266
206,-17720
206,-18256
206,-18568
206,-16654
206,-17878
206,-15404
206,-17750
206,-19074
206,-15888
206,-15524
206,-16908
206,-14992
206,-17140
206,-16656
206,-17706
206,-18362
206,-17766
206,-16756
206,-18658
206,-16356
206,-15764
206,-15840
206,-16984
206,-16058
206,-15430
206,-15380
206,-17994
206,-16810
206,-17398
206,-15542
206,-17406
206,-17742
206,-18444
206,-18300
206,-16812
206,-17964
206,-17692
206,-17750
206,-17216
206,-17602
206,-16212
206,-18064
206,-18428
206,-17120
206,-17954
206,-15798
206,-17896
206,-16948
207,-18596
207,-17294
207,-18792
207,-18536
207,-16644
207,-16790
207,-18278
207,-16808
207,-17022
207,-17542
207,-20720
207,-17800
207,-15978
207,-17982
207,-18742
207,-17166
207,-17852
207,-15206
207,-16780
207,-17680
207,-15728
207,-16598
207,-19080
207,-15722
207,-20420
207,-16454
207,-16560
207,-16826
207,-16656
207,-15732
207,-17464
207,-18036
207,-19016
207,-17668
207,-19050
207,-19740
207,-18212
207,-20864
207,-19202
207,-18468
207,-20198
207,-19114
207,-17640
207,-20334
207,-19354
207,-17188
207,-18780
207,-19234
208,-19718
208,-18360
208,-20342
208,-20594
208,-20080
208,-21658
208,-18094
208,-19008
208,-21046
208,-18784
208,-21994
208,-19196
208,-19596
208,-19074
208,-17742
208,-19014
208,-20858
208,-19748
208,-19374
208,-18578
208,-19610
208,-19828
208,-17490
208,-19608
208,-17752
208,-19640
208,-20856
208,-20134
208,-19224
208,-19434
208,-18426
208,-19758
208,-20062
208,-18880
208,-18404
208,-19482
208,-19894
208,-20222
208,-17466
208,-19558
208,-21430
208,-17238
208,-19330
208,-19656
208,-18362
208,-19008
208,-20998
208,-20726
209,-20398
209,-19266
209,-20884
209,-18322
209,-19414
209,-21482
209,-19428
209,-21678
209,-19558
209,-18740
209,-19024
209,-17978
209,-20144
209,-19786
209,-19064
209,-19336
209,-19168
209,-22090
209,-18880
209,-20036
209,-21556
209,-20042
209,-21524
209,-21604
209,-22058
209,-20284
209,-20702
209,-20242
209,-22176
209,-18864
209,-21404
209,-19130
209,-20026
209,-20760
209,-19534
209,-17410
209,-19340
209,-20104
209,-20466
209,-20384
209,-22830
209,-19984
209,-21300
209,-21334
209,-20362
209,-21948
209,-20080
209,-22716
210,-21856
210,-20966
210,-19348
210,-20924
210,-23026
210,-21932
210,-21904
210,-22948
210,-22284
210,-21730
210,-23554
210,-20232
210,-23114
210,-21668
210,-23226
210,-23270
210,-22152
210,-23168
210,-23344
210,-22336
210,-20612
210,-21364
210,-22002
210,-23530
210,-24128
210,-21792
210,-20820
210,-21480
210,-22010
210,-20582
210,-23808
210,-22182
210,-24816
210,-23588
210,-22304
210,-24330
210,-25124
210,-22752
210,-23346
210,-21844
210,-24556
210,-21296
210,-24598
210,-23992
210,-23650
210,-21836
210,-22880
210,-24062
211,-22694
211,-21408
211,-21526
211,-25542
211,-23030
211,-23128
211,-22330
211,-21560
211,-24618
211,-23908
211,-23834
211,-23354
211,-22310
211,-24304
211,-25480
211,-22972
211,-23862
211,-23384
211,-25274
211,-22514
211,-22814
211,-24020
211,-23180
211,-23354
211,-23256
211,-24784
211,-22028
211,-24172
211,-25720
211,-25296
211,-23992
211,-23392
211,-26578
211,-22996
211,-24918
211,-24428
211,-23586
211,-25066
211,-24328
211,-23538
211,-23978
211,-25534
211,-24964
211,-25508
211,-24130
211,-24596
211,-25992
211,-25610
212,-23976
212,-23578
212,-24600
212,-24710
212,-25974
212,-27134
212,-25508
212,-27556
212,-27290
212,-23728
212,-25774
212,-25168
212,-25418
212,-25504
212,-24346
212,-24770
212,-22948
212,-26120
212,-21990
212,-25956
212,-26680
212,-25754
212,-25896
212,-23788
212,-25666
212,-26680
212,-25990
212,-23740
212,-25624
212,-25406
212,-24516
212,-26150
212,-24926
212,-26286
212,-25870
212,-26642
212,-25530
212,-24792
212,-23606
212,-26598
212,-25066
212,-26026
212,-25868
212,-22912
212,-26348
212,-26186
212,-25634
212,-24410
213,-23280
213,-27824
213,-26112
213,-25862
213,-28976
213,-24468
213,-24012
213,-28036
213,-27018
213,-26200
213,-26482
213,-27558
213,-26820
213,-26060
213,-25460
213,-25858
213,-27160
213,-25598
213,-27048
213,-28230
213,-26388
213,-26168
213,-28004
213,-26362
213,-25712
213,-25616
213,-26308
213,-25028
213,-27826
213,-26186
213,-24648
213,-27262
213,-26964
213,-24744
213,-24756
213,-24524
213,-27738
213,-23664
213,-26712
213,-27022
213,-25624
213,-24090
213,-25204
213,-25294
213,-25526
213,-23978
213,-26994
213,-23916
214,-25120
214,-25510
214,-24322
214,-24998
214,-25404
214,-26044
214,-25100
214,-25214
214,-25614
214,-25300
214,-24428
214,-26544
214,-25848
214,-27102
214,-27408
214,-25672
214,-25600
214,-28228
214,-26698
214,-26594
214,-28822
214,-28902
214,-25700
214,-28438
214,-25428
214,-26060
214,-25532
214,-25620
214,-26726
214,-26178
214,-26902
214,-25870
214,-26972
214,-29400
214,-25598
214,-28382
214,-25666
214,-27412
214,-27330
214,-28376
214,-26796
214,-30156
214,-28124
214,-25984
214,-29812
214,-27594
214,-28470
214,-29846
215,-26788
215,-28650
215,-28634
215,-26318
215,-27056
215,-28482
215,-28478
215,-28952
215,-30070
215,-26530
215,-28374
215,-27662
215,-29556
215,-26910
215,-29558
215,-30282
215,-28902
215,-29256
215,-31252
215,-30752
215,-30162
215,-28444
215,-29484
215,-28916
215,-30844
215,-30252
215,-29620
215,-29354
215,-30158
215,-30904
215,-31802
215,-31718
215,-29516
215,-31870
215,-30844
215,-29966
215,-31010
215,-28838
215,-30392
215,-29504
215,-28988
215,-30436
215,-28184
215,-30710
215,-29938
215,-31090
215,-29252
215,-29708
216,-28570
216,-30268
216,-28322
216,-29208
216,-29952
216,-28216
216,-30598
216,-31692
216,-30284
216,-29828
216,-27846
216,-31892
216,-29386
216,-31892
216,-29218
216,-30816
216,-29392
216,-30708
216,-30074
216,-30308
216,-31720
216,-30402
216,-30830
216,-30994
216,-30604
216,-27922
216,-30640
216,-29966
216,-30986
216,-30348
216,-30490
216,-29994
216,-30430
216,-29390
216,-31626
216,-28780
216,-30552
216,-29590
216,-31222
216,-29794
216,-27984
216,-30522
216,-28440
216,-31568
216,-28944
216,-30478
216,-29042
216,-30400
217,-30524
217,-29040
217,-30028
217,-28328
217,-29374
217,-30488
217,-29490
217,-29692
217,-28986
217,-31676
217,-29148
217,-25962
217,-30064
217,-30388
217,-28448
217,-29082
217,-28366
217,-30526
217,-29634
217,-28916
217,-28468
217,-28906
217,-28850
217,-25958
217,-28528
217,-26206
217,-27480
217,-27496
217,-28910
217,-29726
217,-27450
217,-27230
217,-29050
217,-27742
217,-28200
217,-27110
217,-27704
217,-28042
217,-27746
217,-26676
217,-25970
217,-27690
217,-29110
217,-29372
217,-29018
217,-27628
217,-28906
217,-28108
218,-27008
218,-26694
218,-29316
218,-29982
218,-25958
218,-27124
218,-25994
218,-28468
218,-27954
218,-29244
218,-28342
218,-26998
218,-28614
218,-24532
218,-30202
218,-28992
218,-27728
218,-27464
218,-25116
218,-26668
218,-28532
218,-26968
218,-26962
218,-27502
218,-28756
218,-26082
218,-28246
218,-28480
218,-25610
218,-26796
218,-26494
218,-26424
218,-29102
218,-29344
218,-27778
218,-26268
218,-27372
218,-28238
218,-26860
218,-28884
218,-27076
218,-26126
218,-26930
218,-27334
218,-24734
218,-28476
218,-27434
218,-29042
219,-26198
219,-28812
219,-27810
219,-27404
219,-29278
219,-26082
219,-25942
219,-28094
219,-25446
219,-25988
219,-27250
219,-25444
219,-25422
219,-27042
219,-26640
219,-26352
219,-25740
219,-26516
219,-26478
219,-25538
219,-24808
219,-24762
219,-27104
219,-26664
219,-28376
219,-26374
219,-27096
219,-27338
219,-27992
219,-27066
219,-23942
219,-27196
219,-25686
219,-26318
219,-26426
219,-23992
219,-22970
219,-26478
219,-26788
219,-26142
219,-26998
219,-24608
219,-26682
219,-26754
219,-27454
219,-25752
219,-25154
219,-25480
220,-26734
220,-25302
220,-23862
220,-23170
220,-26408
220,-25234
220,-25538
220,-25828
220,-25480
220,-22392
220,-23128
220,-25410
220,-26014
220,-24614
220,-23882
220,-27308
220,-25366
220,-24688
220,-25372
220,-23768
220,-25670
220,-23062
220,-21758
220,-25802
220,-23790
220,-25466
220,-24490
220,-25120
220,-23730
220,-25298
220,-26180
220,-26394
220,-26162
220,-27022
220,-24794
220,-25426
220,-26288
220,-25656
220,-22760
220,-25904
220,-24668
220,-22720
220,-24820
220,-26172
220,-25718
220,-25974
220,-25562
220,-25910
221,-25168
221,-26840
221,-25006
221,-25920
221,-25390
221,-24596
221,-27830
221,-25244
221,-27516
221,-26096
221,-27216
221,-24848
221,-25554
221,-27010
221,-25930
221,-27176
221,-24332
221,-27108
221,-27976
221,-27426
221,-29720
221,-26290
221,-26338
221,-26174
221,-26016
221,-26660
221,-26846
221,-25898
221,-25478
221,-27058
221,-28064
221,-24704
221,-25440
221,-27866
221,-27390
221,-27496
221,-28494
221,-26524
221,-26434
221,-28440
221,-29650
221,-26792
221,-30576
221,-28794
221,-29212
221,-28296
221,-29496
221,-27652
222,-28746
222,-27134
222,-28556
222,-29184
222,-28094
222,-27730
222,-26834
222,-30250
222,-27170
222,-28832
222,-26732
222,-30272
222,-28426
222,-27986
222,-28056
222,-26746
222,-26944
222,-27846
222,-27394
222,-28724
222,-28706
222,-27014
222,-27098
222,-28978
222,-25440
222,-29450
222,-26504
222,-28486
222,-26844
222,-28886
222,-30368
222,-27892
222,-29350
222,-26992
222,-29126
222,-28760
222,-28502
222,-28388
222,-27710
222,-28094
222,-28798
222,-28316
222,-29748
222,-28104
222,-30082
222,-27702
222,-29366
222,-29614
223,-28998
223,-30614
223,-27258
223,-31042
223,-31288
223,-30554
223,-29680
223,-28848
223,-29030
223,-27458
223,-31228
223,-28378
223,-27868
223,-30130
223,-31060
223,-30656
223,-28878
223,-32300
223,-32006
223,-28926
223,-32180
223,-28640
223,-30552
223,-30484
223,-31344
223,-30730
223,-31624
223,-32496
223,-29750
223,-31938
223,-30430
223,-30064
223,-31512
223,-31298
223,-31412
223,-32402
223,-31572
223,-31026
223,-31202
223,-30726
223,-31080
223,-29330
223,-29222
223,-30754
223,-31014
223,-30554
223,-32892
223,-31230
224,-31438
224,-31212
224,-32310
224,-30046
224,-31872
224,-29096
224,-30142
224,-31834
224,-31672
224,-30704
224,-31254
224,-31868
224,-29482
224,-30192
224,-31950
224,-31246
224,-31932
224,-31418
224,-33068
224,-31050
224,-31306
224,-29410
224,-32644
224,-31212
224,-30914
224,-33400
224,-33632
224,-32534
224,-29624
224,-34304
224,-32816
224,-32814
224,-30874
224,-32828
224,-31524
224,-32026
224,-32810
224,-32040
224,-31978
224,-33268
224,-32970
224,-33050
224,-33434
224,-36268
224,-33854
224,-34236
224,-34462
224,-32356
225,-35484
225,-33834
225,-34100
225,-33252
225,-35912
225,-32552
225,-35382
225,-34634
225,-33394
225,-32966
225,-34438
225,-33536
225,-34356
225,-36140
225,-35942
225,-34758
225,-34716
225,-35340
225,-35614
225,-36604
225,-35814
225,-36214
225,-33600
225,-33592
225,-37106
225,-32912
225,-37322
225,-37616
225,-35716
225,-35626
225,-35186
225,-36994
225,-35462
225,-36174
225,-36980
225,-37862
225,-38368
225,-36212
225,-37456
225,-37934
225,-37926
225,-37810
225,-37916
225,-38598
225,-40532
225,-40292
225,-40296
225,-36432
226,-37752
226,-39890
226,-39752
226,-39036
226,-40428
226,-39478
226,-39820
226,-39032
226,-40048
226,-40148
226,-42220
226,-40872
226,-43208
226,-40700
226,-41496
226,-42274
226,-39946
226,-40806
226,-41644
226,-40554
226,-40872
226,-43900
226,-39956
226,-41746
226,-42302
226,-40270
226,-41270
226,-43378
226,-42782
226,-42374
226,-43764
226,-43800
226,-42660
226,-41260
226,-42532
226,-41894
226,-42754
226,-41944
226,-42350
226,-41586
226,-42002
226,-43792
226,-42500
226,-42660
226,-44262
226,-41678
226,-43292
226,-42712
227,-42828
227,-42722
227,-45046
227,-42978
227,-42978
227,-45312
227,-42458
227,-42840
227,-45170
227,-44310
227,-43628
227,-45310
227,-45514
227,-43736
227,-44736
227,-45432
227,-45740
227,-45946
227,-45772
227,-44750
227,-43906
227,-43222
227,-45812
227,-46656
227,-45394
227,-44772
227,-44070
227,-45154
227,-43698
227,-45672
227,-45730
227,-44964
227,-45416
227,-45268
227,-46532
227,-47480
227,-44242
227,-46670
227,-45058
227,-47292
227,-46344
227,-46334
227,-45576
227,-45442
227,-46638
227,-45452
227,-46768
227,-44728
228,-46862
228,-46724
228,-46698
228,-45572
228,-46940
228,-44320
228,-44734
228,-45794
228,-45384
228,-47988
228,-46070
228,-45660
228,-44968
228,-45970
228,-45650
228,-43890
228,-48246
228,-48462
228,-45754
228,-47208
228,-45412
228,-48786
228,-45844
228,-45430
228,-46210
228,-46302
228,-44622
228,-47360
228,-47080
228,-47210
228,-47982
228,-47382
228,-47994
228,-48054
228,-49024
228,-47330
228,-46076
228,-47102
228,-45076
228,-48684
228,-45610
228,-51142
228,-47036
228,-47554
228,-48550
228,-47506
228,-47966
228,-47406
229,-49564
229,-48138
229,-47516
229,-48838
229,-48588
229,-47892
229,-47718
229,-51402
229,-48722
229,-47960
229,-50646
229,-47402
229,-50958
229,-49726
229,-49832
229,-50164
229,-49458
229,-49942
229,-47884
229,-48780
229,-48378
229,-49372
229,-50794
229,-48096
229,-50598
229,-49434
229,-49674
229,-49490
229,-49856
229,-49120
229,-49904
229,-50460
229,-49872
229,-50906
229,-50902
229,-50902
229,-52684
229,-52964
229,-50852
229,-52426
229,-53856
229,-51434
229,-51310
229,-52818
229,-52960
229,-52112
229,-54930
229,-52144
230,-53522
230,-54260
230,-53628
230,-52286
230,-52254
230,-51706
230,-53536
230,-51286
230,-54788
230,-54702
230,-53472
230,-53872
230,-52876
230,-54156
230,-52464
230,-55730
230,-53222
230,-53200
230,-52770
230,-52352
230,-52696
230,-52968
230,-52802
230,-54310
230,-54944
230,-54308
230,-54760
230,-53106
230,-54726
230,-55294
230,-57614
230,-53022
230,-56338
230,-55126
230,-55424
230,-52364
230,-57528
230,-55194
230,-55462
230,-52962
230,-54132
230,-55892
230,-56388
230,-55730
230,-55128
230,-57148
230,-55018
230,-55572
231,-55452
231,-56872
231,-55942
231,-57068
231,-57314
231,-55612
231,-57500
231,-56746
231,-56912
231,-55952
231,-57812
231,-56804
231,-57506
231,-57868
231,-57250
231,-57976
231,-56668
231,-59208
231,-59720
231,-58780
231,-59090
231,-59412
231,-59902
231,-60646
231,-61242
231,-61464
231,-57988
231,-59912
231,-59666
231,-60762
231,-59470
231,-60820
231,-59474
231,-59856
231,-60108
231,-60486
231,-59718
231,-61024
231,-59988
231,-59484
231,-60044
231,-62546
231,-57308
231,-61612
231,-59020
231,-61084
231,-58174
231,-59074
232,-62120
232,-60014
232,-59388
232,-60216
232,-61986
232,-62120
232,-60168
232,-61954
232,-61544
232,-61056
232,-60436
232,-60678
232,-60900
232,-62354
232,-61736
232,-60810
232,-62496
232,-61704
232,-60408
232,-62186
232,-59670
232,-61132
232,-58722
232,-60356
232,-59872
232,-59226
232,-62684
232,-58740
232,-63170
232,-60264
232,-61240
232,-58870
232,-58756
232,-57474
232,-61900
232,-60182
232,-60152
232,-59124
232,-59258
232,-59568
232,-61692
232,-61770
232,-62444
232,-60704
232,-60092
232,-61830
232,-61754
232,-60420
233,-60386
233,-62036
233,-59652
233,-59984
233,-60144
233,-60410
233,-61360
233,-58798
233,-61884
233,-62238
233,-60922
233,-63234
233,-61374
233,-63316
233,-62694
233,-62744
233,-60002
233,-64072
233,-64758
233,-64200
233,-60502
233,-61760
233,-62780
233,-63256
233,-64262
233,-61842
233,-63612
233,-62564
233,-64048
233,-64058
233,-63942
233,-65012
233,-64222
233,-62516
233,-64852
233,-66064
233,-65684
233,-63162
233,-67000
233,-63248
233,-63012
233,-63702
233,-61320
233,-63702
233,-65864
233,-62990
233,-65184
233,-62802
234,-62750
234,-63698
234,-61816
234,-63052
234,-64000
234,-63016
234,-63774
234,-64790
234,-63590
234,-63778
234,-62590
234,-63340
234,-62700
234,-62504
234,-62114
234,-61758
234,-62608
234,-61610
234,-62338
234,-65004
234,-63374
234,-63212
234,-63834
234,-63280
234,-61982
234,-60232
234,-63560
234,-62120
234,-63400
234,-64186
234,-63028
234,-64278
234,-63382
234,-63930
234,-63838
234,-64330
234,-62978
234,-66738
234,-63326
234,-62886
234,-63720
234,-63184
234,-62248
234,-63900
234,-62588
234,-64506
234,-65150
234,-64020
235,-64118
235,-62958
235,-65432
235,-62844
235,-63396
235,-64626
235,-64590
235,-65766
235,-62360
235,-64468
235,-61710
235,-64396
235,-63868
235,-63240
235,-63796
235,-64240
235,-65234
235,-62840
235,-66196
235,-61984
235,-65784
235,-62856
235,-63916
235,-63550
235,-65488
235,-64292
235,-62374
235,-63564
235,-61626
235,-62450
235,-62598
235,-60948
235,-62964
235,-61534
235,-65062
235,-63164
235,-60496
235,-63132
235,-64902
235,-65016
235,-63400
235,-63748
235,-61888
235,-65194
235,-60546
235,-62606
235,-63998
235,-63436
236,-62594
236,-63216
236,-63352
236,-63094
236,-63336
236,-61502
236,-64528
236,-63644
236,-63546
236,-60820
236,-63312
236,-62694
236,-63140
236,-64598
236,-63196
236,-62796
236,-62958
236,-63850
236,-63096
236,-61678
236,-62794
236,-62004
236,-61282
236,-61436
236,-63336
236,-62386
236,-63584
236,-63688
236,-62648
236,-61014
236,-61346
236,-64048
236,-60678
236,-61842
236,-62466
236,-61650
236,-65392
236,-61582
236,-61296
236,-61574
236,-64736
236,-61790
236,-61700
236,-62140
236,-61698
236,-63958
236,-63174
236,-63640
237,-63594
237,-61658
237,-61722
237,-60814
237,-62286
237,-60848
237,-63564
237,-59874
237,-62134
237,-59642
237,-61616
237,-60146
237,-59250
237,-60984
237,-60948
237,-60518
237,-60632
237,-61286
237,-62504
237,-59426
237,-61934
237,-60804
237,-60998
237,-59532
237,-60402
237,-61264
237,-60736
237,-59522
237,-60800
237,-60112
237,-59726
237,-61346
237,-60068
237,-60436
237,-59104
237,-58428
237,-59978
237,-56966
237,-58764
237,-57102
237,-60284
237,-57002
237,-59852
237,-56240
237,-58414
237,-60954
237,-60304
237,-60030
238,-57664
238,-59954
238,-59288
238,-60148
238,-58498
238,-58308
238,-57294
238,-58578
238,-60722
238,-58992
238,-59796
238,-58792
238,-59362
238,-60012
238,-59118
238,-59088
238,-57100
238,-59876
238,-57006
238,-57970
238,-59594
238,-56896
238,-58126
238,-59268
238,-59020
238,-62424
238,-60216
238,-60980
238,-59352
238,-59244
238,-60036
238,-60126
238,-61034
238,-58924
238,-59896
238,-60426
238,-58412
238,-58916
238,-58284
238,-59112
238,-58418
238,-61292
238,-60956
238,-57776
238,-58478
238,-59592
238,-60546
238,-59928
239,-60336
239,-59348
239,-58678
239,-57850
239,-60636
239,-57518
239,-59038
239,-61130
239,-60872
239,-60522
239,-58752
239,-61684
239,-60846
239,-59128
239,-58802
239,-59274
239,-60526
239,-60744
239,-60444
239,-61570
239,-59230
239,-60362
239,-57910
239,-60650
239,-60126
239,-58766
239,-60266
239,-60006
239,-59788
239,-59100
239,-59114
239,-59784
239,-61010
239,-59874
239,-59932
239,-56966
239,-60490
239,-60262
239,-59802
239,-59362
239,-60618
239,-60708
239,-59876
239,-61644
239,-60754
239,-59900
239,-58816
239,-60824
240,-58060
240,-62184
240,-59350
240,-60904
240,-60230
240,-60662
240,-61384
240,-60160
240,-59060
240,-60174
240,-60640
240,-60092
240,-58866
240,-61244
240,-59890
240,-62346
240,-60362
240,-62548
240,-59346
240,-61230
240,-61744
240,-60812
240,-61302
240,-62300
240,-61488
240,-62558
240,-60186
240,-61484
240,-59954
240,-60360
240,-57972
240,-60690
240,-62816
240,-60146
240,-61174
240,-60538
240,-60364
240,-59822
240,-61692
240,-61952
240,-61344
240,-61682
240,-61168
240,-58996
240,-58942
240,-60442
240,-59292
240,-60084
241,-60134
241,-60062
241,-61924
241,-59988
241,-61872
241,-61218
241,-61258
241,-60600
241,-61828
241,-58808
241,-62048
241,-61892
241,-62624
241,-60446
241,-61398
241,-60940
241,-61190
241,-62392
241,-59642
241,-62452
241,-61464
241,-59550
241,-61596
241,-61542
241,-61454
241,-58714
241,-61844
241,-59434
241,-61512
241,-61776
241,-60256
241,-59816
241,-63064
241,-59218
241,-61984
241,-60898
241,-61608
241,-61836
241,-61358
241,-60046
241,-60496
241,-60774
241,-59562
241,-62646
241,-60906
241,-60288
241,-62456
241,-59694
242,-61876
242,-62518
242,-60954
242,-62572
242,-61270
242,-61204
242,-62744
242,-62896
242,-60950
242,-63930
242,-61764
242,-63830
242,-63732
242,-60996
242,-63116
242,-62482
242,-60090
242,-64184
242,-61754
242,-63462
242,-62638
242,-62024
242,-61638
242,-61870
242,-62054
242,-61570
242,-60022
242,-61260
242,-60674
242,-59542
242,-62972
242,-59492
242,-61636
242,-61072
242,-60750
242,-63298
242,-60818
242,-59776
242,-61880
242,-59062
242,-61032
242,-58862
242,-62080
242,-61294
242,-59474
242,-60280
242,-63026
242,-60506
243,-59994
243,-62652
243,-60212
243,-60514
243,-60800
243,-60256
243,-59442
243,-59606
243,-58094
243,-58284
243,-61172
243,-59142
243,-60448
243,-60878
243,-59832
243,-59304
243,-61268
243,-60106
243,-60262
243,-59972
243,-57884
243,-61368
243,-58048
243,-58922
243,-61122
243,-60472
243,-58948
243,-59100
243,-59798
243,-58196
243,-61466
243,-61096
243,-58978
243,-58448
243,-60138
243,-61326
243,-59148
243,-59054
243,-59770
243,-60916
243,-60026
243,-60844
243,-59562
243,-55842
243,-58784
243,-59378
243,-57826
243,-59378
244,-59726
244,-58870
244,-59722
244,-58036
244,-59672
244,-57636
244,-59090
244,-58254
244,-59484
244,-59664
244,-60134
244,-57750
244,-60450
244,-59796
244,-56220
244,-59520
244,-60116
244,-59134
244,-59512
244,-58560
244,-58534
244,-57048
244,-57912
244,-59700
244,-59108
244,-57422
244,-59738
244,-60512
244,-57218
244,-58566
244,-60386
244,-60310
244,-60094
244,-61832
244,-59660
244,-60206
244,-59990
244,-60756
244,-58582
244,-61400
244,-58916
244,-58902
244,-58260
244,-61706
244,-59102
244,-61042
244,-57804
244,-60114
245,-59978
245,-58800
245,-60636
245,-61440
245,-62128
245,-59604
245,-60532
245,-60334
245,-60238
245,-61704
245,-60546
245,-60318
245,-59430
245,-60716
245,-61600
245,-60024
245,-61560
245,-60936
245,-60888
245,-62546
245,-60742
245,-58566
245,-59940
245,-62918
245,-62954
245,-60562
245,-61372
245,-61114
245,-62942
245,-61626
245,-60936
245,-61524
245,-60466
245,-61304
245,-61462
245,-60688
245,-59820
245,-61304
245,-63786
245,-61434
245,-61352
245,-61946
245,-61950
245,-60018
245,-61570
245,-61098
245,-61534
245,-61542
246,-60440
246,-63162
246,-61270
246,-61370
246,-60664
246,-60980
246,-60268
246,-58734
246,-61810
246,-61348
246,-60802
246,-61694
246,-60368
246,-61758
246,-60040
246,-60576
246,-61812
246,-59358
246,-63366
246,-62010
246,-60822
246,-59798
246,-60576
246,-62802
246,-59318
246,-59304
246,-58776
246,-58286
246,-61504
246,-59888
246,-59458
246,-60290
246,-62626
246,-63128
246,-59178
246,-61498
246,-61574
246,-60172
246,-59634
246,-60196
246,-60316
246,-59584
246,-58940
246,-60600
246,-59516
246,-59110
246,-58948
246,-58596
247,-61916
247,-59594
247,-59006
247,-57486
247,-60318
247,-60480
247,-59526
247,-61328
247,-59956
247,-59838
247,-61632
247,-58424
247,-59204
247,-59740
247,-58560
247,-58308
247,-57706
247,-59874
247,-60458
247,-59244
247,-58962
247,-59350
247,-58026
247,-58624
247,-59558
247,-60518
247,-58840
247,-60310
247,-59246
247,-58854
247,-58028
247,-55772
247,-61462
247,-58586
247,-58196
247,-59468
247,-58276
247,-57854
247,-59756
247,-60132
247,-59712
247,-59518
247,-58212
247,-60184
247,-60200
247,-60396
247,-59810
247,-59720
248,-60404
248,-57166
248,-61124
248,-60528
248,-59446
248,-60442
248,-58942
248,-58978
248,-60414
248,-58004
248,-58640
248,-59236
248,-58290
248,-57512
248,-59320
248,-57052
248,-59856
248,-58644
248,-58502
248,-58154
248,-60596
248,-56958
248,-59700
248,-58594
248,-58108
248,-58846
248,-55926
248,-56538
248,-57082
248,-57538
248,-59334
248,-56502
248,-58678
248,-55546
248,-59994
248,-58352
248,-56662
248,-58740
248,-56872
248,-57840
248,-57968
248,-55474
248,-58432
248,-55794
248,-56988
248,-57652
248,-55544
248,-57970
249,-56588
249,-57320
249,-55266
249,-55650
249,-55980
249,-54896
249,-55998
249,-55776
249,-56210
249,-55548
249,-56576
249,-53518
249,-54386
249,-56240
249,-55162
249,-54736
249,-56374
249,-54156
249,-56092
249,-57358
249,-55008
249,-53512
249,-55582
249,-54672
249,-54298
249,-54716
249,-55188
249,-53856
249,-54820
249,-56262
249,-54464
249,-55976
249,-53758
249,-56726
249,-55644
249,-53610
249,-55222
249,-56374
249,-57148
249,-54492
249,-55332
249,-55042
249,-53808
249,-53874
249,-55666
249,-53596
249,-54188
249,-54754
250,-55892
250,-53600
250,-54906
250,-56862
250,-53828
250,-56202
250,-52828
250,-55212
250,-56162
250,-53604
250,-53948
250,-55230
250,-55672
250,-56944
250,-54186
250,-53724
250,-54204
250,-54380
250,-55248
250,-55986
250,-54824
250,-52322
250,-54866
250,-55060
250,-54612
250,-54396
250,-53604
250,-55390
250,-52616
250,-53636
250,-52332
250,-54606
250,-53252
250,-51730
250,-53458
250,-52762
250,-53120
250,-52404
250,-53492
250,-53666
250,-52308
250,-52872
250,-52158
250,-53232
250,-51928
250,-51720
250,-52654
250,-54170
251,-51736
251,-51426
251,-50928
251,-52878
251,-52602
251,-52514
251,-52480
251,-52064
251,-54362
251,-51346
251,-51254
251,-52426
251,-52728
251,-51892
251,-53020
251,-51800
251,-51576
251,-51324
251,-51680
251,-53784
251,-52606
251,-50870
251,-50864
251,-49674
251,-52386
251,-52010
251,-51430
251,-49618
251,-51966
251,-51310
251,-49580
251,-49770
251,-52408
251,-49862
251,-51478
251,-53642
251,-50038
251,-51328
251,-50530
251,-49314
251,-51674
251,-50454
251,-48866
251,-51672
251,-49060
251,-51986
251,-51694
251,-51074
252,-50750
252,-52178
252,-51120
252,-51676
252,-51108
252,-52024
252,-50276
252,-49682
252,-51204
252,-51390
252,-51538
252,-49738
252,-48538
252,-50072
252,-50190
252,-49022
252,-50500
252,-51934
252,-49456
252,-52082
252,-50522
252,-49910
252,-50914
252,-52222
252,-50516
252,-50142
252,-50844
252,-50706
252,-50120
252,-49256
252,-49822
252,-50668
252,-50652
252,-49362
252,-50510
252,-48458
252,-50582
252,-50182
252,-49286
252,-49758
252,-50610
252,-48148
252,-49772
252,-49888
252,-49100
252,-48426
252,-49552
252,-50046
253,-49488
253,-47070
253,-46822
253,-49780
253,-47596
253,-47260
253,-49282
253,-49798
253,-48076
253,-46132
253,-46272
253,-47626
253,-46850
253,-46336
253,-48076
253,-48504
253,-46808
253,-44784
253,-47034
253,-45650
253,-46614
253,-46222
253,-45822
253,-46612
253,-45324
253,-45352
253,-46038
253,-45812
253,-45282
253,-44978
253,-45490
253,-44118
253,-45030
253,-44174
253,-43926
253,-45896
253,-47050
253,-44052
253,-44450
253,-43620
253,-44032
253,-43412
253,-44762
253,-44918
253,-43842
253,-45206
253,-42038
253,-42622
254,-42062
254,-43468
254,-43738
254,-46440
254,-42148
254,-45250
254,-45958
254,-42478
254,-43876
254,-43992
254,-42986
254,-43166
254,-42314
254,-41388
254,-43462
254,-43764
254,-43110
254,-41986
254,-43280
254,-43168
254,-42492
254,-42954
254,-43324
254,-43536
254,-42036
254,-41254
254,-44040
254,-43518
254,-44722
254,-42380
254,-43710
254,-41020
254,-42586
254,-42088
254,-41130
254,-43888
254,-43398
254,-41238
254,-43328
254,-44168
254,-43996
254,-44444
254,-42612
254,-44582
254,-44094
254,-43404
254,-43056
254,-43046
255,-42962
255,-41682
255,-41854
255,-41974
255,-41724
255,-42544
255,-43702
255,-41112
255,-43160
255,-44836
255,-42972
255,-44208
255,-42198
255,-40962
255,-43992
255,-42840
255,-40872
255,-43050
255,-43470
255,-43954
255,-42298
255,-41990
255,-41650
255,-40470
255,-42556
255,-43670
255,-43026
255,-40918
255,-45376
255,-41140
255,-43832
255,-42588
255,-44368
255,-43026
255,-42844
255,-44128
255,-44638
255,-41024
255,-45050
255,-44684
255,-41010
255,-44458
255,-40076
255,-43114
255,-41508
255,-45130
255,-44532
255,-44876
256,-43042
256,-42978
256,-43008
256,-42414
256,-43726
256,-40382
256,-43924
256,-42384
256,-43180
256,-43008
256,-44894
256,-42292
256,-42482
256,-44182
256,-44186
256,-45262
256,-42770
256,-43904
256,-43326
256,-42094
256,-42516
256,-42692
256,-43722
256,-44158
256,-42896
256,-45798
256,-44452
256,-44450
256,-44068
256,-43236
256,-43934
256,-42288
256,-44938
256,-44250
256,-43148
256,-44378
256,-44552
256,-43728
256,-44448
256,-43550
256,-43200
256,-41254
256,-44252
256,-43110
256,-42398
256,-43224
256,-43098
256,-44192
257,-41972
257,-45330
257,-40748
257,-44462
257,-42038
257,-42478
257,-45226
257,-40762
257,-43932
257,-44208
257,-43804
257,-42596
257,-42550
257,-44208
257,-43464
257,-42638
257,-43782
257,-43166
257,-42904
257,-44512
257,-42596
257,-45042
257,-43256
257,-42946
257,-44700
257,-42882
257,-43704
257,-43428
257,-43912
257,-45904
257,-44150
257,-45624
257,-43124
257,-43428
257,-44212
257,-45478
257,-43172
257,-43374
257,-43858
257,-42224
257,-44844
257,-46066
257,-46808
257,-46892
257,-46106
257,-44450
257,-47332
257,-45236
258,-44408
258,-45626
258,-45804
258,-45462
258,-44708
258,-43864
258,-43132
258,-45444
258,-45520
258,-45048
258,-44412
258,-45392
258,-45708
258,-44560
258,-45504
258,-42598
258,-46094
258,-45424
258,-45978
258,-46076
258,-41498
258,-47346
258,-45288
258,-43696
258,-45306
258,-42686
258,-45146
258,-44242
258,-44336
258,-45734
258,-46252
258,-45684
258,-45376
258,-47336
258,-46384
258,-46308
258,-45786
258,-44138
258,-47234
258,-46420
258,-45602
258,-48090
258,-45590
258,-44780
258,-46268
258,-44508
258,-45362
258,-43960
259,-45770
259,-43492
259,-43866
259,-44208
259,-43764
259,-44692
259,-44910
259,-44892
259,-43666
259,-43514
259,-46084
259,-43776
259,-42258
259,-43234
259,-41284
259,-42464
259,-44364
259,-42864
259,-44386
259,-43688
259,-42450
259,-43648
259,-42146
259,-45858
259,-44438
259,-41998
259,-44602
259,-42512
259,-45746
259,-42838
259,-43206
259,-42994
259,-45652
259,-45776
259,-41642
259,-47330
259,-45450
259,-42932
259,-43168
259,-43798
259,-47184
259,-44512
259,-45898
259,-43082
259,-45472
259,-42846
259,-43454
259,-44898
260,-43332
260,-43152
260,-44852
260,-42986
260,-44194
260,-42580
260,-41602
260,-45164
260,-42924
260,-44336
260,-44794
260,-44478
260,-44744
260,-44354
260,-43826
260,-43430
260,-44492
260,-43220
260,-43998
260,-44132
260,-42302
260,-41298
260,-41314
260,-42164
260,-42652
260,-44606
260,-40470
260,-43932
260,-40776
260,-44186
260,-41230
260,-43024
260,-42980
260,-43344
260,-42670
260,-42388
260,-41642
260,-41528
260,-41452
260,-42642
260,-39858
260,-42886
260,-40086
260,-43478
260,-41222
260,-42660
260,-40348
260,-40442
261,-42296
261,-41514
261,-41432
261,-41766
261,-41606
261,-40312
261,-39960
261,-40250
261,-39302
261,-43136
261,-41574
261,-40866
261,-40154
261,-40790
261,-40568
261,-39258
261,-38892
261,-38776
261,-40946
261,-38972
261,-42196
261,-38274
261,-39324
261,-40862
261,-39036
261,-40654
261,-38700
261,-40626
261,-40304
261,-40646
261,-39882
261,-39184
261,-39720
261,-41230
261,-41410
261,-39248
261,-39486
261,-39420
261,-38184
261,-38886
261,-35896
261,-36976
261,-39714
261,-39302
261,-40174
261,-37600
261,-37736
261,-38676
262,-36774
262,-39180
262,-38394
262,-38602
262,-36770
262,-38546
262,-40646
262,-38150
262,-39442
262,-38732
262,-38878
262,-38468
262,-38314
262,-37782
262,-39326
262,-36818
262,-36812
262,-36298
262,-37374
262,-38454
262,-36962
262,-34632
262,-37176
262,-34852
262,-36998
262,-35046
262,-38940
262,-37728
262,-37028
262,-35580
262,-37102
262,-36630
262,-36616
262,-35312
262,-35206
262,-35446
262,-36844
262,-36854
262,-38234
262,-35230
262,-34954
262,-37464
262,-35070
262,-37990
262,-36954
262,-35676
262,-36380
262,-38294
263,-35600
263,-34376
263,-35132
263,-37040
263,-33914
263,-35288
263,-35846
263,-36014
263,-35224
263,-32178
263,-34464
263,-33308
263,-33144
263,-36186
263,-33806
263,-35264
263,-34668
263,-34472
263,-32774
263,-34266
263,-34580
263,-35188
263,-32886
263,-34600
263,-35732
263,-34072
263,-34718
263,-34336
263,-33792
263,-33752
263,-36644
263,-35316
263,-35080
263,-34764
263,-32306
263,-36668
263,-34042
263,-34750
263,-34094
263,-33998
263,-35674
263,-32612
263,-33058
263,-35782
263,-33810
263,-33560
263,-32110
263,-33688
264,-34626
264,-33732
264,-33222
264,-36268
264,-33946
264,-33850
264,-34672
264,-33022
264,-34664
264,-32636
264,-32230
264,-33578
264,-30198
264,-33226
264,-34742
264,-32224
264,-31094
264,-32998
264,-34942
264,-37392
264,-33244
264,-33716
264,-33098
264,-33476
264,-31798
264,-35516
264,-33648
264,-35364
264,-34502
264,-34334
264,-34542
264,-33460
264,-35078
264,-34230
264,-32574
264,-34230
264,-34152
264,-34238
264,-36096
264,-35170
264,-33480
264,-35744
264,-35482
264,-37058
264,-35158
264,-34250
264,-35258
264,-32178
265,-35528
265,-34530
265,-33268
265,-36338
265,-35540
265,-35558
265,-35726
265,-34868
265,-34922
265,-33748
265,-34844
265,-35292
265,-38014
265,-33876
265,-36110
265,-36626
265,-35114
265,-35006
265,-36760
265,-35878
265,-34072
265,-36868
265,-35082
265,-35836
265,-34882
265,-33988
265,-36772
265,-35686
265,-35136
265,-36506
265,-33654
265,-36422
265,-35166
265,-35558
265,-37058
265,-34656
265,-35378
265,-34310
265,-36078
265,-34944
265,-35824
265,-34336
265,-37190
265,-34760
265,-36120
265,-34808
265,-35180
265,-34764
266,-35898
266,-34868
266,-35046
266,-35782
266,-35250
266,-34546
266,-34290
266,-34790
266,-36202
266,-35370
266,-34864
266,-35644
266,-33682
266,-34992
266,-34990
266,-34548
266,-35602
266,-33736
266,-36080
266,-35916
266,-33546
266,-35060
266,-33492
266,-34938
266,-32486
266,-36976
266,-35280
266,-33566
266,-34866
266,-34920
266,-34774
266,-33050
266,-35422
266,-34508
266,-35040
266,-33670
266,-35726
266,-36202
266,-35934
266,-36022
266,-36124
266,-33918
266,-35784
266,-35358
266,-34334
266,-34504
266,-34482
266,-31200
267,-36028
267,-34458
267,-33890
267,-34760
267,-34546
267,-35398
267,-34696
267,-35226
267,-34608
267,-34806
267,-36330
267,-33030
267,-34474
267,-33568
267,-34840
267,-35328
267,-34128
267,-33556
267,-36066
267,-37400
267,-32226
267,-35776
267,-33870
267,-35948
267,-34970
267,-33794
267,-34532
267,-32814
267,-33634
267,-32348
267,-34500
267,-33858
267,-36260
267,-34630
267,-32730
267,-33000
267,-33082
267,-35570
267,-33074
267,-33572
267,-34290
267,-33828
267,-35102
267,-33418
267,-34280
267,-33280
267,-33192
267,-32578
268,-33368
268,-32730
268,-33960
268,-34464
268,-31864
268,-34432
268,-33426
268,-34196
268,-30602
268,-33346
268,-34032
268,-33084
268,-34244
268,-34820
268,-34908
268,-35302
268,-36222
268,-35296
268,-34172
268,-34686
268,-33754
268,-34732
268,-33524
268,-34268
268,-34734
268,-32030
268,-33780
268,-31800
268,-33112
268,-32032
268,-32562
268,-32590
268,-32488
268,-31656
268,-30466
268,-30730
268,-34476
268,-30260
268,-32790
268,-31414
268,-31724
268,-31818
268,-29946
268,-31408
268,-30226
268,-31876
268,-31876
268,-31554
269,-29582
269,-30968
269,-29698
269,-27600
269,-32240
269,-30446
269,-27474
269,-30566
269,-31186
269,-30452
269,-29838
269,-30024
269,-32036
269,-29728
269,-31252
269,-31722
269,-31226
269,-30504
269,-30592
269,-32318
269,-31248
269,-29820
269,-31176
269,-28610
269,-30332
269,-28602
269,-29764
269,-27956
269,-30594
269,-29866
269,-29964
269,-29988
269,-29386
269,-31152
269,-29000
269,-29912
269,-28550
269,-29042
269,-30108
269,-27350
269,-28372
269,-29514
269,-30324
269,-28378
269,-29704
269,-30454
269,-26300
269,-28648
270,-27658
270,-30074
270,-26160
270,-29788
270,-28892
270,-30820
270,-29280
270,-32466
270,-32350
270,-31848
270,-30728
270,-29620
270,-28282
270,-30594
270,-29466
270,-28400
270,-29180
270,-31180
270,-30008
270,-30580
270,-31190
270,-27904
270,-29406
270,-30580
270,-30720
270,-29396
270,-29194
270,-29398
270,-30732
270,-28898
270,-31434
270,-30654
270,-27476
270,-25852
270,-30580
270,-30628
270,-28828
270,-28304
270,-27800
270,-27582
270,-27504
270,-27878
270,-27334
270,-29104
270,-28800
270,-27800
270,-29016
270,-25840
271,-28842
271,-27370
271,-28686
271,-28520
271,-29266
271,-27530
271,-27506
271,-29640
271,-25824
271,-28978
271,-28160
271,-27550
271,-29158
271,-27402
271,-30152
271,-28436
271,-27528
271,-27488
271,-27696
271,-27284
271,-26884
271,-26318
271,-28202
271,-27450
271,-26716
271,-27014
271,-28278
271,-28834
271,-26380
271,-27426
271,-25984
271,-27278
271,-26604
271,-28902
271,-25538
271,-29036
271,-25610
271,-25786
271,-26988
271,-26368
271,-26078
271,-26358
271,-27016
271,-25234
271,-27582
271,-26406
271,-24728
271,-27640
272,-25548
272,-26972
272,-27938
272,-27758
272,-27916
272,-29746
272,-27950
272,-25044
272,-27774
272,-27814
272,-25664
272,-28204
272,-25542
272,-27070
272,-26698
272,-27822
272,-27014
272,-27428
272,-28200
272,-26276
272,-29238
272,-26860
272,-28990
272,-29808
272,-27858
272,-29484
272,-25996
272,-28206
272,-27034
272,-27428
272,-27078
272,-27542
272,-27118
272,-26678
272,-29400
272,-28570
272,-26574
272,-26368
272,-26290
272,-27344
272,-27598
272,-27808
272,-26950
272,-27392
272,-26770
272,-27722
272,-27388
272,-27980
273,-26846
273,-26074
273,-27256
273,-28936
273,-27030
273,-26832
273,-29638
273,-27924
273,-26962
273,-26888
273,-28558
273,-27992
273,-26392
273,-26276
273,-29036
273,-25448
273,-27138
273,-28976
273,-27900
273,-27792
273,-27334
273,-27788
273,-27198
273,-27864
273,-28106
273,-27108
273,-26700
273,-29354
273,-29626
273,-29166
273,-28294
273,-28808
273,-27768
273,-28020
273,-30180
273,-28462
273,-27878
273,-27912
273,-29694
273,-29000
273,-27612
273,-28632
273,-27618
273,-29046
273,-27918
273,-28652
273,-30266
273,-28300
274,-27560
274,-28262
274,-27314
274,-28486
274,-27952
274,-27802
274,-29406
274,-27632
274,-29590
274,-27264
274,-28688
274,-27722
274,-27690
274,-26756
274,-26496
274,-26822
274,-28310
274,-26998
274,-30348
274,-28376
274,-29744
274,-28742
274,-28738
274,-26534
274,-28680
274,-30546
274,-28986
274,-30598
274,-28274
274,-29208
274,-29270
274,-29496
274,-30340
274,-29036
274,-29274
274,-28148
274,-29024
274,-29050
274,-30584
274,-28224
274,-29114
274,-30152
274,-31056
274,-30004
274,-30014
274,-31470
274,-32400
274,-31418
275,-30038
275,-31246
275,-31006
275,-33484
275,-29128
275,-30142
275,-31336
275,-31762
275,-32146
275,-30272
275,-32064
275,-32046
275,-33318
275,-32976
275,-33090
275,-30946
275,-34132
275,-32678
275,-31872
275,-33298
275,-31616
275,-32958
275,-31772
275,-31370
275,-30416
275,-31462
275,-31462
275,-32596
275,-32200
275,-32460
275,-29512
275,-32812
275,-33322
275,-32380
275,-30588
275,-29888
275,-32912
275,-31418
275,-32122
275,-30344
275,-31986
275,-32142
275,-31732
275,-31824
275,-33220
275,-31122
275,-33688
275,-32670
276,-32228
276,-30428
276,-31744
276,-32322
276,-30868
276,-31922
276,-27924
276,-33040
276,-31668
276,-32398
276,-31740
276,-31918
276,-29516
276,-30996
276,-30328
276,-32098
276,-30172
276,-30102
276,-31172
276,-33380
276,-32224
276,-30968
276,-29734
276,-31934
276,-30392
276,-30042
276,-31680
276,-31002
276,-33162
276,-30696
276,-30988
276,-29274
276,-31828
276,-30164
276,-27764
276,-31990
276,-31998
276,-30600
276,-31212
276,-30940
276,-30382
276,-31492
276,-30116
276,-31246
276,-28654
276,-30768
276,-29508
276,-30774
277,-30118
277,-30948
277,-32414
277,-32286
277,-32058
277,-30074
277,-30138
277,-31438
277,-31964
277,-32108
277,-29960
277,-33106
277,-30270
277,-30414
277,-31572
277,-29816
277,-30578
277,-31912
277,-30634
277,-29626
277,-31664
277,-30266
277,-29930
277,-30128
277,-30246
277,-30418
277,-31100
277,-29948
277,-30084
277,-31652
277,-32322
277,-33800
277,-31640
277,-28848
277,-28530
277,-30580
277,-29692
277,-30504
277,-32346
277,-29058
277,-29546
277,-32658
277,-30020
277,-29984
277,-32226
277,-28396
277,-31646
277,-29208
278,-29712
278,-31042
278,-31672
278,-29732
278,-34416
278,-29868
278,-28510
278,-29888
278,-28390
278,-28824
278,-28418
278,-29320
278,-28554
278,-28878
278,-29836
278,-29488
278,-31684
278,-30246
278,-30176
278,-31844
278,-29346
278,-30082
278,-31116
278,-29054
278,-30936
278,-29250
278,-31066
278,-29584
278,-29712
278,-30252
278,-28414
278,-31088
278,-30208
278,-31242
278,-29532
278,-30228
278,-29740
278,-29464
278,-29514
278,-28706
278,-29814
278,-28882
278,-28870
278,-26718
278,-27162
278,-28018
278,-28168
278,-30042
279,-28084
279,-28992
279,-30768
279,-29628
279,-29168
279,-28168
279,-30734
279,-27596
279,-29040
279,-30330
279,-29616
279,-30480
279,-29992
279,-31424
279,-30350
279,-29522
279,-30358
279,-30258
279,-32148
279,-31796
279,-31518
279,-31722
279,-30134
279,-31710
279,-30632
279,-30668
279,-29166
279,-30478
279,-30212
279,-32302
279,-29138
279,-28292
279,-29234
279,-29988
279,-28564
279,-29142
279,-30172
279,-28094
279,-29504
279,-27638
279,-29010
279,-29326
279,-30812
279,-27202
279,-29860
279,-28006
279,-28862
279,-29922
280,-29200
280,-30094
280,-29234
280,-31170
280,-28132
280,-29094
280,-29494
280,-29486
280,-28280
280,-30776
280,-30088
280,-28884
280,-30608
280,-31716
280,-30146
280,-28798
280,-30750
280,-30702
280,-30888
280,-31552
280,-29716
280,-30660
280,-31272
280,-29380
280,-31628
280,-28132
280,-30454
280,-29686
280,-27754
280,-29048
280,-29462
280,-28424
280,-29388
280,-27782
280,-29468
280,-28028
280,-29850
280,-27178
280,-30252
280,-31132
280,-30130
280,-31262
280,-28982
280,-28720
280,-29504
280,-28762
280,-30140
280,-28792
281,-28710
281,-30768
281,-27980
281,-29886
281,-29194
281,-27906
281,-29150
281,-29198
281,-29292
281,-30050
281,-28846
281,-28904
281,-31686
281,-29600
281,-31634
281,-31398
281,-27396
281,-27170
281,-30498
281,-28088
281,-29616
281,-29546
281,-29420
281,-27860
281,-29352
281,-30386
281,-29200
281,-26496
281,-31156
281,-28970
281,-28614
281,-29358
281,-29084
281,-28010
281,-27232
281,-28722
281,-28320
281,-28146
281,-29092
281,-29486
281,-29360
281,-30780
281,-27710
281,-28232
281,-29046
281,-27738
281,-29064
281,-30376
282,-28070
282,-29004
282,-28376
282,-27864
282,-26752
282,-27252
282,-28468
282,-27496
282,-28746
282,-30558
282,-28702
282,-28768
282,-29600
282,-28778
282,-29972
282,-30472
282,-29790
282,-29388
282,-27448
282,-29500
282,-28852
282,-28426
282,-30382
282,-29500
282,-29460
282,-28484
282,-28862
282,-26826
282,-27858
282,-28138
282,-29246
282,-32028
282,-29176
282,-28802
282,-32046
282,-28830
282,-28108
282,-30116
282,-29172
282,-31000
282,-29438
282,-30164
282,-28170
282,-30100
282,-28276
282,-29450
282,-28976
282,-28784
283,-30998
283,-29554
283,-27866
283,-30952
283,-29716
283,-29526
283,-29242
283,-31722
283,-29216
283,-31262
283,-28540
283,-29968
283,-30216
283,-29192
283,-33018
283,-29880
283,-32190
283,-30532
283,-31508
283,-31644
283,-32728
283,-29864
283,-32130
283,-30014
283,-31544
283,-28208
283,-33434
283,-32462
283,-29874
283,-30294
283,-29538
283,-32428
283,-29578
283,-31092
283,-30022
283,-31894
283,-30440
283,-31954
283,-31378
283,-33634
283,-30812
283,-33204
283,-30218
283,-29374
283,-30802
283,-32890
283,-30602
283,-31566
284,-31306
284,-32886
284,-31580
284,-31904
284,-33478
284,-32026
284,-32640
284,-31254
284,-31890
284,-32084
284,-30716
284,-31906
284,-32766
284,-30416
284,-32916
284,-31762
284,-32956
284,-33176
284,-32768
284,-32300
284,-31446
284,-32278
284,-30456
284,-34386
284,-32646
284,-30822
284,-32030
284,-30794
284,-32496
284,-30086
284,-29414
284,-31582
284,-29492
284,-30164
284,-32060
284,-31420
284,-28888
284,-32532
284,-31244
284,-31586
284,-32164
284,-32046
284,-31380
284,-28654
284,-30752
284,-31548
284,-33682
284,-29592
285,-31292
285,-32266
285,-33036
285,-33300
285,-31740
285,-30662
285,-31764
285,-33174
285,-30428
285,-31960
285,-31864
285,-31438
285,-31900
285,-29826
285,-30370
285,-31642
285,-31904
285,-29554
285,-30876
285,-30928
285,-33348
285,-31122
285,-31642
285,-30158
285,-33338
285,-33672
285,-30860
285,-31622
285,-31860
285,-32096
285,-32386
285,-32544
285,-32280
285,-31878
285,-30444
285,-32320
285,-32448
285,-33190
285,-31528
285,-34858
285,-33142
285,-31822
285,-31450
285,-32090
285,-32248
285,-31878
285,-32036
285,-31010
286,-30382
286,-30376
286,-30480
286,-30662
286,-30852
286,-29922
286,-30956
286,-29992
286,-31260
286,-32392
286,-31810
286,-32412
286,-31712
286,-30706
286,-30026
286,-31610
286,-33058
286,-31296
286,-29692
286,-33082
286,-29632
286,-32826
286,-32024
286,-30378
286,-31934
286,-30946
286,-30424
286,-33358
286,-31634
286,-29680
286,-31140
286,-29630
286,-30530
286,-30092
286,-30268
286,-31942
286,-30560
286,-29824
286,-29754
286,-32096
286,-30950
286,-29388
286,-31298
286,-28822
286,-30752
286,-29570
286,-29964
286,-31792
287,-28690
287,-30630
287,-30868
287,-29998
287,-30778
287,-29898
287,-30666
287,-30022
287,-30364
287,-30730
287,-29564
287,-32360
287,-30304
287,-29388
287,-30296
287,-29896
287,-31168
287,-28734
287,-28462
287,-30088
287,-28396
287,-29532
287,-29520
287,-28268
287,-28176
287,-29788
287,-27612
287,-26832
287,-26718
287,-29126
287,-28636
287,-25930
287,-27978
287,-29628
287,-27078
287,-27072
287,-27222
287,-27896
287,-26466
287,-27964
287,-27508
287,-26540
287,-28568
287,-27598
287,-26820
287,-28800
287,-27846
287,-28544
288,-27838
288,-28532
288,-27406
288,-28386
288,-28622
288,-25704
288,-25378
288,-27320
288,-26434
288,-25980
288,-27440
288,-26638
288,-26468
288,-25502
288,-27260
288,-25226
288,-26966
288,-28114
288,-26932
288,-27410
288,-26282
288,-28542
288,-24728
288,-25606
288,-25780
288,-25036
288,-29288
288,-26470
288,-26460
288,-26646
288,-27036
288,-28072
288,-23782
288,-26454
288,-27142
288,-27706
288,-26044
288,-25242
288,-25790
288,-27834
288,-25928
288,-27428
288,-25742
288,-27930
288,-25052
288,-23800
288,-26118
288,-25444
289,-29006
289,-26616
289,-25372
289,-26942
289,-24124
289,-25240
289,-24810
289,-23138
289,-25094
289,-25952
289,-24438
289,-24028
289,-24662
289,-25610
289,-22342
289,-24592
289,-24896
289,-25516
289,-24082
289,-25574
289,-24192
289,-25278
289,-24324
289,-24554
289,-24882
289,-24584
289,-24064
289,-24688
289,-25752
289,-25784
289,-24650
289,-25704
289,-24708
289,-26466
289,-27088
289,-25192
289,-24086
289,-23954
289,-25058
289,-22402
289,-24090
289,-21612
289,-23254
289,-23374
289,-23840
289,-24308
289,-24596
289,-25302
290,-23906
290,-23410
290,-23228
290,-25452
290,-23714
290,-23506
290,-24978
290,-20810
290,-23078
290,-22846
290,-25240
290,-23852
290,-23254
290,-23346
290,-19330
290,-21940
290,-23040
290,-21182
290,-21260
290,-22938
290,-23390
290,-22382
290,-19410
290,-22176
290,-22132
290,-22594
290,-22498
290,-22228
290,-21886
290,-21498
290,-21554
290,-23234
290,-20684
290,-21918
290,-23618
290,-22232
290,-22816
290,-20524
290,-19870
290,-21924
290,-19888
290,-19164
290,-21144
290,-20682
290,-22602
290,-22406
290,-21956
290,-22416
291,-21106
291,-22534
291,-23322
291,-23334
291,-24808
291,-22426
291,-23092
291,-22586
291,-23716
291,-23404
291,-23420
291,-23130
291,-21894
291,-22346
291,-21286
291,-22664
291,-23106
291,-22676
291,-23130
291,-21428
291,-22666
291,-23176
291,-23604
291,-21446
291,-23768
291,-22066
291,-21874
291,-24670
291,-21748
291,-22976
291,-21344
291,-22338
291,-22506
291,-21828
291,-24148
291,-22548
291,-22438
291,-23716
291,-24042
291,-22962
291,-24084
291,-24738
291,-21276
291,-22826
291,-22030
291,-24024
291,-24026
291,-25440
292,-23290
292,-25806
292,-24580
292,-23838
292,-24366
292,-22672
292,-24332
292,-23578
292,-24404
292,-26200
292,-24520
292,-22976
292,-24522
292,-24218
292,-24284
292,-22330
292,-23556
292,-24054
292,-27318
292,-26554
292,-23378
292,-23784
292,-24440
292,-22170
292,-24586
292,-22820
292,-21906
292,-23340
292,-25472
292,-24280
292,-23254
292,-22604
292,-24258
292,-26756
292,-25748
292,-25288
292,-25866
292,-24198
292,-23258
292,-25674
292,-25924
292,-25536
292,-26726
292,-25390
292,-25762
292,-24910
292,-26304
292,-24886
293,-23292
293,-25562
293,-25064
293,-23694
293,-24032
293,-24868
293,-24484
293,-24548
293,-22620
293,-23896
293,-24684
293,-24864
293,-23734
293,-23926
293,-24176
293,-24914
293,-24922
293,-24326
293,-25436
293,-25388
293,-25718
293,-23714
293,-26308
293,-27448
293,-26206
293,-27004
293,-26726
293,-25412
293,-26554
293,-26682
293,-24442
293,-26702
293,-26830
293,-26156
293,-28218
293,-24744
293,-26030
293,-26792
293,-26344
293,-26712
293,-25770
293,-24662
293,-25510
293,-24452
293,-27002
293,-25060
293,-28244
293,-26622
294,-26904
294,-25568
294,-24784
294,-23658
294,-27948
294,-27834
294,-25474
294,-25762
294,-28154
294,-24766
294,-26162
294,-26098
294,-28090
294,-25988
294,-25840
294,-26124
294,-26640
294,-28222
294,-25958
294,-27058
294,-28826
294,-24982
294,-27632
294,-28412
294,-27376
294,-28338
294,-27870
294,-28458
294,-25014
294,-26810
294,-24618
294,-23652
294,-24778
294,-25626
294,-25082
294,-25408
294,-23138
294,-28342
294,-29192
294,-27058
294,-26266
294,-26566
294,-27958
294,-25984
294,-26922
294,-26588
294,-26308
294,-27432
295,-25990
295,-27084
295,-24846
295,-26202
295,-28028
295,-27232
295,-27360
295,-23812
295,-26570
295,-27046
295,-26560
295,-24994
295,-26660
295,-27826
295,-26010
295,-27262
295,-28158
295,-26262
295,-26824
295,-26712
295,-28188
295,-29384
295,-28928
295,-28192
295,-27556
295,-28220
295,-27458
295,-25898
295,-25338
295,-28492
295,-27352
295,-26334
295,-27394
295,-28066
295,-28206
295,-27750
295,-26116
295,-26650
295,-26896
295,-28736
295,-28230
295,-26544
295,-28380
295,-28726
295,-29952
295,-29398
295,-28258
295,-29216
296,-27492
296,-28912
296,-27988
296,-30266
296,-29418
296,-27008
296,-27632
296,-29668
296,-28108
296,-28414
296,-26902
296,-28610
296,-27082
296,-25870
296,-26822
296,-27932
296,-27210
296,-28526
296,-27298
296,-28244
296,-29812
296,-28658
296,-28562
296,-30268
296,-28830
296,-29608
296,-29202
296,-29304
296,-28442
296,-30598
296,-29516
296,-29324
296,-29662
296,-29864
296,-31612
296,-31360
296,-31992
296,-31186
296,-30234
296,-32578
296,-30444
296,-31286
296,-32348
296,-31432
296,-29678
296,-32686
296,-32258
296,-32612
297,-30760
297,-31104
297,-29670
297,-32616
297,-31254
297,-31110
297,-31466
297,-33688
297,-28060
297,-32522
297,-30826
297,-29198
297,-31068
297,-32912
297,-30974
297,-30388
297,-31896
297,-31012
297,-32292
297,-30422
297,-32880
297,-32092
297,-29348
297,-31664
297,-31098
297,-31560
297,-29892
297,-31564
297,-31438
297,-31378
297,-32258
297,-31350
297,-31746
297,-32282
297,-31980
297,-33484
297,-29140
297,-30762
297,-31352
297,-31166
297,-28796
297,-32944
297,-31880
297,-31162
297,-31342
297,-31542
297,-29042
297,-32034
298,-31416
298,-28222
298,-33438
298,-30732
298,-28586
298,-30954
298,-31440
298,-33410
298,-30936
298,-28946
298,-31212
298,-31466
298,-29390
298,-30256
298,-29656
298,-30832
298,-31210
298,-29130
298,-31662
298,-29976
298,-30064
298,-30930
298,-32316
298,-29770
298,-29016
298,-32610
298,-31268
298,-29212
298,-32220
298,-30898
298,-34194
298,-30522
298,-29734
298,-31350
298,-31492
298,-31132
298,-32062
298,-30178
298,-30110
298,-31900
298,-31284
298,-30426
298,-30848
298,-29336
298,-31396
298,-30486
298,-30102
298,-30610
299,-29724
299,-30398
299,-30290
299,-30146
299,-33064
299,-30292
299,-32532
299,-31864
299,-31876
299,-30058
299,-31056
299,-30172
299,-32656
299,-30134
299,-31238
299,-29742
299,-31290
299,-32112
299,-28980
299,-31086
299,-28976
299,-31716
299,-31076
299,-30288
299,-31444
299,-30650
299,-31088
299,-29278
299,-30540
299,-30062
299,-30142
299,-31196
299,-28738
299,-29456
299,-30892
299,-29460
299,-30798
299,-28498
299,-32516
299,-29744
299,-29888
299,-30086
299,-27476
299,-31728
299,-29108
299,-28608
299,-29012
299,-30114
300,-30028
300,-30114
300,-29078
300,-29182
300,-29434
300,-29562
300,-29926
300,-30484
300,-29154
300,-29254
300,-31024
300,-30748
300,-29618
300,-28948
300,-28228
300,-30094
300,-30314
300,-27518
300,-28750
300,-28948
300,-28068
300,-28984
300,-26414
300,-27284
300,-29300
300,-28048
300,-30244
300,-27934
300,-27284
300,-27380
300,-27824
300,-27822
300,-28024
300,-26720
300,-28500
300,-27508
300,-28268
300,-26920
300,-28150
300,-27928
300,-27984
300,-27128
300,-27580
300,-28066
300,-28696
300,-28964
300,-27822
300,-27560
301,-26474
301,-28504
301,-25592
301,-28818
301,-26820
301,-26314
301,-26482
301,-25370
301,-26808
301,-25570
301,-27552
301,-27194
301,-28594
301,-25954
301,-25374
301,-29444
301,-26184
301,-27988
301,-27482
301,-27954
301,-25810
301,-26134
301,-27304
301,-26914
301,-26188
301,-26820
301,-26804
301,-27740
301,-25752
301,-28602
301,-27776
301,-26324
301,-28056
301,-28418
301,-25500
301,-27808
301,-27894
301,-26652
301,-28360
301,-26744
301,-29810
301,-26764
301,-27908
301,-21450
301,-28098
301,-26994
301,-26946
301,-28802
302,-27628
302,-26592
302,-29004
302,-27452
302,-25994
302,-25896
302,-26910
302,-28038
302,-25654
302,-26788
302,-28682
302,-27990
302,-29894
302,-28196
302,-27402
302,-28138
302,-28838
302,-27960
302,-28070
302,-28862
302,-28226
302,-27718
302,-29094
302,-28168
302,-28926
302,-27376
302,-28086
302,-29418
302,-30452
302,-24480
302,-29438
302,-29028
302,-28710
302,-27912
302,-30072
302,-28518
302,-29272
302,-29174
302,-30460
302,-26728
302,-29300
302,-31718
302,-26924
302,-30348
302,-31402
302,-29674
302,-27130
302,-30476
303,-29954
303,-30052
303,-31258
303,-28436
303,-28440
303,-26452
303,-30042
303,-27716
303,-29390
303,-28272
303,-28850
303,-31000
303,-29634
303,-29396
303,-28040
303,-29916
303,-29174
303,-27686
303,-27940
303,-28126
303,-27742
303,-28590
303,-29426
303,-28654
303,-27838
303,-27790
303,-27184
303,-27748
303,-28092
303,-28524
303,-27666
303,-29266
303,-28370
303,-29736
303,-29504
303,-30388
303,-29660
303,-30262
303,-27344
303,-28174
303,-28556
303,-30056
303,-28394
303,-28276
303,-29454
303,-29778
303,-26062
303,-29166
304,-27534
304,-28836
304,-27406
304,-28226
304,-28212
304,-28036
304,-27726
304,-25922
304,-29620
304,-27668
304,-29522
304,-28042
304,-27500
304,-26260
304,-27776
304,-28150
304,-29302
304,-28352
304,-28070
304,-25808
304,-29150
304,-26626
304,-28746
304,-26722
304,-24124
304,-30114
304,-26926
304,-26938
304,-25282
304,-28888
304,-26158
304,-27992
304,-28236
304,-25644
304,-28186
304,-25438
304,-25600
304,-28746
304,-25776
304,-26508
304,-25734
304,-26992
304,-27614
304,-25586
304,-25872
304,-27254
304,-25758
304,-28864
305,-25298
305,-25602
305,-26904
305,-26898
305,-25828
305,-23572
305,-27102
305,-24174
305,-26026
305,-25710
305,-26578
305,-28378
305,-28512
305,-26154
305,-26946
305,-27150
305,-25888
305,-27580
305,-25514
305,-26806
305,-24942
305,-26512
305,-27098
305,-26046
305,-27210
305,-26086
305,-27378
305,-25202
305,-26418
305,-24322
305,-22564
305,-23616
305,-25226
305,-23230
305,-24446
305,-25002
305,-24902
305,-26588
305,-25636
305,-24876
305,-26040
305,-23850
305,-25338
305,-25634
305,-27106
305,-24452
305,-24308
305,-25190
306,-25298
306,-27428
306,-24158
306,-24220
306,-24472
306,-24658
306,-26530
306,-25090
306,-22850
306,-24006
306,-23700
306,-23988
306,-24506
306,-23372
306,-26078
306,-22464
306,-23362
306,-21850
306,-24592
306,-24804
306,-25134
306,-23520
306,-23336
306,-23824
306,-22088
306,-23740
306,-22902
306,-23548
306,-23480
306,-24528
306,-23914
306,-23138
306,-21270
306,-22548
306,-22766
306,-21660
306,-22348
306,-23064
306,-22148
306,-21212
306,-22912
306,-22754
306,-23014
306,-22454
306,-21000
306,-22080
306,-21764
306,-21656
307,-20870
307,-19866
307,-23286
307,-21172
307,-21210
307,-19754
307,-21766
307,-19452
307,-24144
307,-21796
307,-20926
307,-20312
307,-22512
307,-20536
307,-22468
307,-19848
307,-19920
307,-25076
307,-22966
307,-22288
307,-22562
307,-23594
307,-20724
307,-19784
307,-21992
307,-22190
307,-21758
307,-22268
307,-22436
307,-20760
307,-19780
307,-19664
307,-21652
307,-20626
307,-23538
307,-21318
307,-20052
307,-21286
307,-20602
307,-20874
307,-22748
307,-21706
307,-19144
307,-21298
307,-20096
307,-22274
307,-19228
307,-20834
308,-20374
308,-18432
308,-18038
308,-19980
308,-20176
308,-20060
308,-19710
308,-21584
308,-22654
308,-20260
308,-19956
308,-18984
308,-20010
308,-18224
308,-19252
308,-18374
308,-19156
308,-20306
308,-17820
308,-19390
308,-20982
308,-20046
308,-17850
308,-18392
308,-19372
308,-17716
308,-17926
308,-16988
308,-17654
308,-19718
308,-18330
308,-15612
308,-20602
308,-17312
308,-18672
308,-16562
308,-17506
308,-16220
308,-15750
308,-18392
308,-16338
308,-18698
308,-15104
308,-17992
308,-16966
308,-16358
308,-15424
308,-17592
309,-16770
309,-14832
309,-15716
309,-15638
309,-17018
309,-15588
309,-15012
309,-15494
309,-16198
309,-16508
309,-20116
309,-15448
309,-16414
309,-15002
309,-15512
309,-16966
309,-16290
309,-15714
309,-17992
309,-17230
309,-15886
309,-15904
309,-14874
309,-12780
309,-16220
309,-14694
309,-16192
309,-12948
309,-12946
309,-14068
309,-13942
309,-14500
309,-14160
309,-13302
309,-14186
309,-14256
309,-13638
309,-15248
309,-13548
309,-14744
309,-14244
309,-13580
309,-14988
309,-13438
309,-13370
309,-12624
309,-14546
309,-13344
310,-14418
310,-14692
310,-13618
310,-13714
310,-12470
310,-14898
310,-13444
310,-12372
310,-14240
310,-13336
310,-14278
310,-12852
310,-11110
310,-13066
310,-15184
310,-12610
310,-11192
310,-12986
310,-13596
310,-12654
310,-11628
310,-13298
310,-13792
310,-12384
310,-12186
310,-13228
310,-13664
310,-14440
310,-13590
310,-14144
310,-11892
310,-12668
310,-11360
310,-15184
310,-12968
310,-11490
310,-13158
310,-13058
310,-12044
310,-11962
310,-11776
310,-11696
310,-13102
310,-11348
310,-12866
310,-13190
310,-12768
310,-11700
311,-13002
311,-12742
311,-10094
311,-13180
311,-11220
311,-9672
311,-12220
311,-11200
311,-11688
311,-10832
311,-12640
311,-9984
311,-12466
311,-11826
311,-11488
311,-10906
311,-12452
311,-12904
311,-12294
311,-10422
311,-12842
311,-12386
311,-9174
311,-14194
311,-11700
311,-11970
311,-11344
311,-12204
311,-11918
311,-10970
311,-11638
311,-12788
311,-12668
311,-12620
311,-11316
311,-13968
311,-12722
311,-11940
311,-12440
311,-11020
311,-10780
311,-12384
311,-13360
311,-14084
311,-11130
311,-13088
311,-12850
311,-12264
312,-12406
312,-12802
312,-12070
312,-15014
312,-14114
312,-11478
312,-12232
312,-12324
312,-15140
312,-14132
312,-13334
312,-12866
312,-13930
312,-13838
312,-15140
312,-13068
312,-12888
312,-14798
312,-13230
312,-12528
312,-14468
312,-11006
312,-13854
312,-12192
312,-13786
312,-14396
312,-13376
312,-12062
312,-12878
312,-14128
312,-14146
312,-11302
312,-12830
312,-13180
312,-13690
312,-12152
312,-12746
312,-12228
312,-13774
312,-14808
312,-13422
312,-12664
312,-14076
312,-13288
312,-13468
312,-14314
312,-13162
312,-13930
313,-10380
313,-14038
313,-14052
313,-12260
313,-14126
313,-14224
313,-13670
313,-14218
313,-13266
313,-12460
313,-13696
313,-13518
313,-13940
313,-12430
313,-14544
313,-13392
313,-12478
313,-12600
313,-13026
313,-12614
313,-13774
313,-14996
313,-11780
313,-13226
313,-13160
313,-13916
313,-12020
313,-14422
313,-12168
313,-11136
313,-13682
313,-14204
313,-13548
313,-11892
313,-15010
313,-11962
313,-14170
313,-12452
313,-14650
313,-14576
313,-15604
313,-12146
313,-14466
313,-14310
313,-14110
313,-13846
313,-15844
313,-15436
314,-14080
314,-15742
314,-14672
314,-14076
314,-16016
314,-14424
314,-16014
314,-13504
314,-14134
314,-14766
314,-12572
314,-12284
314,-14036
314,-13596
314,-12850
314,-13976
314,-13746
314,-15456
314,-14868
314,-15870
314,-15752
314,-13246
314,-12692
314,-15136
314,-14328
314,-14646
314,-14282
314,-12078
314,-13772
314,-13166
314,-15314
314,-13138
314,-11096
314,-12292
314,-11976
314,-16696
314,-13758
314,-13682
314,-13248
314,-15440
314,-12956
314,-15158
314,-13226
314,-13594
314,-12584
314,-15580
314,-12414
314,-13220
315,-11870
315,-13912
315,-11260
315,-13874
315,-14372
315,-13458
315,-12650
315,-13256
315,-15500
315,-11346
315,-12052
315,-12254
315,-14286
315,-13512
315,-13946
315,-12202
315,-11650
315,-14666
315,-15814
315,-14112
315,-12318
315,-15104
315,-15208
315,-13680
315,-14676
315,-14254
315,-15108
315,-14296
315,-14606
315,-15260
315,-13250
315,-17276
315,-16276
315,-15572
315,-14276
315,-14466
315,-15810
315,-13212
315,-13000
315,-14870
315,-12750
315,-14470
315,-13836
315,-15348
315,-11978
315,-14504
315,-13498
315,-12724
316,-16478
316,-13010
316,-17356
316,-15404
316,-13192
316,-14606
316,-12372
316,-12920
316,-14832
316,-13396
316,-13392
316,-13342
316,-16172
316,-14124
316,-14894
316,-14524
316,-15490
316,-16312
316,-16428
316,-15960
316,-13114
316,-15560
316,-15620
316,-15720
316,-15902
316,-16448
316,-17322
316,-17064
316,-15750
316,-15950
316,-16980
316,-13926
316,-16724
316,-16948
316,-15356
316,-15908
316,-17718
316,-16742
316,-14818
316,-17138
316,-14830
316,-15594
316,-16792
316,-14158
316,-16296
316,-15944
316,-16022
316,-17074
317,-12108
317,-14150
317,-14766
317,-14582
317,-15972
317,-16300
317,-17018
317,-16026
317,-14804
317,-15664
317,-14350
317,-15064
317,-15134
317,-13626
317,-16188
317,-14030
317,-16884
317,-15274
317,-13008
317,-14030
317,-15028
317,-12574
317,-13742
317,-14584
317,-16762
317,-13036
317,-13832
317,-15058
317,-13152
317,-14866
317,-14558
317,-16028
317,-12634
317,-11898
317,-13400
317,-11764
317,-12000
317,-14220
317,-13966
317,-13302
317,-11644
317,-13938
317,-15142
317,-14696
317,-12358
317,-14474
317,-12772
317,-12428
318,-12506
318,-13742
318,-13960
318,-12458
318,-13158
318,-11510
318,-11534
318,-12788
318,-12396
318,-11364
318,-14402
318,-10538
318,-11554
318,-8824
318,-11972
318,-11364
318,-9904
318,-11884
318,-11308
318,-14002
318,-13040
318,-11926
318,-10258
318,-11712
318,-11108
318,-11962
318,-14590
318,-12634
318,-10494
318,-12756
318,-10546
318,-10582
318,-12554
318,-13228
318,-11152
318,-10744
318,-12246
318,-11084
318,-13566
318,-8572
318,-13128
318,-10022
318,-11136
318,-10862
318,-11354
318,-8950
318,-12020
318,-10438
319,-10514
319,-9684
319,-10916
319,-11758
319,-10948
319,-11626
319,-9378
319,-11706
319,-8628
319,-8590
319,-11512
319,-6902
319,-10326
319,-9052
319,-11890
319,-9054
319,-8772
319,-11332
319,-8918
319,-10330
319,-9522
319,-10804
319,-9080
319,-9644
319,-8798
319,-11188
319,-9390
319,-11376
319,-8906
319,-9710
319,-12126
319,-9222
319,-10104
319,-7382
319,-9970
319,-9008
319,-9542
319,-9450
319,-10702
319,-9528
319,-10104
319,-9032
319,-9432
319,-9860
319,-9768
319,-8722
319,-9304
319,-7958
320,-10702
320,-11024
320,-8098
320,-10410
320,-8716
320,-10748
320,-8918
320,-10368
320,-9854
320,-9224
320,-13398
320,-5220
320,-10954
320,-8178
320,-8434
320,-10428
320,-11632
320,-10614
320,-10410
320,-11018
320,-8704
320,-10308
320,-6790
320,-9422
320,-9546
320,-10444
320,-9594
320,-7014
320,-11668
320,-8220
320,-10258
320,-10502
320,-7514
320,-11922
320,-9354
320,-11462
320,-9512
320,-9928
320,-7198
320,-9690
320,-11122
320,-9012
320,-8786
320,-11468
320,-10242
320,-9776
320,-6928
320,-8972
321,-9316
321,-11032
321,-9190
321,-8974
321,-9694
321,-8082
321,-9682
321,-6730
321,-8410
321,-8550
321,-10032
321,-7064
321,-8928
321,-10490
321,-8772
321,-6612
321,-9474
321,-7072
321,-9366
321,-6826
321,-8196
321,-6050
321,-8050
321,-9076
321,-9942
321,-9024
321,-9438
321,-8390
321,-7342
321,-7920
321,-8496
321,-7786
321,-6708
321,-7228
321,-6030
321,-9004
321,-6534
321,-8124
321,-7422
321,-5426
321,-6924
321,-8698
321,-5328
321,-6626
321,-6752
321,-6454
321,-8460
321,-4522
322,-7982
322,-5510
322,-8734
322,-6892
322,-4872
322,-5380
322,-6824
322,-4046
322,-3760
322,-4852
322,-4746
322,-5050
322,-7858
322,-3958
322,-5224
322,-4136
322,-7012
322,-5366
322,-5920
322,-4706
322,-3998
322,-3990
322,-4030
322,-3348
322,-6516
322,-2006
322,-3030
322,-3210
322,-4510
322,-742
322,-4034
322,-3132
322,-2680
322,-1732
322,-1642
322,-1406
322,-3170
322,-2580
322,-1948
322,-3468
322,-2958
322,-682
322,524
322,468
322,-1440
322,-2988
322,-1604
322,-1398
323,-2012
323,-2084
323,-1710
323,-460
323,-1406
323,-474
323,-1072
323,-922
323,-2576
323,158
323,-736
323,-2138
323,-1334
323,-414
323,782
323,-1800
323,-2944
323,-1394
323,-1196
323,-1404
323,210
323,178
323,672
323,2186
323,-74
323,-1580
323,1600
323,1374
323,710
323,454
323,648
323,1274
323,2868
323,2022
323,3238
323,-106
323,1272
323,824
323,2454
323,912
323,3838
323,4866
323,1846
323,3100
323,4346
323,3136
323,3066
323,3754
324,2322
324,5086
324,5478
324,5384
324,2278
324,4762
324,4034
324,3304
324,6292
324,5136
324,6380
324,6698
324,6510
324,7246
324,7446
324,4056
324,7250
324,6310
324,6504
324,6622
324,8538
324,8798
324,8870
324,6616
324,8122
324,6192
324,8008
324,9334
324,5670
324,10728
324,8686
324,9386
324,7764
324,9282
324,8684
324,8094
324,8140
324,10174
324,8336
324,9978
324,10554
324,10470
324,10146
324,12016
324,9050
324,11384
324,9760
324,13212
325,11666
325,11718
325,12886
325,11552
325,14336
325,12624
325,11560
325,12266
325,15922
325,13672
325,9988
325,15240
325,13098
325,13308
325,14174
325,12196
325,14058
325,13676
325,15876
325,14438
325,15536
325,15368
325,12588
325,15570
325,15648
325,16822
325,14408
325,16780
325,16926
325,16904
325,17310
325,17584
325,15330
325,16572
325,17730
325,18224
325,16578
325,17630
325,18008
325,16908
325,16908
325,18242
325,17360
325,19584
325,17546
325,18048
325,17402
325,18212
326,19874
326,18500
326,16896
326,20456
326,18240
326,17512
326,20782
326,19828
326,17772
326,17614
326,20216
326,19666
326,19134
326,19386
326,18640
326,21890
326,19544
326,18382
326,18418
326,20466
326,19158
326,19772
326,22284
326,18926
326,18920
326,22646
326,22716
326,21086
326,21642
326,23096
326,19668
326,24010
326,20692
326,22364
326,23204
326,22774
326,22634
326,22586
326,21728
326,22116
326,22572
326,21852
326,22694
326,23166
326,22728
326,22126
326,23494
326,23662
327,24008
327,25346
327,22126
327,23874
327,23278
327,23396
327,23828
327,23188
327,24314
327,23426
327,23768
327,25190
327,22092
327,26282
327,25106
327,24982
327,23416
327,26560
327,25944
327,25042
327,24152
327,27464
327,25262
327,24430
327,25204
327,25630
327,25930
327,25774
327,25168
327,25138
327,25110
327,26624
327,28526
327,26992
327,26490
327,26754
327,28206
327,27458
327,26508
327,27376
327,27604
327,27066
327,28836
327,28434
327,25594
327,27854
327,27992
327,28292
328,28712
328,27396
328,28890
328,29822
328,29236
328,27232
328,27960
328,28064
328,26758
328,28792
328,27848
328,27942
328,28526
328,31248
328,28410
328,29552
328,31176
328,27864
328,30330
328,30296
328,29676
328,30702
328,30688
328,30338
328,31400
328,30206
328,29354
328,31524
328,31690
328,28006
328,30902
328,28674
328,28626
328,30630
328,31734
328,30744
328,31498
328,33376
328,31358
328,31624
328,31902
328,31124
328,30720
328,33872
328,32816
328,33526
328,31474
328,32550
329,33592
329,32604
329,33610
329,31936
329,32318
329,34198
329,33038
329,32042
329,34934
329,33220
329,34958
329,32098
329,32568
329,32826
329,32140
329,33446
329,33208
329,35434
329,34308
329,35840
329,34706
329,34910
329,34650
329,34734
329,35382
329,33746
329,34566
329,34862
329,35374
329,35966
329,36860
329,34124
329,36040
329,35052
329,36086
329,35064
329,37286
329,36032
329,37452
329,38548
329,36740
329,35042
329,37008
329,37712
329,37746
329,38454
329,36542
329,37012
330,37694
330,38656
330,38724
330,36520
330,37092
330,38020
330,36556
330,40122
330,38142
330,39102
330,38456
330,36764
330,38584
330,39020
330,37008
330,36362
330,38268
330,37084
330,38220
330,37632
330,37056
330,36452
330,37492
330,37494
330,38818
330,40780
330,37284
330,37736
330,37102
330,38378
330,37988
330,36188
330,37182
330,39122
330,36604
330,39806
330,38822
330,38612
330,38230
330,39948
330,39174
330,40092
330,37962
330,40064
330,39364
330,38412
330,40844
330,36252
331,39260
331,39280
331,39890
331,38690
331,36410
331,37844
331,37886
331,37760
331,41216
331,40034
331,40724
331,40006
331,40230
331,43036
331,40616
331,40372
331,38058
331,38980
331,39724
331,38832
331,40384
331,39060
331,42354
331,40096
331,38242
331,39694
331,39638
331,38690
331,39142
331,40948
331,41292
331,39942
331,39282
331,38444
331,39678
331,39996
331,41266
331,37828
331,39030
331,39114
331,37426
331,39656
331,37460
331,41014
331,40154
331,39680
331,39096
331,42450
332,41678
332,42134
332,38530
332,39564
332,40034
332,40020
332,39456
332,39980
332,38706
332,40294
332,40022
332,42450
332,39360
332,41422
332,41690
332,39330
332,41562
332,39978
332,42388
332,38674
332,40718
332,39142
332,41096
332,39022
332,40082
332,39890
332,37710
332,37458
332,42820
332,35676
332,37676
332,37742
332,40182
332,40770
332,39434
332,39904
332,39780
332,39662
332,37738
332,40596
332,38558
332,41146
332,37336
332,38512
332,39442
332,38538
332,38976
332,39542
333,39706
333,40376
333,37478
333,40566
333,39164
333,40078
333,40972
333,39530
333,39744
333,38520
333,39490
333,36684
333,36472
333,39126
333,39054
333,37614
333,38642
333,37924
333,38920
333,36186
333,39772
333,40376
333,40552
333,38598
333,39026
333,37858
333,37964
333,36924
333,37818
333,36512
333,39608
333,37478
333,37148
333,40412
333,39056
333,35202
333,39716
333,35708
333,36452
333,37588
333,37356
333,37302
333,36692
333,37660
333,38058
333,36982
333,35554
333,37564
334,37212
334,37014
334,37668
334,37070
334,37576
334,34688
334,35102
334,36520
334,37908
334,34534
334,36612
334,35340
334,36714
334,36504
334,35720
334,35602
334,37354
334,38182
334,34454
334,37490
334,36518
334,36086
334,35418
334,35804
334,37636
334,37142
334,39196
334,34654
334,35926
334,34372
334,36292
334,36530
334,35896
334,36304
334,34428
334,34932
334,36008
334,36354
334,34818
334,35754
334,35216
334,36084
334,36584
334,35904
334,36234
334,34472
334,35296
334,36034
335,37468
335,36700
335,38052
335,36016
335,36762
335,36350
335,37258
335,37004
335,35706
335,36740
335,34830
335,35852
335,35482
335,36822
335,37530
335,36344
335,36116
335,34606
335,37552
335,35834
335,34046
335,36540
335,38916
335,37754
335,37362
335,37788
335,37102
335,37348
335,37490
335,36516
335,35858
335,37758
335,36602
335,37396
335,36810
335,37742
335,37054
335,37772
335,37158
335,35514
335,35818
335,36604
335,35614
335,35962
335,35376
335,34030
335,36410
335,35944
336,36130
336,38088
336,35986
336,38426
336,35812
336,35810
336,37372
336,36000
336,35680
336,36982
336,36016
336,37434
336,36146
336,37226
336,37460
336,36126
336,35804
336,36818
336,37088
336,37230
336,37324
336,35220
336,36838
336,36156
336,38064
336,35484
336,36026
336,35388
336,35472
336,35716
336,35698
336,37290
336,37964
336,36896
336,37206
336,36948
336,37988
336,36078
336,37792
336,37224
336,37388
336,34860
336,37634
336,35286
336,34788
336,36118
336,35144
336,38740
337,37898
337,34982
337,38254
337,35930
337,37060
337,37184
337,35642
337,36942
337,36358
337,36406
337,38220
337,35568
337,35522
337,37810
337,34286
337,36968
337,35976
337,37308
337,35950
337,37722
337,35948
337,37844
337,36206
337,37208
337,37674
337,36032
337,39006
337,37848
337,38650
337,39264
337,39368
337,35800
337,38158
337,38760
337,38940
337,36606
337,38532
337,37814
337,38038
337,36498
337,37180
337,38140
337,39212
337,37492
337,36260
337,38786
337,38900
337,37186
338,39180
338,39448
338,36936
338,38490
338,38300
338,38502
338,36172
338,38070
338,38264
338,37600
338,38426
338,37732
338,40918
338,38970
338,39380
338,39830
338,36924
338,39316
338,39780
338,38832
338,38412
338,39832
338,38310
338,41560
338,38524
338,40370
338,40020
338,39960
338,38550
338,39362
338,39194
338,39884
338,37046
338,39004
338,38404
338,38116
338,37726
338,37422
338,40388
338,39022
338,38758
338,40204
338,40956
338,39536
338,37398
338,40928
338,40436
338,41990
339,39846
339,40206
339,41072
339,42312
339,40320
339,40450
339,41274
339,41964
339,42238
339,40448
339,41424
339,40348
339,40160
339,40450
339,40110
339,40660
339,40338
339,40636
339,38738
339,40524
339,39834
339,42132
339,40604
339,41258
339,40632
339,40688
339,41678
339,39368
339,39742
339,39336
339,40204
339,38940
339,39188
339,39426
339,39532
339,37758
339,39182
339,38946
339,40674
339,40182
339,39386
339,40096
339,39840
339,40460
339,40050
339,43008
339,42762
339,41362
340,41922
340,42220
340,41900
340,40722
340,42472
340,40524
340,40424
340,40100
340,41510
340,41290
340,39750
340,42800
340,39872
340,41030
340,41848
340,40504
340,40354
340,40580
340,40930
340,41092
340,38182
340,39442
340,41214
340,38958
340,36900
340,39150
340,38546
340,39596
340,39454
340,38698
340,40374
340,41310
340,38798
340,39914
340,39544
340,39472
340,38356
340,39296
340,41110
340,41418
340,40542
340,41594
340,41892
340,40540
340,42808
340,40150
340,39980
340,42354
341,43040
341,40192
341,42626
341,41724
341,39346
341,41676
341,40042
341,41782
341,41908
341,41700
341,42298
341,39280
341,43588
341,42102
341,43172
341,41998
RAW_SUMMARY id=4 captured=16384 odd_lsb=0
