# run: RAW_feat_3200_a010
# firmware: role=analyzer git=943ec31 version=0.4.0 board=damp
# started: 2026-10-09T19:22:00
RAW_INFO mode=feat output=csv
RAW_INFO row_size=10
RAW_EMIT_START id=1 t_ms=59252 line=EMIT_START trial=0 t_ms=144419
RAW_EMIT_DONE id=1 t_ms=59349 line=EMIT_DONE trial=0 t_ms=144519
RAW_BEGIN id=1 sr=16000 trigger_ms=59252 command_ms=59239 emit_seen=1 emit_start_ms=59252 emit_done_ms=59349 f=3200 dur=100 pre_ms=0 post_ms=350 decim=1 pre_samples=0 post_samples=5600 mode=feat output=csv fields=ms,amp_strength,env_strength,freq_score,freq_fresh
ms,amp_strength,env_strength,freq_score,freq_fresh
59246,20,26,0,0
59246,19,13,0,0
59246,50,31,0,0
59246,36,33,2,1
59246,39,36,2,0
59246,0,18,2,0
59246,20,19,2,0
59246,35,27,3,1
59246,4,13,3,0
59246,15,6,3,0
59246,20,13,3,0
59246,49,31,3,1
59246,15,15,3,0
59246,18,7,3,0
59246,7,3,3,0
59246,27,15,4,1
59247,12,7,4,0
59247,69,38,4,0
59247,39,38,4,0
59247,13,19,5,1
59247,12,9,5,0
59247,45,27,5,0
59247,12,13,5,0
59247,15,6,4,1
59247,52,29,4,0
59247,2,14,4,0
59247,41,27,4,0
59247,13,13,4,1
59247,3,6,4,0
59247,28,17,4,0
59247,9,8,4,0
59247,26,17,2,1
59248,26,21,2,0
59248,35,28,2,0
59248,19,14,2,0
59248,23,18,1,1
59248,10,9,1,0
59248,12,4,1,0
59248,37,20,1,0
59248,4,10,1,1
59248,24,17,1,0
59248,42,29,1,0
59248,25,27,1,0
59248,85,56,3,1
59248,36,46,3,0
59248,67,56,3,0
59248,68,62,3,0
59248,32,47,5,1
59249,47,47,5,0
59249,1,23,5,0
59249,7,11,5,0
59249,27,19,6,1
59249,30,24,6,0
59249,3,12,6,0
59249,41,26,6,0
59249,29,27,8,1
59249,26,26,8,0
59249,91,58,8,0
59249,40,49,8,0
59249,42,45,11,1
59249,6,22,11,0
59249,2,11,11,0
59249,14,5,11,0
59249,10,2,11,1
59250,53,27,11,0
59250,34,30,11,0
59250,12,15,11,0
59250,11,7,10,1
59250,47,27,10,0
59250,37,32,10,0
59250,17,16,10,0
59250,30,23,12,1
59250,27,25,12,0
59250,6,12,12,0
59250,3,6,12,0
59250,35,20,11,1
59250,29,24,11,0
59250,15,12,11,0
59250,30,21,11,0
59250,9,10,10,1
59251,5,5,10,0
59251,11,2,10,0
59251,56,29,10,0
59251,16,14,7,1
59251,15,7,7,0
59251,5,3,7,0
59251,0,1,7,0
59251,30,15,6,1
59251,30,22,6,0
59251,42,32,6,0
59251,20,26,6,0
59251,5,13,5,1
59251,2,6,5,0
59251,16,3,5,0
59251,41,22,5,0
59251,68,45,8,1
59252,3,22,8,0
59252,1,11,8,0
59252,2,5,8,0
59252,3,2,8,1
59252,24,13,8,0
59252,0,6,8,0
59252,71,38,8,0
59252,4,19,6,1
59252,4,9,6,0
59252,36,22,6,0
59252,0,11,6,0
59252,8,5,6,1
59252,37,21,6,0
59252,37,29,6,0
59252,40,34,6,0
59252,63,48,6,1
59253,17,24,6,0
59253,22,23,6,0
59253,4,11,6,0
59253,9,5,6,1
59253,15,2,6,0
59253,40,21,6,0
59253,8,10,6,0
59253,62,36,5,1
59253,34,35,5,0
59253,20,27,5,0
59253,79,53,5,0
59253,32,42,3,1
59253,15,21,3,0
59253,23,22,3,0
59253,51,36,3,0
59253,28,32,3,1
59254,55,43,3,0
59254,53,48,3,0
59254,3,24,3,0
59254,18,12,4,1
59254,12,6,4,0
59254,4,3,4,0
59254,47,25,4,0
59254,35,30,6,1
59254,25,27,6,0
59254,28,27,6,0
59254,27,27,6,0
59254,10,13,4,1
59254,22,17,4,0
59254,64,40,4,0
59254,34,37,4,0
59254,38,37,7,1
59255,23,30,7,0
59255,4,15,7,0
59255,1,7,7,0
59255,16,3,6,1
59255,37,20,6,0
59255,20,20,6,0
59255,45,32,6,0
59255,13,16,7,1
59255,12,8,7,0
59255,13,4,7,0
59255,62,33,7,0
59255,34,33,8,1
59255,9,16,8,0
59255,1,8,8,0
59255,17,4,8,0
59255,30,17,11,1
59256,4,8,11,0
59256,16,4,11,0
59256,5,2,11,0
59256,14,1,11,1
59256,12,0,11,0
59256,2,0,11,0
59256,14,0,11,0
59256,40,20,9,1
59256,15,10,9,0
59256,34,22,9,0
59256,57,39,9,0
59256,62,50,10,1
59256,0,25,10,0
59256,77,51,10,0
59256,29,40,10,0
59256,14,20,15,1
59257,45,32,15,0
59257,2,16,15,0
59257,4,8,15,0
59257,22,15,16,1
59257,23,19,16,0
59257,0,9,16,0
59257,32,20,16,0
59257,11,10,15,1
59257,36,23,15,0
59257,11,11,15,0
59257,0,5,15,0
59257,0,2,13,1
59257,2,1,13,0
59257,7,0,13,0
59257,3,0,13,0
59257,42,21,13,1
59258,43,32,13,0
59258,40,36,13,0
59258,39,37,13,0
59258,41,39,12,1
59258,28,33,12,0
59258,68,50,12,0
59258,36,43,12,0
59258,11,21,10,1
59258,34,27,10,0
59258,67,47,10,0
59258,13,23,10,0
59258,25,24,14,1
59258,10,12,14,0
59258,38,25,14,0
59258,34,29,14,0
59258,5,14,9,1
59259,20,17,9,0
59259,13,8,9,0
59259,17,4,9,0
59259,2,2,7,1
59259,8,1,7,0
59259,16,0,7,0
59259,9,0,7,0
59259,104,52,5,1
59259,19,26,5,0
59259,10,13,5,0
59259,39,26,5,0
59259,30,28,4,1
59259,47,37,4,0
59259,16,18,4,0
59259,35,26,4,0
59259,44,35,5,1
59260,20,27,5,0
59260,11,13,5,0
59260,9,6,5,0
59260,19,3,7,1
59260,1,1,7,0
59260,8,0,7,0
59260,41,20,7,0
59260,10,10,7,1
59260,31,20,7,0
59260,49,34,7,0
59260,42,38,7,0
59260,44,41,5,1
59260,12,20,5,0
59260,3,10,5,0
59260,19,5,5,0
59260,21,13,8,1
59261,1,6,8,0
59261,35,20,8,0
59261,82,51,8,0
59261,48,49,10,1
59261,30,39,10,0
59261,58,48,10,0
59261,28,38,10,0
59261,12,19,12,1
59261,1,9,12,0
59261,10,4,12,0
59261,8,2,12,0
59261,20,11,11,1
59261,4,5,11,0
59261,14,2,11,0
59261,7,1,11,0
59261,50,25,10,1
59262,42,33,10,0
59262,33,33,10,0
59262,30,31,10,0
59262,29,30,10,1
59262,32,31,10,0
59262,47,39,10,0
59262,79,59,10,0
59262,74,66,9,1
59262,43,54,9,0
59262,15,27,9,0
59262,6,13,9,0
59262,46,29,6,1
59262,8,14,6,0
59262,26,20,6,0
59262,9,10,6,0
59262,15,5,5,1
59263,8,2,5,0
59263,40,21,5,0
59263,3,10,5,0
59263,15,5,5,1
59263,39,22,5,0
59263,10,11,5,0
59263,42,26,5,0
59263,23,24,6,1
59263,15,12,6,0
59263,8,6,6,0
59263,7,3,6,0
59263,13,1,7,1
59263,21,11,7,0
59263,31,21,7,0
59263,40,30,7,0
59263,20,25,5,1
59264,6,12,5,0
59264,59,35,5,0
59264,31,33,5,0
59264,29,31,6,1
59264,3,15,6,0
59264,2,7,6,0
59264,42,24,6,0
59264,24,24,8,1
59264,18,12,8,0
59264,15,6,8,0
59264,56,31,8,0
59264,18,15,7,1
59264,55,35,7,0
59264,28,31,7,0
59264,31,31,7,0
59264,5,15,7,1
59265,51,33,7,0
59265,29,31,7,0
59265,18,15,7,0
59265,36,25,6,1
59265,77,51,6,0
59265,13,25,6,0
59265,44,34,6,0
59265,0,17,8,1
59265,39,28,8,0
59265,7,14,8,0
59265,35,24,8,0
59265,16,12,9,1
59265,3,6,9,0
59265,0,3,9,0
59265,29,16,9,0
59265,28,22,6,1
59266,23,22,6,0
59266,32,27,6,0
59266,4,13,6,0
59266,26,19,3,1
59266,39,29,3,0
59266,19,14,3,0
59266,37,25,3,0
59266,19,12,2,1
59266,10,6,2,0
59266,31,18,2,0
59266,14,9,2,0
59266,18,4,2,1
59266,56,30,2,0
59266,86,58,2,0
59266,12,29,2,0
59266,47,38,1,1
59267,34,36,1,0
59267,22,29,1,0
59267,10,14,1,0
59267,2,7,1,1
59267,37,22,1,0
59267,30,26,1,0
59267,51,38,1,0
59267,21,29,5,1
59267,7,14,5,0
59267,18,7,5,0
59267,9,3,5,0
59267,24,13,5,1
59267,41,27,5,0
59267,3,13,5,0
59267,0,6,5,0
59267,19,3,4,1
59268,24,13,4,0
59268,22,17,4,0
59268,5,8,4,0
59268,13,4,5,1
59268,1,2,5,0
59268,3,1,5,0
59268,29,15,5,0
59268,63,39,5,1
59268,1,19,5,0
59268,41,30,5,0
59268,44,37,5,0
59268,4,18,2,1
59268,5,9,2,0
59268,17,4,2,0
59268,47,25,2,0
59268,27,26,1,1
59269,2,13,1,0
59269,3,6,1,0
59269,8,3,1,0
59269,2,1,0,1
59269,19,0,0,0
59269,57,28,0,0
59269,54,41,0,0
59269,2,20,2,1
59269,62,41,2,0
59269,51,46,2,0
59269,8,23,2,0
59269,13,11,3,1
59269,40,25,3,0
59269,76,50,3,0
59269,45,47,3,0
59269,30,38,0,1
59270,41,39,0,0
59270,36,37,0,0
59270,29,33,0,0
59270,19,16,0,1
59270,22,19,0,0
59270,36,27,0,0
59270,28,27,0,0
59270,35,31,2,1
59270,44,37,2,0
59270,14,18,2,0
59270,6,9,2,0
59270,15,4,0,1
59270,27,15,0,0
59270,51,33,0,0
59270,9,16,0,0
59270,5,8,2,1
59271,62,35,2,0
59271,19,17,2,0
59271,33,25,2,0
59271,17,12,4,1
59271,15,6,4,0
59271,5,3,4,0
59271,14,1,4,0
59271,25,13,2,1
59271,36,24,2,0
59271,1,12,2,0
59271,6,6,2,0
59271,3,3,3,1
59271,28,15,3,0
59271,64,39,3,0
59271,15,19,3,0
59271,81,50,5,1
59272,53,51,5,0
59272,7,25,5,0
59272,25,25,5,0
59272,3,12,5,1
59272,39,25,5,0
59272,98,61,5,0
59272,78,69,5,0
59272,49,59,10,1
59272,54,56,10,0
59272,1,28,10,0
59272,12,14,10,0
59272,20,17,9,1
59272,27,22,9,0
59272,59,40,9,0
59272,34,37,9,0
59272,8,18,8,1
59273,53,35,8,0
59273,2,17,8,0
59273,14,8,8,0
59273,7,4,9,1
59273,51,27,9,0
59273,14,13,9,0
59273,49,31,9,0
59273,52,41,9,1
59273,11,20,9,0
59273,22,21,9,0
59273,0,10,9,0
59273,33,21,13,1
59273,69,45,13,0
59273,67,56,13,0
59273,18,28,13,0
59273,2,14,9,1
59274,16,7,9,0
59274,54,30,9,0
59274,17,15,9,0
59274,28,21,9,1
59274,19,10,9,0
59274,35,22,9,0
59274,38,30,9,0
59274,16,15,9,1
59274,22,18,9,0
59274,12,9,9,0
59274,14,4,9,0
59274,54,29,9,1
59274,36,32,9,0
59274,65,48,9,0
59274,7,24,9,0
59274,34,29,12,1
59275,11,14,12,0
59275,44,29,12,0
59275,22,25,12,0
59275,10,12,15,1
59275,51,31,15,0
59275,1,15,15,0
59275,34,24,15,0
59275,72,48,17,1
59275,44,46,17,0
59275,82,64,17,0
59275,7,32,17,0
59275,33,32,15,1
59275,33,32,15,0
59275,4,16,15,0
59275,6,8,15,0
59275,2,4,12,1
59276,4,2,12,0
59276,33,17,12,0
59276,28,22,12,0
59276,13,11,13,1
59276,47,29,13,0
59276,1,14,13,0
59276,31,22,13,0
59276,12,11,11,1
59276,40,25,11,0
59276,15,12,11,0
59276,25,18,11,0
59276,34,26,9,1
59276,21,23,9,0
59276,52,37,9,0
59276,34,35,9,0
59276,67,51,7,1
59277,86,68,7,0
59277,22,45,7,0
59277,55,50,7,0
59277,3,25,9,1
59277,71,48,9,0
59277,115,81,9,0
59277,40,60,9,0
59277,189,124,22,1
59277,41,82,22,0
59277,136,109,22,0
59277,117,113,22,0
59277,14,56,30,1
59277,175,115,30,0
59277,0,57,30,0
59277,141,99,30,0
59277,162,130,41,1
59278,41,85,41,0
59278,215,150,41,0
59278,21,85,41,0
59278,212,148,52,1
59278,160,154,52,0
59278,152,153,52,0
59278,209,181,52,0
59278,29,105,66,1
59278,308,206,66,0
59278,218,212,66,0
59278,210,211,66,0
59278,316,263,90,1
59278,15,131,90,0
59278,430,280,90,0
59278,241,260,90,0
59278,236,248,111,1
59279,395,321,111,0
59279,63,192,111,0
59279,438,315,111,0
59279,347,331,144,1
59279,272,301,144,0
59279,450,375,144,0
59279,47,211,144,0
59279,515,363,177,1
59279,379,371,177,0
59279,334,352,177,0
59279,616,484,177,0
59279,15,242,207,1
59279,572,407,207,0
59279,377,392,207,0
59279,356,374,207,0
59279,579,476,254,1
59280,92,284,254,0
59280,699,491,254,0
59280,448,469,254,0
59280,353,411,289,1
59280,788,599,289,0
59280,39,319,289,0
59280,771,545,289,0
59280,514,529,347,1
59280,435,482,347,0
59280,820,651,347,0
59280,3,325,347,0
59280,780,552,401,1
59280,604,578,401,0
59280,488,533,401,0
59280,951,742,401,0
59280,58,400,446,1
59281,952,676,446,0
59281,666,671,446,0
59281,574,622,446,0
59281,1044,833,524,1
59281,2,416,524,0
59281,984,700,524,0
59281,685,692,524,0
59281,573,632,567,1
59281,1136,884,567,0
59281,29,456,567,0
59281,1097,776,567,0
59281,776,776,642,1
59281,660,718,642,0
59281,1174,946,642,0
59281,0,473,642,0
59281,1124,798,709,1
59282,741,769,709,0
59282,611,690,709,0
59282,1213,951,709,0
59282,59,505,757,1
59282,1160,832,757,0
59282,761,796,757,0
59282,616,706,757,0
59282,1260,983,842,1
59282,89,536,842,0
59282,1214,875,842,0
59282,836,855,842,0
59282,658,756,879,1
59282,1310,1033,879,0
59282,83,558,879,0
59282,1231,894,879,0
59282,915,904,951,1
59283,691,797,951,0
59283,1378,1087,951,0
59283,93,590,951,0
59283,1251,920,1009,1
59283,897,908,1009,0
59283,685,796,1009,0
59283,1302,1049,1009,0
59283,145,597,1045,1
59283,1285,941,1045,0
59283,968,954,1045,0
59283,647,800,1045,0
59283,1477,1138,1126,1
59283,93,615,1126,0
59283,1311,963,1126,0
59283,930,946,1126,0
59283,657,801,1146,1
59284,1431,1116,1146,0
59284,113,614,1146,0
59284,1308,961,1146,0
59284,1009,985,1213,1
59284,728,856,1213,0
59284,1402,1129,1213,0
59284,194,661,1213,0
59284,1308,984,1248,1
59284,1061,1022,1248,0
59284,695,858,1248,0
59284,1471,1164,1248,0
59284,132,648,1272,1
59284,1300,974,1272,0
59284,1082,1028,1272,0
59284,694,861,1272,0
59284,1558,1209,1341,1
59285,70,639,1341,0
59285,1319,979,1341,0
59285,1027,1003,1341,0
59285,655,829,1328,1
59285,1431,1130,1328,0
59285,219,674,1328,0
59285,1312,993,1328,0
59285,1096,1044,1382,1
59285,732,888,1382,0
59285,1455,1171,1382,0
59285,180,675,1382,0
59285,1312,993,1393,1
59285,1131,1062,1393,0
59285,749,905,1393,0
59285,1460,1182,1393,0
59285,212,697,1396,1
59286,1328,1012,1396,0
59286,1081,1046,1396,0
59286,722,884,1396,0
59286,1415,1149,1449,1
59286,244,696,1449,0
59286,1328,1012,1449,0
59286,1059,1035,1449,0
59286,657,846,1423,1
59286,1442,1144,1423,0
59286,259,701,1423,0
59286,1311,1006,1423,0
59286,1035,1020,1465,1
59286,635,827,1465,0
59286,1490,1158,1465,0
59286,260,709,1465,0
59286,1334,1021,1464,1
59287,1130,1075,1464,0
59287,661,868,1464,0
59287,1559,1213,1464,0
59287,252,732,1459,1
59287,1396,1064,1459,0
59287,1105,1084,1459,0
59287,675,879,1459,0
59287,1511,1195,1508,1
59287,346,770,1508,0
59287,1422,1096,1508,0
59287,1121,1108,1508,0
59287,678,893,1472,1
59287,1539,1216,1472,0
59287,287,751,1472,0
59287,1390,1070,1472,0
59287,1080,1075,1516,1
59288,662,868,1516,0
59288,1517,1192,1516,0
59288,266,729,1516,0
59288,1340,1034,1508,1
59288,1078,1056,1508,0
59288,688,872,1508,0
59288,1504,1188,1508,0
59288,268,728,1498,1
59288,1355,1041,1498,0
59288,1090,1065,1498,0
59288,666,865,1498,0
59288,1505,1185,1536,1
59288,253,719,1536,0
59288,1363,1041,1536,0
59288,1045,1043,1536,0
59288,652,847,1490,1
59289,1542,1194,1490,0
59289,260,727,1490,0
59289,1344,1035,1490,0
59289,1057,1046,1531,1
59289,646,846,1531,0
59289,1547,1196,1531,0
59289,262,729,1531,0
59289,1319,1024,1519,1
59289,1088,1056,1519,0
59289,663,859,1519,0
59289,1501,1180,1519,0
59289,273,726,1508,1
59289,1293,1009,1508,0
59289,1092,1050,1508,0
59289,619,834,1508,0
59289,1447,1140,1540,1
59290,266,703,1540,0
59290,1294,998,1540,0
59290,1118,1058,1540,0
59290,631,844,1496,1
59290,1468,1156,1496,0
59290,280,718,1496,0
59290,1277,997,1496,0
59290,1081,1039,1532,1
59290,617,828,1532,0
59290,1457,1142,1532,0
59290,302,722,1532,0
59290,1284,1003,1517,1
59290,1063,1033,1517,0
59290,591,812,1517,0
59290,1469,1140,1517,0
59290,349,744,1503,1
59291,1208,976,1503,0
59291,1118,1047,1503,0
59291,501,774,1503,0
59291,1513,1143,1531,1
59291,345,744,1531,0
59291,1241,992,1531,0
59291,1163,1077,1531,0
59291,578,827,1482,1
59291,1419,1123,1482,0
59291,385,754,1482,0
59291,1236,995,1482,0
59291,1126,1060,1512,1
59291,522,791,1512,0
59291,1436,1113,1512,0
59291,373,743,1512,0
59291,1207,975,1487,1
59292,1111,1043,1487,0
59292,506,774,1487,0
59292,1441,1107,1487,0
59292,384,745,1472,1
59292,1237,991,1472,0
59292,1150,1070,1472,0
59292,503,786,1472,0
59292,1397,1091,1500,1
59292,418,754,1500,0
59292,1185,969,1500,0
59292,1185,1077,1500,0
59292,531,804,1452,1
59292,1436,1120,1452,0
59292,428,774,1452,0
59292,1229,1001,1452,0
59292,1203,1102,1490,1
59293,418,760,1490,0
59293,1494,1127,1490,0
59293,448,787,1490,0
59293,1192,989,1466,1
59293,1190,1089,1466,0
59293,446,767,1466,0
59293,1482,1124,1466,0
59293,440,782,1456,1
59293,1183,982,1456,0
59293,1213,1097,1456,0
59293,399,748,1456,0
59293,1526,1137,1486,1
59293,487,812,1486,0
59293,1194,1003,1486,0
59293,1286,1144,1486,0
59293,432,788,1445,1
59294,1541,1164,1445,0
59294,464,814,1445,0
59294,1214,1014,1445,0
59294,1209,1111,1488,1
59294,430,770,1488,0
59294,1578,1174,1488,0
59294,475,824,1488,0
59294,1224,1024,1470,1
59294,1276,1150,1470,0
59294,416,783,1470,0
59294,1521,1152,1470,0
59294,516,834,1470,1
59294,1238,1036,1470,0
59294,1300,1168,1470,0
59294,484,826,1470,0
59294,1517,1171,1505,1
59295,419,795,1505,0
59295,1207,1001,1505,0
59295,1259,1130,1505,0
59295,455,792,1465,1
59295,1556,1174,1465,0
59295,485,829,1465,0
59295,1313,1071,1465,0
59295,1245,1158,1513,1
59295,435,796,1513,0
59295,1656,1226,1513,0
59295,417,821,1513,0
59295,1377,1099,1500,1
59295,1223,1161,1500,0
59295,455,808,1500,0
59295,1613,1210,1500,0
59295,391,800,1505,1
59296,1284,1042,1505,0
59296,1235,1138,1505,0
59296,478,808,1505,0
59296,1607,1207,1542,1
59296,437,822,1542,0
59296,1262,1042,1542,0
59296,1313,1177,1542,0
59296,561,869,1508,1
59296,1537,1203,1508,0
59296,419,811,1508,0
59296,1311,1061,1508,0
59296,1202,1131,1554,1
59296,490,810,1554,0
59296,1557,1183,1554,0
59296,428,805,1554,0
59296,1311,1058,1535,1
59297,1243,1150,1535,0
59297,494,822,1535,0
59297,1554,1188,1535,0
59297,478,833,1539,1
59297,1317,1075,1539,0
59297,1213,1144,1539,0
59297,591,867,1539,0
59297,1548,1207,1572,1
59297,406,806,1572,0
59297,1294,1050,1572,0
59297,1296,1173,1572,0
59297,587,880,1535,1
59297,1592,1236,1535,0
59297,448,842,1535,0
59297,1289,1065,1535,0
59297,1238,1151,1581,1
59298,498,824,1581,0
59298,1658,1241,1581,0
59298,371,806,1581,0
59298,1281,1043,1561,1
59298,1242,1142,1561,0
59298,547,844,1561,0
59298,1618,1231,1561,0
59298,421,826,1562,1
59298,1301,1063,1562,0
59298,1265,1164,1562,0
59298,525,844,1562,0
59298,1628,1236,1595,1
59298,381,808,1595,0
59298,1292,1050,1595,0
59298,1277,1163,1595,0
59298,516,839,1552,1
59299,1644,1241,1552,0
59299,440,840,1552,0
59299,1345,1092,1552,0
59299,1293,1192,1603,1
59299,579,885,1603,0
59299,1619,1252,1603,0
59299,458,855,1603,0
59299,1360,1107,1582,1
59299,1201,1154,1582,0
59299,525,839,1582,0
59299,1545,1192,1582,0
59299,480,836,1574,1
59299,1336,1086,1574,0
59299,1218,1152,1574,0
59299,480,816,1574,0
59299,1571,1193,1604,1
59300,491,842,1604,0
59300,1229,1035,1604,0
59300,1269,1152,1604,0
59300,486,819,1557,1
59300,1566,1192,1557,0
59300,470,831,1557,0
59300,1226,1028,1557,0
59300,1357,1192,1601,1
59300,485,838,1601,0
59300,1627,1232,1601,0
59300,522,877,1601,0
59300,1210,1043,1577,1
59300,1400,1221,1577,0
59300,444,832,1577,0
59300,1640,1236,1577,0
59300,594,915,1582,1
59301,1257,1086,1582,0
59301,1371,1228,1582,0
59301,408,818,1582,0
59301,1633,1225,1615,1
59301,612,918,1615,0
59301,1256,1087,1615,0
59301,1403,1245,1615,0
59301,367,806,1573,1
59301,1654,1230,1573,0
59301,665,947,1573,0
59301,1235,1091,1573,0
59301,1470,1280,1624,1
59301,338,809,1624,0
59301,1695,1252,1624,0
59301,647,949,1624,0
59301,1251,1100,1600,1
59302,1435,1267,1600,0
59302,287,777,1600,0
59302,1645,1211,1600,0
59302,613,912,1605,1
59302,1161,1036,1605,0
59302,1401,1218,1605,0
59302,237,727,1605,0
59302,1693,1210,1633,1
59302,646,928,1633,0
59302,1217,1072,1633,0
59302,1426,1249,1633,0
59302,264,756,1589,1
59302,1674,1215,1589,0
59302,688,951,1589,0
59302,1233,1092,1589,0
59302,1492,1292,1645,1
59303,310,801,1645,0
59303,1661,1231,1645,0
59303,692,961,1645,0
59303,1169,1065,1612,1
59303,1469,1267,1612,0
59303,249,758,1612,0
59303,1666,1212,1612,0
59303,705,958,1621,1
59303,1178,1068,1621,0
59303,1504,1286,1621,0
59303,267,776,1621,0
59303,1653,1214,1652,1
59303,669,941,1652,0
59303,1178,1059,1652,0
59303,1529,1294,1652,0
59303,312,803,1615,1
59304,1675,1239,1615,0
59304,732,985,1615,0
59304,1240,1112,1615,0
59304,1488,1300,1673,1
59304,304,802,1673,0
59304,1642,1222,1673,0
59304,703,962,1673,0
59304,1215,1088,1643,1
59304,1508,1298,1643,0
59304,290,794,1643,0
59304,1670,1232,1643,0
59304,720,976,1659,1
59304,1184,1080,1659,0
59304,1482,1281,1659,0
59304,267,774,1659,0
59304,1641,1207,1680,1
59305,716,961,1680,0
59305,1221,1091,1680,0
59305,1464,1277,1680,0
59305,287,782,1639,1
59305,1657,1219,1639,0
59305,700,959,1639,0
59305,1184,1071,1639,0
59305,1496,1283,1691,1
59305,324,803,1691,0
59305,1670,1236,1691,0
59305,690,963,1691,0
59305,1220,1091,1653,1
59305,1417,1254,1653,0
59305,303,778,1653,0
59305,1673,1225,1653,0
59305,764,994,1664,1
59306,1277,1135,1664,0
59306,1409,1272,1664,0
59306,277,774,1664,0
59306,1692,1233,1685,1
59306,699,966,1685,0
59306,1242,1104,1685,0
59306,1477,1290,1685,0
59306,355,822,1647,1
59306,1675,1248,1647,0
59306,693,970,1647,0
59306,1196,1083,1647,0
59306,1460,1271,1698,1
59306,261,766,1698,0
59306,1751,1258,1698,0
59306,709,983,1698,0
59306,1208,1095,1661,1
59307,1498,1296,1661,0
59307,348,822,1661,0
59307,1629,1225,1661,0
59307,693,959,1675,1
59307,1215,1087,1675,0
59307,1414,1250,1675,0
59307,267,758,1675,0
59307,1741,1249,1694,1
59307,676,962,1694,0
59307,1284,1123,1694,0
59307,1419,1271,1694,0
59307,311,791,1652,1
59307,1682,1236,1652,0
59307,699,967,1652,0
59307,1224,1095,1652,0
59307,1439,1267,1701,1
59308,340,803,1701,0
59308,1776,1289,1701,0
59308,664,976,1701,0
59308,1287,1131,1666,1
59308,1423,1277,1666,0
59308,380,828,1666,0
59308,1685,1256,1666,0
59308,694,975,1679,1
59308,1253,1114,1679,0
59308,1453,1283,1679,0
59308,361,822,1679,0
59308,1724,1273,1699,1
59308,690,981,1699,0
59308,1343,1162,1699,0
59308,1398,1280,1699,0
59308,370,825,1659,1
59309,1733,1279,1659,0
59309,673,976,1659,0
59309,1338,1157,1659,0
59309,1468,1312,1713,1
59309,446,879,1713,0
59309,1736,1307,1713,0
59309,610,958,1713,0
59309,1261,1109,1678,1
59309,1451,1280,1678,0
59309,375,827,1678,0
59309,1685,1256,1678,0
59309,687,971,1690,1
59309,1295,1133,1690,0
59309,1466,1299,1690,0
59309,415,857,1690,0
59309,1709,1283,1714,1
59310,640,961,1714,0
59310,1250,1105,1714,0
59310,1489,1297,1714,0
59310,406,851,1671,1
59310,1747,1299,1671,0
59310,608,953,1671,0
59310,1333,1143,1671,0
59310,1441,1292,1723,1
59310,438,865,1723,0
59310,1742,1303,1723,0
59310,596,949,1723,0
59310,1328,1138,1691,1
59310,1440,1289,1691,0
59310,409,849,1691,0
59310,1720,1284,1691,0
59310,623,953,1701,1
59311,1321,1137,1701,0
59311,1498,1317,1701,0
59311,401,859,1701,0
59311,1751,1305,1727,1
59311,590,947,1727,0
59311,1337,1142,1727,0
59311,1416,1279,1727,0
59311,509,894,1685,1
59311,1672,1283,1685,0
59311,616,949,1685,0
59311,1355,1152,1685,0
59311,1461,1306,1737,1
59311,528,917,1737,0
59311,1663,1290,1737,0
59311,603,946,1737,0
59311,1300,1123,1703,1
59312,1451,1287,1703,0
59312,530,908,1703,0
59312,1606,1257,1703,0
59312,580,918,1706,1
59312,1321,1119,1706,0
59312,1390,1254,1706,0
59312,509,881,1706,0
59312,1672,1276,1729,1
59312,538,907,1729,0
59312,1368,1137,1729,0
59312,1338,1237,1729,0
59312,474,855,1682,1
59312,1660,1257,1682,0
59312,528,892,1682,0
59312,1395,1143,1682,0
59312,1412,1277,1731,1
59313,626,951,1731,0
59313,1636,1293,1731,0
59313,526,909,1731,0
59313,1355,1132,1693,1
59313,1363,1247,1693,0
59313,527,887,1693,0
59313,1676,1281,1693,0
59313,558,919,1696,1
59313,1395,1157,1696,0
59313,1309,1233,1696,0
59313,533,883,1696,0
59313,1671,1277,1720,1
59313,461,869,1720,0
59313,1361,1115,1720,0
59313,1340,1227,1720,0
59313,562,894,1671,1
59314,1638,1266,1671,0
59314,494,880,1671,0
59314,1379,1129,1671,0
59314,1343,1236,1717,1
59314,584,910,1717,0
59314,1666,1288,1717,0
59314,457,872,1717,0
59314,1378,1125,1682,1
59314,1391,1258,1682,0
59314,628,943,1682,0
59314,1654,1298,1682,0
59314,454,876,1682,1
59314,1341,1108,1682,0
59314,1289,1198,1682,0
59314,666,932,1682,0
59314,1581,1256,1704,1
59315,456,856,1704,0
59315,1357,1106,1704,0
59315,1327,1216,1704,0
59315,584,900,1652,1
59315,1598,1249,1652,0
59315,480,864,1652,0
59315,1405,1134,1652,0
59315,1312,1223,1695,1
59315,597,910,1695,0
59315,1668,1289,1695,0
59315,419,854,1695,0
59315,1379,1116,1663,1
59315,1316,1216,1663,0
59315,606,911,1663,0
59315,1699,1305,1663,0
59315,408,856,1663,1
59316,1401,1128,1663,0
59316,1281,1204,1663,0
59316,600,902,1663,0
59316,1697,1299,1693,1
59316,408,853,1693,0
59316,1434,1143,1693,0
59316,1318,1230,1693,0
59316,638,934,1647,1
59316,1673,1303,1647,0
59316,450,876,1647,0
59316,1397,1136,1647,0
59316,1281,1208,1692,1
59316,587,897,1692,0
59316,1660,1278,1692,0
59316,401,839,1692,0
59316,1393,1116,1663,1
59317,1253,1184,1663,0
59317,610,897,1663,0
59317,1609,1253,1663,0
59317,412,832,1657,1
59317,1379,1105,1657,0
59317,1244,1174,1657,0
59317,595,884,1657,0
59317,1575,1229,1682,1
59317,417,823,1682,0
59317,1354,1088,1682,0
59317,1283,1185,1682,0
59317,569,877,1632,1
59317,1678,1277,1632,0
59317,366,821,1632,0
59317,1367,1094,1632,0
59317,1278,1186,1676,1
59318,592,889,1676,0
59318,1617,1253,1676,0
59318,397,825,1676,0
59318,1324,1074,1648,1
59318,1228,1151,1648,0
59318,537,844,1648,0
59318,1571,1207,1648,0
59318,377,792,1637,1
59318,1294,1043,1637,0
59318,1210,1126,1637,0
59318,558,842,1637,0
59318,1567,1204,1659,1
59318,399,801,1659,0
59318,1304,1052,1659,0
59318,1201,1126,1659,0
59318,584,855,1609,1
59319,1486,1170,1609,0
59319,386,778,1609,0
59319,1242,1010,1609,0
59319,1208,1109,1643,1
59319,562,835,1643,0
59319,1507,1171,1643,0
59319,379,775,1643,0
59319,1285,1030,1611,1
59319,1263,1146,1611,0
59319,581,863,1611,0
59319,1544,1203,1611,0
59319,381,792,1601,1
59319,1267,1029,1601,0
59319,1205,1117,1601,0
59319,503,810,1601,0
59319,1517,1163,1621,1
59320,389,776,1621,0
59320,1249,1012,1621,0
59320,1205,1108,1621,0
59320,483,795,1564,1
59320,1565,1180,1564,0
59320,406,793,1564,0
59320,1273,1033,1564,0
59320,1184,1108,1598,1
59320,508,808,1598,0
59320,1530,1169,1598,0
59320,406,787,1598,0
59320,1220,1003,1563,1
59320,1254,1128,1563,0
59320,543,835,1563,0
59320,1532,1183,1563,0
59320,388,785,1553,1
59321,1254,1019,1553,0
59321,1202,1110,1553,0
59321,521,815,1553,0
59321,1459,1137,1575,1
59321,488,812,1575,0
59321,1233,1022,1575,0
59321,1276,1149,1575,0
59321,492,820,1526,1
59321,1532,1176,1526,0
59321,412,794,1526,0
59321,1254,1024,1526,0
59321,1244,1134,1564,1
59321,525,829,1564,0
59321,1497,1163,1564,0
59321,438,800,1564,0
59321,1299,1049,1532,1
59322,1193,1121,1532,0
59322,528,824,1532,0
59322,1534,1179,1532,0
59322,414,796,1523,1
59322,1295,1045,1523,0
59322,1183,1114,1523,0
59322,437,775,1523,0
59322,1552,1163,1551,1
59322,396,779,1551,0
59322,1229,1004,1551,0
59322,1183,1093,1551,0
59322,492,792,1502,1
59322,1477,1134,1502,0
59322,421,777,1502,0
59322,1235,1006,1502,0
59322,1212,1109,1541,1
59323,473,791,1541,0
59323,1541,1166,1541,0
59323,404,785,1541,0
59323,1227,1006,1518,1
59323,1240,1123,1518,0
59323,493,808,1518,0
59323,1563,1185,1518,0
59323,365,775,1516,1
59323,1272,1023,1516,0
59323,1183,1103,1516,0
59323,540,821,1516,0
59323,1469,1145,1541,1
59323,444,794,1541,0
59323,1188,991,1541,0
59323,1240,1115,1541,0
59323,436,775,1495,1
59324,1525,1150,1495,0
59324,431,790,1495,0
59324,1286,1038,1495,0
59324,1148,1093,1538,1
59324,456,774,1538,0
59324,1516,1145,1538,0
59324,460,802,1538,0
59324,1234,1018,1511,1
59324,1168,1093,1511,0
59324,464,778,1511,0
59324,1489,1133,1511,0
59324,391,762,1507,1
59324,1257,1009,1507,0
59324,1148,1078,1507,0
59324,496,787,1507,0
59324,1393,1090,1528,1
59325,457,773,1528,0
59325,1171,972,1528,0
59325,1193,1082,1528,0
59325,506,794,1484,1
59325,1434,1114,1484,0
59325,437,775,1484,0
59325,1163,969,1484,0
59325,1205,1087,1520,1
59325,403,745,1520,0
59325,1444,1094,1520,0
59325,506,800,1520,0
59325,1144,972,1488,1
59325,1241,1106,1488,0
59325,429,767,1488,0
59325,1442,1104,1488,0
59325,463,783,1484,1
59326,1145,964,1484,0
59326,1223,1093,1484,0
59326,445,769,1484,0
59326,1387,1078,1504,1
59326,487,782,1504,0
59326,1103,942,1504,0
59326,1158,1050,1504,0
59326,399,724,1454,1
59326,1393,1058,1454,0
59326,476,767,1454,0
59326,1069,918,1454,0
59326,1200,1059,1490,1
59326,335,697,1490,0
59326,1469,1083,1490,0
59326,465,774,1490,0
59326,1091,932,1459,1
59327,1202,1067,1459,0
59327,311,689,1459,0
59327,1444,1066,1459,0
59327,504,785,1455,1
59327,1059,922,1455,0
59327,1160,1041,1455,0
59327,306,673,1455,0
59327,1411,1042,1470,1
59327,451,746,1470,0
59327,1038,892,1470,0
59327,1222,1057,1470,0
59327,337,697,1422,1
59327,1391,1044,1422,0
59327,506,775,1422,0
59327,1057,916,1422,0
59327,1191,1053,1457,1
59328,346,699,1457,0
59328,1374,1036,1457,0
59328,490,763,1457,0
59328,1070,916,1421,1
59328,1195,1055,1421,0
59328,306,680,1421,0
59328,1425,1052,1421,0
59328,581,816,1419,1
59328,1105,960,1419,0
59328,1255,1107,1419,0
59328,350,728,1419,0
59328,1454,1091,1442,1
59328,557,824,1442,0
59328,1105,964,1442,0
59328,1264,1114,1442,0
59328,311,712,1402,1
59329,1429,1070,1402,0
59329,485,777,1402,0
59329,1043,910,1402,0
59329,1225,1067,1441,1
59329,310,688,1441,0
59329,1457,1072,1441,0
59329,525,798,1441,0
59329,1087,942,1412,1
59329,1182,1062,1412,0
59329,325,693,1412,0
59329,1352,1022,1412,0
59329,567,794,1413,1
59329,1113,953,1413,0
59329,1228,1090,1413,0
59329,399,744,1413,0
59329,1363,1053,1431,1
59330,518,785,1431,0
59330,1055,920,1431,0
59330,1242,1081,1431,0
59330,380,730,1391,1
59330,1394,1062,1391,0
59330,558,810,1391,0
59330,1076,943,1391,0
59330,1218,1080,1434,1
59330,316,698,1434,0
59330,1426,1062,1434,0
59330,519,790,1434,0
59330,1118,954,1407,1
59330,1196,1075,1407,0
59330,355,715,1407,0
59330,1420,1067,1407,0
59330,505,786,1412,1
59331,1040,913,1412,0
59331,1187,1050,1412,0
59331,314,682,1412,0
59331,1367,1024,1428,1
59331,500,762,1428,0
59331,1026,894,1428,0
59331,1274,1084,1428,0
59331,411,747,1393,1
59331,1358,1052,1393,0
59331,537,794,1393,0
59331,1074,934,1393,0
59331,1239,1086,1435,1
59331,347,716,1435,0
59331,1376,1046,1435,0
59331,540,793,1435,0
59331,1064,928,1406,1
59332,1238,1083,1406,0
59332,364,723,1406,0
59332,1357,1040,1406,0
59332,528,784,1414,1
59332,1032,908,1414,0
59332,1244,1076,1414,0
59332,362,719,1414,0
59332,1363,1041,1431,1
59332,547,794,1431,0
59332,1102,948,1431,0
59332,1171,1059,1431,0
59332,314,686,1389,1
59332,1349,1017,1389,0
59332,548,782,1389,0
59332,1057,919,1389,0
59332,1160,1039,1425,1
59333,279,659,1425,0
59333,1368,1013,1425,0
59333,575,794,1425,0
59333,1049,921,1394,1
59333,1212,1066,1394,0
59333,313,689,1394,0
59333,1313,1001,1394,0
59333,548,774,1396,1
59333,978,876,1396,0
59333,1153,1014,1396,0
59333,287,650,1396,0
59333,1405,1027,1413,1
59333,531,779,1413,0
59333,1044,911,1413,0
59333,1185,1048,1413,0
59333,302,675,1374,1
59334,1387,1031,1374,0
59334,539,785,1374,0
59334,1024,904,1374,0
59334,1226,1065,1413,1
59334,318,691,1413,0
59334,1439,1065,1413,0
59334,530,797,1413,0
59334,1070,933,1384,1
59334,1242,1087,1384,0
59334,369,728,1384,0
59334,1380,1054,1384,0
59334,517,785,1390,1
59334,1036,910,1390,0
59334,1201,1055,1390,0
59334,338,696,1390,0
59334,1331,1013,1405,1
59335,502,757,1405,0
59335,986,871,1405,0
59335,1178,1024,1405,0
59335,292,658,1367,1
59335,1335,996,1367,0
59335,585,790,1367,0
59335,1005,897,1367,0
59335,1229,1063,1405,1
59335,241,652,1405,0
59335,1400,1026,1405,0
59335,560,793,1405,0
59335,1065,929,1375,1
59335,1200,1064,1375,0
59335,271,667,1375,0
59335,1409,1038,1375,0
59335,546,792,1383,1
59336,1030,911,1383,0
59336,1264,1087,1383,0
59336,286,686,1383,0
59336,1405,1045,1402,1
59336,603,824,1402,0
59336,1019,921,1402,0
59336,1244,1082,1402,0
59336,221,651,1366,1
59336,1394,1022,1366,0
59336,627,824,1366,0
59336,1122,973,1366,0
59336,1234,1103,1410,1
59336,312,707,1410,0
59336,1389,1048,1410,0
59336,627,837,1410,0
59336,1104,970,1384,1
59337,1266,1118,1384,0
59337,304,711,1384,0
59337,1467,1089,1384,0
59337,502,795,1397,1
59337,1069,932,1397,0
59337,1234,1083,1397,0
59337,290,686,1397,0
59337,1421,1053,1418,1
59337,560,806,1418,0
59337,1075,940,1418,0
59337,1275,1107,1418,0
59337,296,701,1387,1
59337,1443,1072,1387,0
59337,517,794,1387,0
59337,1022,908,1387,0
59337,1275,1091,1432,1
59338,333,712,1432,0
59338,1419,1065,1432,0
59338,586,825,1432,0
59338,1085,955,1404,1
59338,1280,1117,1404,0
59338,307,712,1404,0
59338,1480,1096,1404,0
59338,544,820,1415,1
59338,1090,955,1415,0
59338,1272,1113,1415,0
59338,369,741,1415,0
59338,1420,1080,1436,1
59338,538,809,1436,0
59338,1096,952,1436,0
59338,1255,1103,1436,0
59338,323,713,1404,1
59339,1429,1071,1404,0
59339,562,816,1404,0
59339,1090,953,1404,0
59339,1275,1114,1452,1
59339,325,719,1452,0
59339,1529,1124,1452,0
59339,546,835,1452,0
59339,1144,989,1430,1
59339,1251,1120,1430,0
59339,299,709,1430,0
59339,1491,1100,1430,0
59339,586,843,1443,1
59339,1173,1008,1443,0
59339,1263,1135,1443,0
59339,313,724,1443,0
59339,1535,1129,1469,1
59340,575,852,1469,0
59340,1159,1005,1469,0
59340,1295,1150,1469,0
59340,378,764,1437,1
59340,1500,1132,1437,0
59340,467,799,1437,0
59340,1078,938,1437,0
59340,1342,1140,1484,1
59340,416,778,1484,0
59340,1473,1125,1484,0
59340,492,808,1484,0
59340,1194,1001,1457,1
59340,1241,1121,1457,0
59340,398,759,1457,0
59340,1508,1133,1457,0
59340,546,839,1467,1
59341,1240,1039,1467,0
59341,1222,1130,1467,0
59341,376,753,1467,0
59341,1559,1156,1493,1
59341,528,842,1493,0
59341,1204,1023,1493,0
59341,1275,1149,1493,0
59341,417,783,1460,1
59341,1566,1174,1460,0
59341,480,827,1460,0
59341,1151,989,1460,0
59341,1283,1136,1508,1
59341,368,752,1508,0
59341,1562,1157,1508,0
59341,506,831,1508,0
59341,1200,1015,1485,1
59342,1341,1178,1485,0
59342,456,817,1485,0
59342,1590,1203,1485,0
59342,538,870,1500,1
59342,1216,1043,1500,0
59342,1371,1207,1500,0
59342,454,830,1500,0
59342,1550,1190,1529,1
59342,515,852,1529,0
59342,1241,1046,1529,0
59342,1312,1179,1529,0
59342,409,794,1495,1
59342,1607,1200,1495,0
59342,512,856,1495,0
59342,1297,1076,1495,0
59342,1293,1184,1548,1
59343,467,825,1548,0
59343,1573,1199,1548,0
59343,464,831,1548,0
59343,1279,1055,1527,1
59343,1184,1119,1527,0
59343,405,762,1527,0
59343,1632,1197,1527,0
59343,497,847,1533,1
59343,1325,1086,1533,0
59343,1339,1212,1533,0
59343,511,861,1533,0
59343,1583,1222,1566,1
59343,479,850,1566,0
59343,1252,1051,1566,0
59343,1290,1170,1566,0
59343,434,802,1527,1
59344,1640,1221,1527,0
59344,432,826,1527,0
59344,1337,1081,1527,0
59344,1307,1194,1578,1
59344,513,853,1578,0
59344,1622,1237,1578,0
59344,431,834,1578,0
59344,1320,1077,1558,1
59344,1297,1187,1558,0
59344,514,850,1558,0
59344,1619,1234,1558,0
59344,426,830,1566,1
59344,1346,1088,1566,0
59344,1269,1178,1566,0
59344,546,862,1566,0
59344,1561,1211,1598,1
59345,448,829,1598,0
59345,1323,1076,1598,0
59345,1262,1169,1598,0
59345,573,871,1558,1
59345,1528,1199,1558,0
59345,464,831,1558,0
59345,1301,1066,1558,0
59345,1305,1185,1605,1
59345,487,836,1605,0
59345,1616,1226,1605,0
59345,361,793,1605,0
59345,1259,1026,1580,1
59345,1294,1160,1580,0
59345,511,835,1580,0
59345,1604,1219,1580,0
59345,416,817,1584,1
59346,1298,1057,1584,0
59346,1213,1135,1584,0
59346,481,808,1584,0
59346,1584,1196,1609,1
59346,421,808,1609,0
59346,1308,1058,1609,0
59346,1256,1157,1609,0
59346,584,870,1565,1
59346,1528,1199,1565,0
59346,435,817,1565,0
59346,1320,1068,1565,0
59346,1224,1146,1608,1
59346,508,827,1608,0
59346,1589,1208,1608,0
59346,441,824,1608,0
59346,1330,1077,1581,1
59347,1303,1190,1581,0
59347,605,897,1581,0
59347,1516,1206,1581,0
59347,464,835,1580,1
59347,1342,1088,1580,0
59347,1246,1167,1580,0
59347,553,860,1580,0
59347,1527,1193,1610,1
59347,403,798,1610,0
59347,1303,1050,1610,0
59347,1262,1156,1610,0
59347,562,859,1562,1
59347,1531,1195,1562,0
59347,392,793,1562,0
59347,1284,1038,1562,0
59347,1226,1132,1604,1
59348,548,840,1604,0
59348,1525,1182,1604,0
59348,399,790,1604,0
59348,1264,1027,1572,1
59348,1224,1125,1572,0
59348,444,784,1572,0
59348,1623,1203,1572,0
59348,378,790,1566,1
59348,1313,1051,1566,0
59348,1250,1150,1566,0
59348,505,827,1566,0
59348,1614,1220,1595,1
59348,385,802,1595,0
59348,1281,1041,1595,0
59348,1310,1175,1595,0
59348,526,850,1549,1
59349,1602,1226,1549,0
59349,420,823,1549,0
59349,1297,1060,1549,0
59349,1249,1154,1592,1
59349,544,849,1592,0
59349,1560,1204,1592,0
59349,459,831,1592,0
59349,1354,1092,1568,1
59349,1225,1158,1568,0
59349,542,850,1568,0
59349,1576,1213,1568,0
59349,392,802,1565,1
59349,1306,1054,1565,0
59349,1254,1154,1565,0
59349,594,874,1565,0
59349,1585,1229,1594,1
59350,431,830,1594,0
59350,1356,1093,1594,0
59350,1254,1173,1594,0
59350,544,858,1552,1
59350,1585,1221,1552,0
59350,426,823,1552,0
59350,1336,1079,1552,0
59350,1281,1180,1596,1
59350,641,910,1596,0
59350,1514,1212,1596,0
59350,461,836,1596,0
59350,1352,1094,1574,1
59350,1226,1160,1574,0
59350,565,862,1574,0
59350,1641,1251,1574,0
59350,457,854,1572,1
59351,1400,1127,1572,0
59351,1223,1175,1572,0
59351,554,864,1572,0
59351,1629,1246,1605,1
59351,417,831,1605,0
59351,1296,1063,1605,0
59351,1316,1189,1605,0
59351,586,887,1562,1
59351,1613,1250,1562,0
59351,434,842,1562,0
59351,1357,1099,1562,0
59351,1279,1189,1608,1
59351,578,883,1608,0
59351,1547,1215,1608,0
59351,454,834,1608,0
59351,1331,1082,1587,1
59352,1265,1173,1587,0
59352,594,883,1587,0
59352,1659,1271,1587,0
59352,411,841,1590,1
59352,1351,1096,1590,0
59352,1294,1195,1590,0
59352,613,904,1590,0
59352,1628,1266,1625,1
59352,428,847,1625,0
59352,1369,1108,1625,0
59352,1293,1200,1625,0
59352,625,912,1582,1
59352,1624,1268,1582,0
59352,385,826,1582,0
59352,1310,1068,1582,0
59352,1310,1189,1628,1
59353,576,882,1628,0
59353,1670,1276,1628,0
59353,418,847,1628,0
59353,1308,1077,1606,1
59353,1339,1208,1606,0
59353,589,898,1606,0
59353,1621,1259,1606,0
59353,415,837,1606,1
59353,1347,1092,1606,0
59353,1282,1187,1606,0
59353,610,898,1606,0
59353,1634,1266,1642,1
59353,416,841,1642,0
59353,1355,1098,1642,0
59353,1295,1196,1642,0
59353,622,909,1598,1
59354,1634,1271,1598,0
59354,392,831,1598,0
59354,1369,1100,1598,0
59354,1289,1194,1644,1
59354,553,873,1644,0
59354,1663,1268,1644,0
59354,491,879,1644,0
59354,1431,1155,1624,1
59354,1244,1199,1624,0
59354,558,878,1624,0
59354,1647,1262,1624,0
59354,448,855,1622,1
59354,1375,1115,1622,0
59354,1337,1226,1622,0
59354,648,937,1622,0
59354,1591,1264,1657,1
59355,422,843,1657,0
59355,1330,1086,1657,0
59355,1307,1196,1657,0
59355,503,849,1609,1
59355,1701,1275,1609,0
59355,453,864,1609,0
59355,1344,1104,1609,0
59355,1380,1242,1659,1
59355,534,888,1659,0
59355,1699,1293,1659,0
59355,436,864,1659,0
59355,1392,1128,1637,1
59355,1297,1212,1637,0
59355,595,903,1637,0
59355,1647,1275,1637,0
59355,467,871,1637,1
59356,1376,1123,1637,0
59356,1271,1197,1637,0
59356,533,865,1637,0
59356,1639,1252,1669,1
59356,450,851,1669,0
59356,1323,1087,1669,0
59356,1334,1210,1669,0
59356,557,883,1621,1
59356,1662,1272,1621,0
59356,483,877,1621,0
59356,1403,1140,1621,0
59356,1340,1240,1669,1
59356,574,907,1669,0
59356,1650,1278,1669,0
59356,493,885,1669,0
59356,1383,1134,1647,1
59357,1306,1220,1647,0
59357,532,876,1647,0
59357,1634,1255,1647,0
59357,473,864,1644,1
59357,1387,1125,1644,0
59357,1272,1198,1644,0
59357,512,855,1644,0
59357,1627,1241,1674,1
59357,495,868,1674,0
59357,1356,1112,1674,0
59357,1326,1219,1674,0
59357,518,868,1627,1
59357,1688,1278,1627,0
59357,514,896,1627,0
59357,1354,1125,1627,0
59357,1338,1231,1675,1
59358,520,875,1675,0
59358,1665,1270,1675,0
59358,476,873,1675,0
59358,1314,1093,1649,1
59358,1359,1226,1649,0
59358,505,865,1649,0
59358,1704,1284,1649,0
59358,503,893,1647,1
59358,1381,1137,1647,0
59358,1328,1232,1647,0
59358,483,857,1647,0
59358,1730,1293,1682,1
59358,478,885,1682,0
59358,1297,1091,1682,0
59358,1384,1237,1682,0
59358,473,855,1634,1
59359,1697,1276,1634,0
59359,545,910,1634,0
59359,1338,1124,1634,0
59359,1359,1241,1685,1
59359,473,857,1685,0
59359,1707,1282,1685,0
59359,495,888,1685,0
59359,1361,1124,1656,1
59359,1328,1226,1656,0
59359,513,869,1656,0
59359,1676,1272,1656,0
59359,488,880,1653,1
59359,1335,1107,1653,0
59359,1385,1246,1653,0
59359,495,870,1653,0
59359,1700,1285,1686,1
59360,545,915,1686,0
59360,1375,1145,1686,0
59360,1340,1242,1686,0
59360,455,848,1641,1
59360,1699,1273,1641,0
59360,523,898,1641,0
59360,1386,1142,1641,0
59360,1321,1231,1690,1
59360,499,865,1690,0
59360,1690,1277,1690,0
59360,575,926,1690,0
59360,1410,1168,1663,1
59360,1312,1240,1663,0
59360,462,851,1663,0
59360,1713,1282,1663,0
59360,521,901,1663,1
59361,1360,1130,1663,0
59361,1385,1257,1663,0
59361,530,893,1663,0
59361,1652,1272,1695,1
59361,525,898,1695,0
59361,1366,1132,1695,0
59361,1400,1266,1695,0
59361,489,877,1651,1
59361,1650,1263,1651,0
59361,547,905,1651,0
59361,1352,1128,1651,0
59361,1368,1248,1700,1
59361,498,873,1700,0
59361,1747,1310,1700,0
59361,460,885,1700,0
59361,1351,1118,1672,1
59362,1329,1223,1672,0
59362,428,825,1672,0
59362,1749,1287,1672,0
59362,498,892,1674,1
59362,1396,1144,1674,0
59362,1307,1225,1674,0
59362,455,840,1674,0
59362,1678,1259,1702,1
59362,502,880,1702,0
59362,1377,1128,1702,0
59362,1382,1255,1702,0
59362,524,889,1654,1
59362,1668,1278,1654,0
59362,532,905,1654,0
59362,1313,1109,1654,0
59362,1392,1250,1703,1
59363,523,886,1703,0
59363,1715,1300,1703,0
59363,522,911,1703,0
59363,1406,1158,1676,1
59363,1357,1257,1676,0
59363,443,850,1676,0
59363,1670,1260,1676,0
59363,567,913,1675,1
59363,1395,1154,1675,0
59363,1376,1265,1675,0
59363,471,868,1675,0
59363,1748,1308,1709,1
59363,480,894,1709,0
59363,1364,1129,1709,0
59363,1334,1231,1709,0
59363,441,836,1659,1
59364,1622,1229,1659,0
59364,555,892,1659,0
59364,1325,1108,1659,0
59364,1426,1267,1707,1
59364,494,880,1707,0
59364,1637,1258,1707,0
59364,573,915,1707,0
59364,1372,1143,1676,1
59364,1396,1269,1676,0
59364,448,858,1676,0
59364,1674,1266,1676,0
59364,572,919,1675,1
59364,1350,1134,1675,0
59364,1454,1294,1675,0
59364,519,906,1675,0
59364,1661,1283,1706,1
59365,520,901,1706,0
59365,1333,1117,1706,0
59365,1386,1251,1706,0
59365,489,870,1659,1
59365,1734,1302,1659,0
59365,529,915,1659,0
59365,1406,1160,1659,0
59365,1403,1281,1709,1
59365,501,891,1709,0
59365,1728,1309,1709,0
59365,541,925,1709,0
59365,1388,1156,1683,1
59365,1415,1285,1683,0
59365,462,873,1683,0
59365,1729,1301,1683,0
59365,522,911,1685,1
59366,1347,1129,1685,0
59366,1432,1280,1685,0
59366,481,880,1685,0
59366,1661,1270,1714,1
59366,598,934,1714,0
59366,1377,1155,1714,0
59366,1424,1289,1714,0
59366,503,896,1670,1
59366,1756,1326,1670,0
59366,496,911,1670,0
59366,1341,1126,1670,0
59366,1426,1276,1720,1
59366,515,895,1720,0
59366,1716,1305,1720,0
59366,544,924,1720,0
59366,1343,1133,1692,1
59367,1478,1305,1692,0
59367,540,922,1692,0
59367,1653,1287,1692,0
59367,605,946,1694,1
59367,1450,1198,1694,0
59367,1407,1302,1694,0
59367,529,915,1694,0
59367,1745,1330,1729,1
59367,588,959,1729,0
59367,1470,1214,1729,0
59367,1401,1307,1729,0
59367,517,912,1683,1
59367,1757,1334,1683,0
59367,540,937,1683,0
59367,1468,1202,1683,0
59367,1401,1301,1739,1
59368,509,905,1739,0
59368,1793,1349,1739,0
59368,497,923,1739,0
59368,1417,1170,1714,1
59368,1387,1278,1714,0
59368,570,924,1714,0
59368,1716,1320,1714,0
59368,491,905,1717,1
59368,1354,1129,1717,0
59368,1441,1285,1717,0
59368,514,899,1717,0
59368,1784,1341,1751,1
59368,502,921,1751,0
59368,1411,1166,1751,0
59368,1392,1279,1751,0
59368,538,908,1704,1
59369,1744,1326,1704,0
59369,544,935,1704,0
59369,1383,1159,1704,0
59369,1446,1302,1757,1
59369,542,922,1757,0
59369,1824,1373,1757,0
59369,514,943,1757,0
59369,1449,1196,1730,1
59369,1383,1289,1730,0
59369,616,952,1730,0
59369,1742,1347,1730,0
59369,511,929,1732,1
59369,1437,1183,1732,0
59369,1402,1292,1732,0
59369,568,930,1732,0
59369,1716,1323,1763,1
59370,529,926,1763,0
59370,1419,1172,1763,0
59370,1453,1312,1763,0
59370,606,959,1720,1
59370,1722,1340,1720,0
59370,488,914,1720,0
59370,1360,1137,1720,0
59370,1425,1281,1767,1
59370,538,909,1767,0
59370,1761,1335,1767,0
59370,506,920,1767,0
59370,1457,1188,1740,1
59370,1327,1257,1740,0
59370,568,912,1740,0
59370,1722,1317,1740,0
59370,514,915,1739,1
59371,1465,1190,1739,0
59371,1344,1267,1739,0
59371,586,926,1739,0
59371,1763,1344,1771,1
59371,465,904,1771,0
59371,1427,1165,1771,0
59371,1426,1295,1771,0
59371,578,936,1722,1
59371,1767,1351,1722,0
59371,459,905,1722,0
59371,1426,1165,1722,0
59371,1382,1273,1769,1
59371,541,907,1769,0
59371,1772,1339,1769,0
59371,500,919,1769,0
59371,1428,1173,1738,1
59372,1378,1275,1738,0
59372,573,924,1738,0
59372,1696,1310,1738,0
59372,499,904,1734,1
59372,1429,1166,1734,0
59372,1443,1304,1734,0
59372,634,969,1734,0
59372,1719,1344,1768,1
59372,501,922,1768,0
59372,1388,1155,1768,0
59372,1410,1282,1768,0
59372,571,926,1718,1
59372,1745,1335,1718,0
59372,532,933,1718,0
59372,1453,1193,1718,0
59372,1398,1295,1768,1
59373,589,942,1768,0
59373,1739,1340,1768,0
59373,521,930,1768,0
59373,1498,1214,1741,1
59373,1404,1309,1741,0
59373,581,945,1741,0
59373,1794,1369,1741,0
59373,483,926,1738,1
59373,1444,1185,1738,0
59373,1420,1302,1738,0
59373,560,931,1738,0
59373,1811,1371,1773,1
59373,499,935,1773,0
59373,1461,1198,1773,0
59373,1402,1300,1773,0
59373,583,941,1724,1
59374,1762,1351,1724,0
59374,514,932,1724,0
59374,1439,1185,1724,0
59374,1473,1329,1774,1
59374,544,936,1774,0
59374,1847,1391,1774,0
59374,549,970,1774,0
59374,1458,1214,1751,1
59374,1396,1305,1751,0
59374,552,928,1751,0
59374,1738,1333,1751,0
59374,517,925,1748,1
59374,1414,1169,1748,0
59374,1454,1311,1748,0
59374,576,943,1748,0
59374,1794,1368,1785,1
59375,535,951,1785,0
59375,1448,1199,1785,0
59375,1468,1333,1785,0
59375,582,957,1738,1
59375,1811,1384,1738,0
59375,521,952,1738,0
59375,1438,1195,1738,0
59375,1449,1322,1790,1
59375,588,955,1790,0
59375,1722,1338,1790,0
59375,524,931,1790,0
59375,1379,1155,1759,1
59375,1529,1342,1759,0
59375,582,962,1759,0
59375,1742,1352,1759,0
59375,574,963,1761,1
59376,1443,1203,1761,0
59376,1499,1351,1761,0
59376,561,956,1761,0
59376,1773,1364,1799,1
59376,540,952,1799,0
59376,1402,1177,1799,0
59376,1466,1321,1799,0
59376,581,951,1749,1
59376,1765,1358,1749,0
59376,551,954,1749,0
59376,1432,1193,1749,0
59376,1432,1312,1801,1
59376,517,914,1801,0
59376,1817,1365,1801,0
59376,551,958,1801,0
59376,1452,1205,1774,1
59377,1420,1312,1774,0
59377,498,905,1774,0
59377,1833,1369,1774,0
59377,524,946,1773,1
59377,1435,1190,1773,0
59377,1474,1332,1773,0
59377,536,934,1773,0
59377,1818,1376,1807,1
59377,547,961,1807,0
59377,1392,1176,1807,0
59377,1518,1347,1807,0
59377,510,928,1756,1
59377,1802,1365,1756,0
59377,597,981,1756,0
59377,1428,1204,1756,0
59377,1504,1354,1810,1
59378,557,955,1810,0
59378,1787,1371,1810,0
59378,556,963,1810,0
59378,1404,1183,1778,1
59378,1426,1304,1778,0
59378,474,889,1778,0
59378,1771,1330,1778,0
59378,625,977,1775,1
59378,1402,1189,1775,0
59378,1512,1350,1775,0
59378,494,922,1775,0
59378,1785,1353,1809,1
59378,626,989,1809,0
59378,1480,1234,1809,0
59378,1469,1351,1809,0
59378,528,939,1761,1
59379,1808,1373,1761,0
59379,621,997,1761,0
59379,1412,1204,1761,0
59379,1521,1362,1813,1
59379,445,903,1813,0
59379,1824,1363,1813,0
59379,673,1018,1813,0
59379,1421,1219,1782,1
59379,1530,1374,1782,0
59379,495,934,1782,0
59379,1824,1379,1782,0
59379,633,1006,1790,1
59379,1378,1192,1790,0
59379,1605,1398,1790,0
59379,535,966,1790,0
59379,1828,1397,1823,1
59380,580,988,1823,0
59380,1419,1203,1823,0
59380,1546,1374,1823,0
59380,528,951,1774,1
59380,1842,1396,1774,0
59380,642,1019,1774,0
59380,1434,1226,1774,0
59380,1528,1377,1830,1
59380,469,923,1830,0
59380,1840,1381,1830,0
59380,642,1011,1830,0
59380,1425,1218,1800,1
59380,1505,1361,1800,0
59380,490,925,1800,0
59380,1792,1358,1800,0
59380,574,966,1802,1
59381,1339,1152,1802,0
59381,1549,1350,1802,0
59381,480,915,1802,0
59381,1726,1320,1830,1
59381,627,973,1830,0
59381,1317,1145,1830,0
59381,1463,1304,1830,0
59381,411,857,1775,1
59381,1733,1295,1775,0
59381,566,930,1775,0
59381,1298,1114,1775,0
59381,1396,1255,1820,1
59381,390,822,1820,0
59381,1583,1202,1820,0
59381,659,930,1820,0
59381,1243,1086,1773,1
59382,1410,1248,1773,0
59382,331,789,1773,0
59382,1630,1209,1773,0
59382,627,918,1770,1
59382,1193,1055,1770,0
59382,1375,1215,1770,0
59382,301,758,1770,0
59382,1558,1158,1782,1
59382,657,907,1782,0
59382,1111,1009,1782,0
59382,1360,1184,1782,0
59382,264,724,1721,1
59382,1433,1078,1721,0
59382,633,855,1721,0
59382,1013,934,1721,0
59382,1314,1124,1747,1
59383,242,683,1747,0
59383,1416,1049,1747,0
59383,607,828,1747,0
59383,994,911,1686,1
59383,1257,1084,1686,0
59383,206,645,1686,0
59383,1305,975,1686,0
59383,633,804,1667,1
59383,891,847,1667,0
59383,1173,1010,1667,0
59383,145,577,1667,0
59383,1227,902,1650,1
59383,614,758,1650,0
59383,838,798,1650,0
59383,1105,951,1650,0
59383,87,519,1571,1
59384,1172,845,1571,0
59384,639,742,1571,0
59384,813,777,1571,0
59384,1070,923,1578,1
59384,84,503,1578,0
59384,1115,809,1578,0
59384,547,678,1578,0
59384,709,693,1496,1
59384,940,816,1496,0
59384,47,431,1496,0
59384,933,682,1496,0
59384,520,601,1457,1
59384,534,567,1457,0
59384,922,744,1457,0
59384,45,394,1457,0
59384,908,651,1415,1
59385,595,623,1415,0
59385,544,583,1415,0
59385,823,703,1415,0
59385,82,392,1329,1
59385,821,606,1329,0
59385,539,572,1329,0
59385,463,517,1329,0
59385,807,662,1315,1
59385,78,370,1315,0
59385,721,545,1315,0
59385,510,527,1315,0
59385,398,462,1224,1
59385,744,603,1224,0
59385,99,351,1224,0
59385,715,533,1224,0
59385,451,492,1187,1
59386,352,422,1187,0
59386,656,539,1187,0
59386,112,325,1187,0
59386,648,486,1132,1
59386,439,462,1132,0
59386,341,401,1132,0
59386,614,507,1132,0
59386,75,291,1051,1
59386,589,440,1051,0
59386,404,422,1051,0
59386,243,332,1051,0
59386,660,496,1027,1
59386,112,304,1027,0
59386,572,438,1027,0
59386,386,412,1027,0
59386,270,341,944,1
59387,554,447,944,0
59387,146,296,944,0
59387,515,405,944,0
59387,416,410,911,1
59387,269,339,911,0
59387,503,421,911,0
59387,92,256,911,0
59387,472,364,857,1
59387,377,370,857,0
59387,283,326,857,0
59387,459,392,857,0
59387,133,262,796,1
59387,429,345,796,0
59387,413,379,796,0
59387,300,339,796,0
59387,440,389,776,1
59388,82,235,776,0
59388,388,311,776,0
59388,367,339,776,0
59388,235,287,706,1
59388,473,380,706,0
59388,99,239,706,0
59388,436,337,706,0
59388,303,320,685,1
59388,222,271,685,0
59388,464,367,685,0
59388,77,222,685,0
59388,367,294,647,1
59388,292,293,647,0
59388,163,228,647,0
59388,457,342,647,0
59388,46,194,608,1
59389,355,274,608,0
59389,309,291,608,0
59389,245,268,608,0
59389,390,329,593,1
59389,77,203,593,0
59389,359,281,593,0
59389,254,267,593,0
59389,183,225,545,1
59389,351,288,545,0
59389,78,183,545,0
59389,295,239,545,0
59389,244,241,533,1
59389,180,210,533,0
59389,372,291,533,0
59389,42,166,533,0
59389,318,242,503,1
59390,272,257,503,0
59390,208,232,503,0
59390,356,294,503,0
59390,52,173,479,1
59390,319,246,479,0
59390,194,220,479,0
59390,171,195,479,0
59390,365,280,472,1
59390,15,140,472,0
59390,331,235,472,0
59390,221,228,472,0
59390,205,216,440,1
59390,311,263,440,0
59390,26,144,440,0
59390,294,219,440,0
59390,249,234,435,1
59391,150,192,435,0
59391,415,303,435,0
59391,3,151,435,0
59391,336,243,418,1
59391,205,224,418,0
59391,172,198,418,0
59391,280,239,418,0
59391,89,164,401,1
59391,299,231,401,0
59391,291,261,401,0
59391,210,235,401,0
59391,371,303,403,1
59391,32,167,403,0
59391,316,241,403,0
59391,291,266,403,0
59391,196,231,382,1
59392,336,283,382,0
59392,79,181,382,0
59392,322,251,382,0
59392,274,262,385,1
59392,212,237,385,0
59392,324,280,385,0
59392,76,178,385,0
59392,329,253,374,1
59392,266,259,374,0
59392,186,222,374,0
59392,399,310,374,0
59392,26,168,366,1
59392,299,233,366,0
59392,221,227,366,0
59392,160,193,366,0
59392,426,309,372,1
59393,24,166,372,0
59393,319,242,372,0
59393,222,232,372,0
59393,240,236,357,1
59393,345,290,357,0
59393,5,145,357,0
59393,390,267,357,0
59393,181,224,364,1
59393,246,235,364,0
59393,328,281,364,0
59393,12,140,364,0
59393,385,262,365,1
59393,202,232,365,0
59393,265,248,365,0
59393,333,290,365,0
59393,67,178,359,1
59394,357,267,359,0
59394,190,228,359,0
59394,255,241,359,0
59394,327,284,368,1
59394,13,142,368,0
59394,402,272,368,0
59394,214,243,368,0
59394,236,239,361,1
59394,375,307,361,0
59394,69,188,361,0
59394,393,290,361,0
59394,207,248,370,1
59394,321,284,370,0
59394,358,321,370,0
59394,123,222,370,0
59394,417,319,376,1
59395,101,210,376,0
59395,291,250,376,0
59395,314,282,376,0
59395,92,187,368,1
59395,388,287,368,0
59395,141,214,368,0
59395,297,255,368,0
59395,315,285,382,1
59395,57,171,382,0
59395,392,281,382,0
59395,188,234,382,0
59395,379,306,375,1
59395,335,320,375,0
59395,161,240,375,0
59395,362,301,375,0
59395,141,221,380,1
59396,367,294,380,0
59396,315,304,380,0
59396,152,228,380,0
59396,402,315,387,1
59396,59,187,387,0
59396,371,279,387,0
59396,243,261,387,0
59396,159,210,380,1
59396,399,304,380,0
59396,71,187,380,0
59396,362,274,380,0
59396,311,292,391,1
59396,200,246,391,0
59396,311,278,391,0
59396,106,192,391,0
59396,388,290,385,1
59397,288,289,385,0
59397,189,239,385,0
59397,407,323,385,0
59397,29,176,389,1
59397,381,278,389,0
59397,275,276,389,0
59397,211,243,389,0
59397,317,280,394,1
59397,23,151,394,0
59397,323,237,394,0
59397,281,259,394,0
59397,228,243,385,1
59397,403,323,385,0
59397,30,176,385,0
59397,355,265,385,0
59397,249,257,395,1
59398,229,243,395,0
59398,334,288,395,0
59398,35,161,395,0
59398,391,276,391,1
59398,291,283,391,0
59398,257,270,391,0
59398,331,300,391,0
59398,10,150,391,1
59398,322,236,391,0
59398,225,230,391,0
59398,192,211,391,0
59398,395,303,397,1
59398,3,151,397,0
59398,323,237,397,0
59398,205,221,397,0
59398,206,213,382,1
59399,325,269,382,0
59399,64,166,382,0
59399,399,282,382,0
59399,194,238,391,1
59399,176,207,391,0
59399,322,264,391,0
59399,14,132,391,0
59399,315,223,384,1
59399,235,229,384,0
59399,158,193,384,0
59399,370,281,384,0
59399,13,140,379,1
59399,299,219,379,0
59399,181,200,379,0
59399,155,177,379,0
59399,296,236,382,1
59400,51,143,382,0
59400,290,216,382,0
59400,249,232,382,0
59400,164,198,366,1
59400,292,245,366,0
59400,58,151,366,0
59400,295,223,366,0
59400,246,234,370,1
59400,112,173,370,0
59400,356,264,370,0
59400,86,175,370,0
59400,322,248,364,1
59400,230,239,364,0
59400,138,188,364,0
59400,328,258,364,0
59400,28,143,356,1
59401,261,202,356,0
59401,197,199,356,0
59401,111,155,356,0
59401,342,248,359,1
59401,29,138,359,0
59401,233,185,359,0
59401,243,214,359,0
59401,123,168,343,1
59401,317,242,343,0
59401,68,155,343,0
59401,282,218,343,0
59401,191,204,346,1
59401,120,162,346,0
59401,244,203,346,0
59401,78,140,346,0
59401,216,178,334,1
59402,233,205,334,0
59402,134,169,334,0
59402,280,224,334,0
59402,55,139,325,1
59402,231,185,325,0
59402,284,234,325,0
59402,150,192,325,0
59402,309,250,329,1
59402,42,146,329,0
59402,251,198,329,0
59402,184,191,329,0
59402,150,170,314,1
59402,255,212,314,0
59402,36,124,314,0
59402,279,201,314,0
59402,178,189,317,1
59403,132,160,317,0
59403,236,198,317,0
59403,47,122,317,0
59403,285,203,308,1
59403,114,158,308,0
59403,149,153,308,0
59403,188,170,308,0
59403,101,135,298,1
59403,296,215,298,0
59403,217,216,298,0
59403,259,237,298,0
59403,276,256,305,1
59403,23,139,305,0
59403,312,225,305,0
59403,200,212,305,0
59403,308,260,299,1
59404,221,240,299,0
59404,47,143,299,0
59404,321,232,299,0
59404,175,203,302,1
59404,253,228,302,0
59404,283,255,302,0
59404,91,173,302,0
59404,396,284,303,1
59404,22,153,303,0
59404,240,196,303,0
59404,314,255,303,0
59404,148,201,294,1
59404,350,275,294,0
59404,77,176,294,0
59404,318,247,294,0
59404,240,243,302,1
59405,160,201,302,0
59405,277,239,302,0
59405,120,179,302,0
59405,328,253,295,1
59405,224,238,295,0
59405,191,214,295,0
59405,362,288,295,0
59405,10,144,300,1
59405,397,270,300,0
59405,215,242,300,0
59405,226,234,300,0
59405,352,293,306,1
59405,11,146,306,0
59405,342,244,306,0
59405,196,220,306,0
59405,196,208,304,1
59406,331,269,304,0
59406,14,134,304,0
59406,374,254,304,0
59406,218,236,316,1
59406,257,246,316,0
59406,333,289,316,0
59406,26,157,316,0
59406,392,274,317,1
59406,230,252,317,0
59406,318,285,317,0
59406,358,321,317,0
59406,11,160,325,1
59406,435,297,325,0
59406,218,257,325,0
59406,315,286,325,0
59406,365,325,341,1
59407,10,162,341,0
59407,429,295,341,0
59407,181,238,341,0
59407,253,245,343,1
59407,407,326,343,0
59407,70,198,343,0
59407,423,310,343,0
59407,165,237,364,1
59407,279,258,364,0
59407,458,358,364,0
59407,24,191,364,0
59407,410,300,371,1
59407,246,273,371,0
59407,328,300,371,0
59407,434,367,371,0
59407,31,199,376,1
59408,454,326,376,0
59408,220,273,376,0
59408,366,319,376,0
59408,408,363,398,1
59408,47,205,398,0
59408,458,331,398,0
59408,230,280,398,0
59408,327,303,396,1
59408,413,358,396,0
59408,49,203,396,0
59408,380,291,396,0
59408,232,261,408,1
59408,281,271,408,0
59408,418,344,408,0
59408,91,217,408,0
59408,410,313,415,1
59409,211,262,415,0
59409,324,293,415,0
59409,414,353,415,0
59409,53,203,416,1
59409,412,307,416,0
59409,224,265,416,0
59409,304,284,416,0
59409,389,336,431,1
59409,39,187,431,0
59409,483,335,431,0
59409,187,261,431,0
59409,322,291,426,1
59409,355,323,426,0
59409,49,186,426,0
59409,397,291,426,0
59409,235,263,434,1
59410,312,287,434,0
59410,373,330,434,0
59410,55,192,434,0
59410,391,291,439,1
59410,196,243,439,0
59410,218,230,439,0
59410,409,319,439,0
59410,76,197,432,1
59410,412,304,432,0
59410,143,223,432,0
59410,259,241,432,0
59410,342,291,441,1
59410,6,145,441,0
59410,413,279,441,0
59410,166,222,441,0
59410,307,264,429,1
59411,318,291,429,0
59411,12,145,429,0
59411,426,285,429,0
59411,112,198,432,1
59411,208,203,432,0
59411,367,285,432,0
59411,89,187,432,0
59411,344,265,430,1
59411,232,248,430,0
59411,265,256,430,0
59411,404,330,430,0
59411,75,202,420,1
59411,363,282,420,0
59411,155,218,420,0
59411,248,233,420,0
59411,315,274,424,1
59412,71,172,424,0
59412,350,261,424,0
59412,130,195,424,0
59412,218,206,405,1
59412,349,277,405,0
59412,34,155,405,0
59412,365,260,405,0
59412,127,193,404,1
59412,251,222,404,0
59412,307,264,404,0
59412,40,152,404,0
59412,310,231,400,1
59412,135,183,400,0
59412,232,207,400,0
59412,291,249,400,0
59412,56,152,385,1
59413,354,253,385,0
59413,122,187,385,0
59413,288,237,385,0
59413,247,242,389,1
59413,17,121,389,0
59413,299,210,389,0
59413,162,186,389,0
59413,272,229,373,1
59413,235,232,373,0
59413,37,134,373,0
59413,330,232,373,0
59413,127,179,367,1
59413,271,225,367,0
59413,288,256,367,0
59413,79,167,367,0
59413,266,216,364,1
59414,123,169,364,0
59414,204,186,364,0
59414,283,234,364,0
59414,50,142,349,1
59414,243,192,349,0
59414,147,169,349,0
59414,231,200,349,0
59414,263,231,351,1
59414,17,115,351,0
59414,274,194,351,0
59414,104,149,351,0
59414,142,145,334,1
59414,324,234,334,0
59414,6,117,334,0
59414,261,189,334,0
59414,117,153,331,1
59415,157,155,331,0
59415,271,213,331,0
59415,10,106,331,0
59415,277,191,327,1
59415,123,157,327,0
59415,162,159,327,0
59415,269,214,327,0
59415,34,124,314,1
59415,259,191,314,0
59415,174,182,314,0
59415,133,157,314,0
59415,335,246,316,1
59415,26,136,316,0
59415,213,174,316,0
59415,131,152,316,0
59415,106,129,299,1
59416,250,189,299,0
59416,27,108,299,0
59416,156,132,299,0
59416,218,175,297,1
59416,164,169,297,0
59416,204,186,297,0
59416,65,125,297,0
59416,204,164,289,1
59416,218,191,289,0
59416,123,157,289,0
59416,233,195,289,0
59416,45,120,278,1
59416,166,143,278,0
59416,186,164,278,0
59416,92,128,278,0
59416,245,186,280,1
59417,139,162,280,0
59417,240,201,280,0
59417,130,165,280,0
59417,103,134,266,1
59417,239,186,266,0
59417,151,168,266,0
59417,237,202,266,0
59417,182,192,267,1
59417,75,133,267,0
59417,217,175,267,0
59417,88,131,267,0
59417,163,147,260,1
59417,220,183,260,0
59417,23,103,260,0
59417,180,141,260,0
59417,71,106,251,1
59418,49,77,251,0
59418,207,142,251,0
59418,28,85,251,0
59418,181,133,248,1
59418,119,126,248,0
59418,136,131,248,0
59418,194,162,248,0
59418,23,92,236,1
59418,150,121,236,0
59418,187,154,236,0
59418,122,138,236,0
59418,194,166,239,1
59418,21,93,239,0
59418,147,120,239,0
59418,133,126,239,0
59418,152,139,229,1
59419,161,150,229,0
59419,30,90,229,0
59419,217,153,229,0
59419,142,147,224,1
59419,99,123,224,0
59419,254,188,224,0
59419,29,108,224,0
59419,244,176,227,1
59419,53,114,227,0
59419,72,93,227,0
59419,206,149,227,0
59419,27,88,213,1
59419,172,130,213,0
59419,98,114,213,0
59419,72,93,213,0
59419,195,144,218,1
59420,11,72,218,0
59420,145,108,218,0
59420,82,95,218,0
59420,32,63,206,1
59420,185,124,206,0
59420,35,79,206,0
59420,148,113,206,0
59420,207,160,207,1
59420,77,118,207,0
59420,231,174,207,0
59420,35,104,207,0
59420,186,145,206,1
59420,196,170,206,0
59420,124,147,206,0
59420,237,192,206,0
59420,38,115,203,1
59421,194,154,203,0
59421,76,115,203,0
59421,75,95,203,0
59421,206,150,207,1
59421,40,95,207,0
59421,194,144,207,0
59421,164,154,207,0
59421,180,167,199,1
59421,206,186,199,0
59421,19,93,199,0
59421,186,139,199,0
59421,193,166,204,1
59421,85,125,204,0
59421,273,199,204,0
59421,18,99,204,0
59421,207,153,206,1
59422,132,142,206,0
59422,89,115,206,0
59422,315,215,206,0
59422,34,124,208,1
59422,213,168,208,0
59422,191,179,208,0
59422,147,163,208,0
59422,225,194,217,1
59422,70,132,217,0
59422,301,216,217,0
59422,169,192,217,0
59422,173,182,216,1
59422,307,244,216,0
59422,7,122,216,0
59422,225,173,216,0
59422,282,227,228,1
59423,240,233,228,0
59423,280,256,228,0
59423,10,128,228,0
59423,245,186,233,1
59423,217,201,233,0
59423,165,183,233,0
59423,297,240,233,0
59423,32,136,233,1
59423,333,234,233,0
59423,183,208,233,0
59423,104,156,233,0
59423,277,216,248,1
59423,62,139,248,0
59423,308,223,248,0
59423,203,213,248,0
59423,193,203,250,1
59424,277,240,250,0
59424,38,139,250,0
59424,313,226,250,0
59424,223,224,266,1
59424,173,198,266,0
59424,303,250,266,0
59424,1,125,266,0
59424,266,195,272,1
59424,192,193,272,0
59424,139,166,272,0
59424,296,231,272,0
59424,55,143,273,1
59424,267,205,273,0
59424,294,249,273,0
59424,155,202,273,0
59424,297,249,285,1
59425,87,168,285,0
59425,308,238,285,0
59425,196,217,285,0
59425,123,170,286,1
59425,314,242,286,0
59425,20,131,286,0
59425,314,222,286,0
59425,195,208,296,1
59425,183,195,296,0
59425,248,221,296,0
59425,71,146,296,0
59425,373,259,302,1
59425,165,212,302,0
59425,104,158,302,0
59425,289,223,302,0
59425,14,111,300,1
59426,270,190,300,0
59426,189,189,300,0
59426,137,163,300,0
59426,346,254,311,1
59426,0,127,311,0
59426,295,211,311,0
59426,188,199,311,0
59426,139,169,306,1
59426,278,223,306,0
59426,62,142,306,0
59426,267,204,306,0
59426,199,201,312,1
59426,193,197,312,0
59426,293,245,312,0
59426,26,135,312,0
59426,249,192,309,1
59427,195,193,309,0
59427,196,194,309,0
59427,237,215,309,0
59427,90,152,305,1
59427,312,232,305,0
59427,244,238,305,0
59427,209,223,305,0
59427,311,267,315,1
59427,54,160,315,0
59427,327,243,315,0
59427,206,224,315,0
59427,176,200,308,1
59427,337,268,308,0
59427,45,156,308,0
59427,323,239,308,0
59427,228,233,316,1
59428,176,204,316,0
59428,310,257,316,0
59428,28,142,316,0
59428,331,236,316,1
59428,192,214,316,0
59428,234,224,316,0
59428,345,284,316,0
59428,9,142,315,1
59428,356,249,315,0
59428,183,216,315,0
59428,256,236,315,0
59428,342,289,328,1
59428,53,171,328,0
59428,330,250,328,0
59428,148,199,328,0
59428,249,224,319,1
59429,344,284,319,0
59429,25,154,319,0
59429,400,277,319,0
59429,175,226,330,1
59429,256,241,330,0
59429,419,330,330,0
59429,72,201,330,0
59429,408,304,337,1
59429,141,222,337,0
59429,257,239,337,0
59429,369,304,337,0
59429,49,176,333,1
59429,393,284,333,0
59429,175,229,333,0
59429,298,263,333,0
59429,380,321,351,1
59430,89,205,351,0
59430,459,332,351,0
59430,158,245,351,0
59430,288,266,349,1
59430,387,326,349,0
59430,73,199,349,0
59430,464,331,349,0
59430,208,269,363,1
59430,330,299,363,0
59430,377,338,363,0
59430,21,179,363,0
59430,512,345,377,1
59430,228,286,377,0
59430,340,313,377,0
59430,410,361,377,0
59430,48,204,380,1
59431,487,345,380,0
59431,147,246,380,0
59431,327,286,380,0
59431,393,339,401,1
59431,101,220,401,0
59431,474,347,401,0
59431,205,276,401,0
59431,356,316,400,1
59431,410,363,400,0
59431,61,212,400,0
59431,439,325,400,0
59431,209,267,412,1
59431,308,287,412,0
59431,452,369,412,0
59431,114,241,412,0
59431,468,354,423,1
59432,156,255,423,0
59432,364,309,423,0
59432,466,387,423,0
59432,182,284,425,1
59432,475,379,425,0
59432,183,281,425,0
59432,405,343,425,0
59432,356,349,444,1
59432,76,212,444,0
59432,487,349,444,0
59432,177,263,444,0
59432,371,317,441,1
59432,379,348,441,0
59432,99,223,441,0
59432,506,364,441,0
59432,142,253,452,1
59433,317,285,452,0
59433,357,321,452,0
59433,118,219,452,0
59433,409,314,458,1
59433,213,263,458,0
59433,332,297,458,0
59433,391,344,458,0
59433,116,230,449,1
59433,394,312,449,0
59433,206,259,449,0
59433,334,296,449,0
59433,351,323,463,1
59433,73,198,463,0
59433,422,310,463,0
59433,210,260,463,0
59433,373,316,456,1
59434,338,327,456,0
59434,92,209,456,0
59434,388,298,456,0
59434,221,259,458,1
59434,370,314,458,0
59434,388,351,458,0
59434,138,244,458,0
59434,383,313,461,1
59434,173,243,461,0
59434,307,275,461,0
59434,403,339,461,0
59434,89,214,448,1
59434,384,299,448,0
59434,234,266,448,0
59434,378,322,448,0
59434,377,349,460,1
59435,119,234,460,0
59435,421,327,460,0
59435,222,274,460,0
59435,356,315,450,1
59435,377,346,450,0
59435,134,240,450,0
59435,366,303,450,0
59435,236,269,449,1
59435,403,336,449,0
59435,365,350,449,0
59435,132,241,449,0
59435,442,341,455,1
59435,106,223,455,0
59435,291,257,455,0
59435,438,347,455,0
59435,158,252,441,1
59436,463,357,441,0
59436,199,278,441,0
59436,337,307,441,0
59436,407,357,453,1
59436,113,235,453,0
59436,387,311,453,0
59436,192,251,453,0
59436,349,300,440,1
59436,384,342,440,0
59436,130,236,440,0
59436,420,328,440,0
59436,212,270,440,1
59436,337,303,440,0
59436,420,361,440,0
59436,127,244,440,0
59436,419,331,445,1
59437,187,259,445,0
59437,387,323,445,0
59437,367,345,445,0
59437,105,225,437,1
59437,435,330,437,0
59437,177,253,437,0
59437,346,299,437,0
59437,412,355,450,1
59437,89,222,450,0
59437,483,352,450,0
59437,147,249,450,0
59437,385,317,444,1
59437,386,351,444,0
59437,182,266,444,0
59437,425,345,444,0
59437,138,241,446,1
59438,370,305,446,0
59438,377,341,446,0
59438,150,245,446,0
59438,437,341,455,1
59438,177,259,455,0
59438,401,330,455,0
59438,328,329,455,0
59438,88,208,444,1
59438,440,324,444,0
59438,122,223,444,0
59438,361,292,444,0
59438,339,315,456,1
59438,100,207,456,0
59438,374,290,456,0
59438,178,234,456,0
59438,349,291,445,1
59439,422,356,445,0
59439,97,226,445,0
59439,518,372,445,0
59439,107,239,449,1
59439,364,301,449,0
59439,392,346,449,0
59439,143,244,449,0
59439,459,351,459,1
59439,138,244,459,0
59439,396,320,459,0
59439,411,365,459,0
59439,113,239,447,1
59439,466,352,447,0
59439,190,271,447,0
59439,367,319,447,0
59439,375,347,462,1
59440,145,246,462,0
59440,425,335,462,0
59440,182,258,462,0
59440,328,293,451,1
59440,415,354,451,0
59440,178,266,451,0
59440,487,376,451,0
59440,120,248,456,1
59440,366,307,456,0
59440,342,324,456,0
59440,153,238,456,0
59440,424,331,462,1
59440,144,237,462,0
59440,359,298,462,0
59440,357,327,462,0
59440,146,236,449,1
59441,498,367,449,0
59441,88,227,449,0
59441,297,262,449,0
59441,394,328,461,1
59441,158,243,461,0
59441,448,345,461,0
59441,92,218,461,0
59441,335,276,451,1
59441,348,312,451,0
59441,121,216,451,0
59441,427,321,451,0
59441,141,231,449,1
59441,328,279,449,0
59441,311,295,449,0
59441,50,172,449,0
59441,466,319,454,1
59442,142,230,454,0
59442,339,284,454,0
59442,259,271,454,0
59442,12,135,437,1
59442,451,293,437,0
59442,192,242,437,0
59442,305,273,437,0
59442,338,305,448,1
59442,84,194,448,0
59442,449,321,448,0
59442,96,208,448,0
59442,356,282,440,1
59442,259,270,440,0
59442,167,218,440,0
59442,344,281,440,0
59442,91,186,437,1
59443,283,234,437,0
59443,356,295,437,0
59443,175,235,437,0
59443,410,322,439,1
59443,111,216,439,0
59443,298,257,439,0
59443,257,257,439,0
59443,96,176,420,1
59443,380,278,420,0
59443,95,186,420,0
59443,264,225,420,0
59443,280,252,424,1
59443,124,188,424,0
59443,330,259,424,0
59443,124,191,424,0
59443,250,220,407,1
59444,277,248,407,0
59444,75,161,407,0
59444,360,260,407,0
59444,134,197,403,1
59444,278,237,403,0
59444,233,235,403,0
59444,122,178,403,0
59444,261,219,397,1
59444,90,154,397,0
59444,259,206,397,0
59444,202,204,397,0
59444,74,139,377,1
59444,335,237,377,0
59444,69,153,377,0
59444,232,192,377,0
59444,193,192,378,1
59445,107,149,378,0
59445,218,183,378,0
59445,94,138,378,0
59445,210,174,358,1
59445,253,213,358,0
59445,162,187,358,0
59445,248,217,358,0
59445,69,143,350,1
59445,191,167,350,0
59445,230,198,350,0
59445,107,152,350,0
59445,222,187,344,1
59445,60,123,344,0
59445,219,171,344,0
59445,205,188,344,0
59445,129,158,325,1
59446,205,181,325,0
59446,108,144,325,0
59446,234,189,325,0
59446,233,211,328,1
59446,82,146,328,0
59446,245,195,328,0
59446,113,154,328,0
59446,181,167,310,1
59446,224,195,310,0
59446,60,127,310,0
59446,210,168,310,0
59446,74,121,298,1
59446,189,155,298,0
59446,159,157,298,0
59446,15,78,298,0
59446,236,157,295,1
59447,94,125,295,0
59447,214,169,295,0
59447,203,186,295,0
59447,67,126,276,1
59447,167,146,276,0
59447,103,124,276,0
59447,172,148,276,0
59447,146,147,275,1
59447,47,97,275,0
59447,143,120,275,0
59447,84,102,275,0
59447,141,121,257,1
59447,165,143,257,0
59447,61,102,257,0
59447,211,156,257,0
59447,117,136,251,1
59448,181,158,251,0
59448,163,160,251,0
59448,22,91,251,0
59448,204,147,246,1
59448,93,120,246,0
59448,151,135,246,0
59448,188,161,246,0
59448,3,80,233,1
59448,184,132,233,0
59448,73,102,233,0
59448,148,125,233,0
59448,146,135,234,1
59448,23,79,234,0
59448,209,144,234,0
59448,151,147,234,0
59448,160,153,224,1
59449,187,170,224,0
59449,25,97,224,0
59449,234,165,224,0
59449,107,136,224,1
59449,177,156,224,0
59449,226,191,224,0
59449,17,95,224,0
59449,277,186,226,1
59449,114,150,226,0
59449,122,136,226,0
59449,216,176,226,0
59449,11,88,218,1
59449,190,139,218,0
59449,215,177,218,0
59449,212,194,218,0
59449,223,208,226,1
59450,18,104,226,0
59450,183,143,226,0
59450,160,151,226,0
59450,114,132,216,1
59450,199,165,216,0
59450,8,82,216,0
59450,239,160,216,0
59450,138,149,218,1
59450,193,171,218,0
59450,234,202,218,0
59450,19,101,218,0
59450,218,159,221,1
59450,178,168,221,0
59450,103,135,221,0
59450,295,215,221,0
59450,24,119,219,1
59451,204,161,219,0
59451,135,148,219,0
59451,118,133,219,0
59451,238,185,225,1
59451,72,128,225,0
59451,254,191,225,0
59451,165,178,225,0
59451,120,149,223,1
59451,228,188,223,0
59451,10,94,223,0
59451,218,156,223,0
59451,169,162,231,1
59451,152,157,231,0
59451,202,179,231,0
59451,47,113,231,0
59451,145,129,231,1
59452,185,157,231,0
59452,97,127,231,0
59452,254,190,231,0
59452,41,115,229,1
59452,234,174,229,0
59452,214,194,229,0
59452,147,170,229,0
59452,237,203,240,1
59452,38,120,240,0
59452,263,191,240,0
59452,151,171,240,0
59452,108,139,239,1
59452,281,210,239,0
59452,48,129,239,0
59452,182,155,239,0
59452,151,153,244,1
59453,96,124,244,0
59453,265,194,244,0
59453,49,121,244,0
59453,216,168,245,1
59453,181,174,245,0
59453,129,151,245,0
59453,248,199,245,0
59453,11,99,240,1
59453,250,174,240,0
59453,113,143,240,0
59453,108,125,240,0
59453,243,184,248,1
59453,50,117,248,0
59453,187,152,248,0
59453,150,151,248,0
59453,74,112,238,1
59454,248,180,238,0
59454,46,113,238,0
59454,160,136,238,0
59454,198,167,243,1
59454,119,143,243,0
59454,247,195,243,0
59454,4,97,243,0
59454,219,158,244,1
59454,148,153,244,0
59454,99,126,244,0
59454,198,162,244,0
59454,52,107,238,1
59454,174,140,238,0
59454,135,137,238,0
59454,106,121,238,0
59454,138,129,237,1
59455,16,64,237,0
59455,168,116,237,0
59455,108,112,237,0
59455,85,98,228,1
59455,236,167,228,0
59455,14,83,228,0
59455,207,145,228,0
59455,140,142,231,1
59455,110,126,231,0
59455,172,149,231,0
59455,7,74,231,0
59455,200,137,227,1
59455,133,135,227,0
59455,184,159,227,0
59455,101,130,227,0
59455,0,65,223,1
59456,164,114,223,0
59456,98,106,223,0
59456,87,96,223,0
59456,194,145,224,1
59456,12,72,224,0
59456,202,137,224,0
59456,120,128,224,0
59456,109,118,214,1
59456,167,142,214,0
59456,38,90,214,0
59456,197,143,214,0
59456,160,151,215,1
59456,177,164,215,0
59456,147,155,215,0
59456,26,90,215,0
59456,178,134,211,1
59457,122,128,211,0
59457,97,112,211,0
59457,163,137,211,0
59457,69,103,204,1
59457,188,145,204,0
59457,114,129,204,0
59457,116,122,204,0
59457,125,123,204,1
59457,72,97,204,0
59457,180,138,204,0
59457,53,95,204,0
59457,104,99,194,1
59457,166,132,194,0
59457,51,91,194,0
59457,221,156,194,0
59457,100,128,198,1
59458,92,110,198,0
59458,142,126,198,0
59458,61,93,198,0
59458,198,145,193,1
59458,146,145,193,0
59458,145,145,193,0
59458,166,155,193,0
59458,44,99,188,1
59458,133,116,188,0
59458,95,105,188,0
59458,80,92,188,0
59458,165,128,189,1
59458,11,64,189,0
59458,198,131,189,0
59458,118,124,189,0
59458,107,115,186,1
59459,182,148,186,0
59459,68,108,186,0
59459,181,144,186,0
59459,105,124,190,1
59459,86,105,190,0
59459,185,145,190,0
59459,36,90,190,0
59459,175,132,186,1
59459,108,120,186,0
59459,185,152,186,0
59459,167,159,186,0
59459,73,116,184,1
59459,193,154,184,0
59459,122,138,184,0
59459,125,131,184,0
59459,154,142,190,1
59460,69,105,190,0
59460,146,125,190,0
59460,74,99,190,0
59460,122,110,184,1
59460,116,113,184,0
59460,62,87,184,0
59460,209,148,184,0
59460,64,106,184,1
59460,144,125,184,0
59460,126,125,184,0
59460,74,99,184,0
59460,152,125,182,1
59460,56,90,182,0
59460,160,125,182,0
59460,142,133,182,0
59460,90,111,177,1
59461,225,168,177,0
59461,31,99,177,0
59461,148,123,177,0
59461,177,150,185,1
59461,107,128,185,0
59461,216,172,185,0
59461,51,111,185,0
59461,118,114,182,1
59461,159,136,182,0
59461,54,95,182,0
59461,169,132,182,0
59461,84,108,184,1
59461,182,145,184,0
59461,99,122,184,0
59461,42,82,184,0
59461,214,148,186,1
59462,50,99,186,0
59462,126,112,186,0
59462,146,129,186,0
59462,56,92,182,1
59462,222,157,182,0
59462,72,114,182,0
59462,157,135,182,0
59462,135,135,187,1
59462,119,127,187,0
59462,147,137,187,0
59462,65,101,187,0
59462,154,127,186,1
59462,93,110,186,0
59462,58,84,186,0
59462,193,138,186,0
59462,42,90,185,1
59463,177,133,185,0
59463,64,98,185,0
59463,92,95,185,0
59463,197,146,186,1
59463,31,88,186,0
59463,98,93,186,0
59463,151,122,186,0
59463,66,94,181,1
59463,236,165,181,0
59463,9,82,181,0
59463,122,102,181,0
59463,83,92,183,1
59463,66,79,183,0
59463,191,135,183,0
59463,74,104,183,0
59463,157,130,180,1
59464,144,137,180,0
59464,90,113,180,0
59464,186,149,180,0
59464,35,92,182,1
59464,224,158,182,0
59464,113,135,182,0
59464,177,156,182,0
59464,151,153,187,1
59464,43,98,187,0
59464,151,124,187,0
59464,155,139,187,0
59464,145,142,184,1
59464,171,156,184,0
59464,22,89,184,0
59464,195,142,184,0
59464,101,121,188,1
59465,72,96,188,0
59465,199,147,188,0
59465,29,88,188,0
59465,192,140,185,1
59465,69,104,185,0
59465,121,112,185,0
59465,149,130,185,0
59465,11,65,182,1
59465,179,122,182,0
59465,68,95,182,0
59465,99,97,182,0
59465,191,144,185,1
59465,72,108,185,0
59465,255,181,185,0
59465,52,116,185,0
59465,85,100,181,1
59466,171,135,181,0
59466,13,67,181,0
59466,155,111,181,0
59466,106,108,185,1
59466,110,109,185,0
59466,172,140,185,0
59466,3,70,185,0
59466,186,128,183,1
59466,85,106,183,0
59466,149,127,183,0
59466,214,170,183,0
59466,11,85,183,1
59466,182,133,183,0
59466,81,107,183,0
59466,63,85,183,0
59466,194,139,188,1
59467,44,91,188,0
59467,242,166,188,0
59467,125,145,188,0
59467,163,154,186,1
59467,215,184,186,0
59467,3,92,186,0
59467,197,144,186,0
59467,51,97,193,1
59467,142,119,193,0
59467,173,146,193,0
59467,5,73,193,0
59467,261,167,196,1
59467,85,126,196,0
59467,158,142,196,0
59467,182,162,196,0
59467,0,81,194,1
59468,152,116,194,0
59468,130,123,194,0
59468,159,141,194,0
59468,178,159,199,1
59468,17,79,199,0
59468,219,149,199,0
59468,33,91,199,0
59468,167,129,193,1
59468,87,108,193,0
59468,31,69,193,0
59468,157,113,193,0
59468,107,110,192,1
59468,153,131,192,0
59468,176,153,192,0
59468,83,118,192,0
59468,170,144,193,1
59469,53,98,193,0
59469,164,131,193,0
59469,159,145,193,0
59469,9,72,189,1
59469,221,146,189,0
59469,139,142,189,0
59469,205,173,189,0
59469,127,150,198,1
59469,18,75,198,0
59469,195,135,198,0
59469,71,103,198,0
59469,103,103,193,1
59469,200,151,193,0
59469,43,97,193,0
59469,168,132,193,0
59469,30,81,194,1
59470,135,108,194,0
59470,172,140,194,0
59470,9,70,194,0
59470,168,119,196,1
59470,82,100,196,0
59470,192,146,196,0
59470,131,138,196,0
59470,33,85,192,1
59470,158,121,192,0
59470,94,107,192,0
59470,153,130,192,0
59470,153,141,196,1
59470,15,70,196,0
59470,177,123,196,0
59470,51,87,196,0
59470,188,137,193,1
59471,125,131,193,0
59471,33,82,193,0
59471,216,149,193,0
59471,1,74,190,1
59471,166,120,190,0
59471,144,132,190,0
59471,27,79,190,0
59471,193,136,192,1
59471,32,84,192,0
59471,97,90,192,0
59471,137,113,192,0
59471,1,56,182,1
59471,176,116,182,0
59471,40,78,182,0
59471,139,108,182,0
59471,100,104,184,1
59472,49,76,184,0
59472,171,123,184,0
59472,24,73,184,0
59472,145,109,179,1
59472,95,102,179,0
59472,38,70,179,0
59472,139,104,179,0
59472,33,68,175,1
59472,128,98,175,0
59472,105,101,175,0
59472,23,62,175,0
59472,103,82,176,1
59472,88,85,176,0
59472,68,76,176,0
59472,138,107,176,0
59472,9,53,168,1
59473,111,82,168,0
59473,106,94,168,0
59473,142,118,168,0
59473,80,99,170,1
59473,6,49,170,0
59473,151,100,170,0
59473,12,50,170,0
59473,83,66,159,1
59473,43,54,159,0
59473,11,27,159,0
59473,157,92,159,0
59473,38,65,157,1
59473,109,87,157,0
59473,118,102,157,0
59473,103,102,157,0
59473,47,74,153,1
59474,55,64,153,0
59474,86,75,153,0
59474,80,77,153,0
59474,11,38,145,1
59474,123,80,145,0
59474,51,65,145,0
59474,93,79,145,0
59474,38,58,143,1
59474,19,29,143,0
59474,132,80,143,0
59474,35,57,143,0
59474,100,78,137,1
59474,9,39,137,0
59474,63,51,137,0
59474,53,52,137,0
59474,111,81,128,1
59475,137,109,128,0
59475,18,54,128,0
59475,26,40,128,0
59475,147,93,126,1
59475,10,46,126,0
59475,61,53,126,0
59475,128,90,126,0
59475,3,45,117,1
59475,132,88,117,0
59475,82,85,117,0
59475,142,113,117,0
59475,47,80,121,1
59475,2,40,121,0
59475,87,63,121,0
59475,101,82,121,0
59475,111,96,115,1
59476,135,115,115,0
59476,66,90,115,0
59476,62,76,115,0
59476,46,61,113,1
59476,58,59,113,0
59476,65,62,113,0
59476,24,43,113,0
59476,91,67,111,1
59476,43,55,111,0
59476,138,96,111,0
59476,49,72,111,0
59476,11,36,107,1
59476,54,45,107,0
59476,50,47,107,0
59476,86,66,107,0
59476,138,102,109,1
59477,17,51,109,0
59477,166,108,109,0
59477,62,85,109,0
59477,41,63,104,1
59477,105,84,104,0
59477,30,57,104,0
59477,118,87,104,0
59477,18,43,103,1
59477,83,63,103,0
59477,84,73,103,0
59477,18,36,103,0
59477,132,84,105,1
59477,15,42,105,0
59477,146,94,105,0
59477,13,47,105,0
59477,55,51,101,1
59478,20,35,101,0
59478,44,39,101,0
59478,152,95,101,0
59478,96,95,104,1
59478,124,109,104,0
59478,56,82,104,0
59478,19,41,104,0
59478,110,75,102,1
59478,62,68,102,0
59478,41,54,102,0
59478,95,74,102,0
59478,6,37,100,1
59478,70,53,100,0
59478,141,97,100,0
59478,48,72,100,0
59478,143,107,108,1
59479,46,76,108,0
59479,173,124,108,0
59479,41,82,108,0
59479,61,71,106,1
59479,106,88,106,0
59479,13,44,106,0
59479,118,81,106,0
59479,55,68,109,1
59479,72,70,109,0
59479,159,114,109,0
59479,5,57,109,0
59479,215,136,112,1
59479,123,129,112,0
59479,120,124,112,0
59479,211,167,112,0
59479,46,106,116,1
59480,134,120,116,0
59480,80,100,116,0
59480,83,91,116,0
59480,158,124,122,1
59480,17,62,122,0
59480,170,116,122,0
59480,127,121,122,0
59480,119,120,126,1
59480,144,132,126,0
59480,53,92,126,0
59480,199,145,126,0
59480,113,129,133,1
59480,75,102,133,0
59480,167,134,133,0
59480,24,79,133,0
59480,167,123,137,1
59481,114,118,137,0
59481,132,125,137,0
59481,142,133,137,0
59481,41,87,140,1
59481,210,148,140,0
59481,116,132,140,0
59481,116,124,140,0
59481,130,127,148,1
59481,61,94,148,0
59481,192,143,148,0
59481,153,148,148,0
59481,173,160,152,1
59481,204,182,152,0
59481,17,91,152,0
59481,183,137,152,0
59481,142,139,161,1
59482,127,133,161,0
59482,207,170,161,0
59482,24,97,161,0
59482,204,150,168,1
59482,137,143,168,0
59482,128,135,168,0
59482,210,172,168,0
59482,19,86,172,1
59482,212,149,172,0
59482,114,131,172,0
59482,174,152,172,0
59482,186,169,184,1
59482,23,96,184,0
59482,239,167,184,0
59482,87,127,184,0
59482,133,130,186,1
59483,214,172,186,0
59483,13,86,186,0
59483,293,189,186,0
59483,54,121,195,1
59483,179,150,195,0
59483,187,168,195,0
59483,10,84,195,0
59483,235,159,203,1
59483,125,142,203,0
59483,200,171,203,0
59483,169,170,203,0
59483,73,121,201,1
59483,181,151,201,0
59483,85,118,201,0
59483,137,127,201,0
59483,203,165,206,1
59484,22,93,206,0
59484,192,142,206,0
59484,132,137,206,0
59484,197,167,207,1
59484,169,168,207,0
59484,78,123,207,0
59484,236,179,207,0
59484,106,142,211,1
59484,179,160,211,0
59484,227,193,211,0
59484,46,119,211,0
59484,264,191,217,1
59484,97,144,217,0
59484,194,169,217,0
59484,137,153,217,0
59484,60,106,216,1
59485,218,162,216,0
59485,80,121,216,0
59485,133,127,216,0
59485,245,186,225,1
59485,80,133,225,0
59485,235,184,225,0
59485,96,140,225,0
59485,152,146,223,1
59485,155,150,223,0
59485,19,75,223,0
59485,206,140,223,0
59485,88,114,223,1
59485,159,136,223,0
59485,166,151,223,0
59485,78,114,223,0
59485,168,141,223,1
59486,78,109,223,0
59486,144,126,223,0
59486,134,130,223,0
59486,60,95,217,1
59486,175,135,217,0
59486,91,113,217,0
59486,131,122,217,0
59486,108,115,219,1
59486,21,68,219,0
59486,178,123,219,0
59486,42,82,219,0
59486,130,106,211,1
59486,106,106,211,0
59486,22,64,211,0
59486,192,128,211,0
59486,109,118,210,1
59487,152,135,210,0
59487,191,163,210,0
59487,156,159,210,0
59487,181,170,210,1
59487,69,119,210,0
59487,160,139,210,0
59487,127,133,210,0
59487,46,89,202,1
59487,196,142,202,0
59487,52,97,202,0
59487,173,135,202,0
59487,16,67,202,1
59487,6,33,202,0
59487,176,104,202,0
59487,89,96,202,0
59487,120,108,196,1
59488,135,121,196,0
59488,62,91,196,0
59488,162,126,196,0
59488,81,103,193,1
59488,136,119,193,0
59488,124,121,193,0
59488,103,112,193,0
59488,137,124,192,1
59488,46,85,192,0
59488,101,93,192,0
59488,56,74,192,0
59488,22,48,177,1
59488,116,82,177,0
59488,89,85,177,0
59488,80,82,177,0
59488,66,74,176,1
59489,21,47,176,0
59489,109,78,176,0
59489,56,67,176,0
59489,71,69,164,1
59489,106,87,164,0
59489,78,82,164,0
59489,167,124,164,0
59489,15,62,160,1
59489,127,94,160,0
59489,61,77,160,0
59489,124,100,160,0
59489,133,116,159,1
59489,1,58,159,0
59489,163,110,159,0
59489,89,99,159,0
59489,143,121,152,1
59490,58,89,152,0
59490,36,62,152,0
59490,91,76,152,0
59490,10,38,148,1
59490,73,55,148,0
59490,74,64,148,0
59490,12,32,148,0
59490,100,66,142,1
59490,79,72,142,0
59490,100,86,142,0
59490,77,81,142,0
59490,36,58,138,1
59490,129,93,138,0
59490,96,94,138,0
59490,134,114,138,0
59490,16,57,137,1
59491,15,28,137,0
59491,82,55,137,0
59491,45,50,137,0
59491,76,63,125,1
59491,94,78,125,0
59491,35,56,125,0
59491,124,90,125,0
59491,61,75,125,1
59491,106,90,125,0
59491,55,72,125,0
59491,1,36,125,0
59491,130,83,121,1
59491,3,41,121,0
59491,30,35,121,0
59491,95,65,121,0
59491,1,32,115,1
59492,157,94,115,0
59492,53,73,115,0
59492,50,61,115,0
59492,41,51,112,1
59492,5,25,112,0
59492,128,76,112,0
59492,48,62,112,0
59492,23,42,104,1
59492,84,63,104,0
59492,64,63,104,0
59492,74,68,104,0
59492,22,45,105,1
59492,79,62,105,0
59492,152,107,105,0
59492,83,95,105,0
59492,46,70,106,1
59493,45,57,106,0
59493,14,28,106,0
59493,135,81,106,0
59493,74,77,105,1
59493,56,66,105,0
59493,21,43,105,0
59493,40,41,105,0
59493,59,50,102,1
59493,15,25,102,0
59493,72,48,102,0
59493,103,75,102,0
59493,123,99,97,1
59493,89,94,97,0
59493,76,85,97,0
59493,83,84,97,0
59493,58,71,94,1
59494,80,75,94,0
59494,43,59,94,0
59494,23,41,94,0
59494,117,79,96,1
59494,56,67,96,0
59494,9,33,96,0
59494,85,59,96,0
59494,10,29,91,1
59494,85,57,91,0
59494,24,40,91,0
59494,83,61,91,0
59494,108,84,94,1
59494,60,72,94,0
59494,57,64,94,0
59494,48,56,94,0
59494,34,45,88,1
59495,111,78,88,0
59495,28,53,88,0
59495,82,67,88,0
59495,63,65,90,1
59495,36,50,90,0
59495,141,95,90,0
59495,58,76,90,0
59495,83,79,90,1
59495,13,39,90,0
59495,131,85,90,0
59495,79,82,90,0
59495,35,58,87,1
59495,111,84,87,0
59495,106,95,87,0
59495,140,117,87,0
59495,60,88,94,1
59496,4,44,94,0
59496,73,58,94,0
59496,17,29,94,0
59496,45,37,91,1
59496,61,49,91,0
59496,4,24,91,0
59496,94,59,91,0
59496,64,61,92,1
59496,74,67,92,0
59496,126,96,92,0
59496,13,48,92,0
59496,112,80,95,1
59496,22,51,95,0
59496,27,39,95,0
59496,90,64,95,0
59496,11,32,91,1
59497,87,59,91,0
59497,84,71,91,0
59497,77,74,91,0
59497,116,95,95,1
59497,0,47,95,0
59497,80,63,95,0
59497,74,68,95,0
59497,104,86,96,1
59497,107,96,96,0
59497,54,75,96,0
59497,85,80,96,0
59497,11,40,96,1
59497,57,48,96,0
59497,120,84,96,0
59497,58,71,96,0
59497,66,68,97,1
59498,120,94,97,0
59498,93,93,97,0
59498,70,81,97,0
59498,13,40,96,1
59498,92,66,96,0
59498,78,72,96,0
59498,118,95,96,0
59498,50,72,102,1
59498,49,60,102,0
59498,111,85,102,0
59498,40,62,102,0
59498,107,84,101,1
59498,99,91,101,0
59498,87,89,101,0
59498,100,94,101,0
59498,36,65,104,1
59499,44,54,104,0
59499,97,75,104,0
59499,83,79,104,0
59499,67,73,104,1
59499,0,36,104,0
59499,47,41,104,0
59499,116,78,104,0
59499,72,75,101,1
59499,93,84,101,0
59499,20,52,101,0
59499,116,84,101,0
59499,80,82,104,1
59499,56,69,104,0
59499,95,82,104,0
59499,77,79,104,0
59499,116,97,101,1
59500,110,103,101,0
59500,48,75,101,0
59500,130,102,101,0
59500,35,68,106,1
59500,51,59,106,0
59500,116,87,106,0
59500,40,63,106,0
59500,108,85,108,1
59500,29,57,108,0
59500,119,88,108,0
59500,87,87,108,0
59500,77,82,106,1
59500,105,93,106,0
59500,30,61,106,0
59500,101,81,106,0
59500,93,87,111,1
59501,119,103,111,0
59501,118,110,111,0
59501,1,55,111,0
59501,116,85,111,1
59501,117,101,111,0
59501,60,80,111,0
59501,152,116,111,0
59501,18,58,113,1
59501,91,74,113,0
59501,127,100,113,0
59501,125,112,113,0
59501,104,108,118,1
59501,1,54,118,0
59501,89,71,118,0
59501,72,71,118,0
59501,40,55,115,1
59502,149,102,115,0
59502,2,51,115,0
59502,101,76,115,0
59502,56,66,119,1
59502,58,62,119,0
59502,155,108,119,0
59502,5,54,119,0
59502,112,83,120,1
59502,95,89,120,0
59502,54,71,120,0
59502,169,120,120,0
59502,24,72,120,1
59502,136,104,120,0
59502,51,77,120,0
59502,77,77,120,0
59502,112,94,123,1
59503,42,68,123,0
59503,162,115,123,0
59503,76,95,123,0
59503,95,95,124,1
59503,126,110,124,0
59503,33,71,124,0
59503,155,113,124,0
59503,65,89,129,1
59503,60,74,129,0
59503,122,98,129,0
59503,50,74,129,0
59503,48,61,127,1
59503,80,70,127,0
59503,63,66,127,0
59503,129,97,127,0
59503,81,89,126,1
59504,72,80,126,0
59504,87,83,126,0
59504,49,66,126,0
59504,84,75,127,1
59504,7,37,127,0
59504,90,63,127,0
59504,93,78,127,0
59504,57,67,124,1
59504,114,90,124,0
59504,2,45,124,0
59504,125,85,124,0
59504,85,85,127,1
59504,77,81,127,0
59504,115,98,127,0
59504,27,62,127,0
59504,99,80,126,1
59505,93,86,126,0
59505,38,62,126,0
59505,167,114,126,0
59505,28,71,125,1
59505,168,119,125,0
59505,47,83,125,0
59505,40,61,125,0
59505,127,94,127,1
59505,11,47,127,0
59505,159,103,127,0
59505,41,72,127,0
59505,95,83,124,1
59505,96,89,124,0
59505,34,61,124,0
59505,109,85,124,0
59505,63,74,127,1
59506,75,74,127,0
59506,81,77,127,0
59506,14,38,127,0
59506,96,67,125,1
59506,95,81,125,0
59506,102,91,125,0
59506,68,79,125,0
59506,11,39,121,1
59506,129,84,121,0
59506,55,69,121,0
59506,69,69,121,0
59506,90,79,122,1
59506,33,56,122,0
59506,120,88,122,0
59506,61,74,122,0
59506,72,73,119,1
59507,140,106,119,0
59507,61,83,119,0
59507,118,100,119,0
59507,49,74,119,1
59507,58,66,119,0
59507,112,89,119,0
59507,7,44,119,0
59507,132,88,118,1
59507,48,68,118,0
59507,14,34,118,0
59507,164,99,118,0
59507,30,64,118,1
59507,207,135,118,0
59507,39,87,118,0
59507,51,69,118,0
59507,82,75,120,1
59508,6,37,120,0
59508,113,75,120,0
59508,89,82,120,0
59508,46,64,119,1
59508,84,74,119,0
59508,14,37,119,0
59508,149,93,119,0
59508,13,46,121,1
59508,67,56,121,0
59508,85,70,121,0
59508,26,48,121,0
59508,181,114,122,1
59508,26,70,122,0
59508,99,84,122,0
59508,90,87,122,0
59508,22,54,119,1
59509,133,93,119,0
59509,47,70,119,0
59509,67,68,119,0
59509,81,74,120,1
59509,35,54,120,0
59509,112,83,120,0
59509,21,52,120,0
59509,107,79,116,1
59509,60,69,116,0
59509,30,49,116,0
59509,112,80,116,0
59509,8,40,114,1
59509,111,75,114,0
59509,50,62,114,0
59509,28,45,114,0
59509,106,75,114,1
59510,91,83,114,0
59510,121,102,114,0
59510,125,113,114,0
59510,30,71,115,1
59510,91,81,115,0
59510,41,61,115,0
59510,84,72,115,0
59510,103,87,117,1
59510,114,100,117,0
59510,75,87,117,0
59510,83,85,117,0
59510,119,102,115,1
59510,72,87,115,0
59510,10,43,115,0
59510,120,81,115,0
59510,41,61,115,1
59511,143,102,115,0
59511,70,86,115,0
59511,66,76,115,0
59511,46,61,114,1
59511,30,45,114,0
59511,44,44,114,0
59511,180,112,114,0
59511,102,107,113,1
59511,102,104,113,0
59511,31,67,113,0
59511,67,67,113,0
59511,117,92,115,1
59511,123,107,115,0
59511,138,122,115,0
59511,63,92,115,0
59511,76,84,113,1
59512,75,79,113,0
59512,24,51,113,0
59512,112,81,113,0
59512,51,66,113,1
59512,119,92,113,0
59512,57,74,113,0
59512,51,62,113,0
59512,153,107,116,1
59512,8,53,116,0
59512,136,94,116,0
59512,98,96,116,0
59512,108,102,114,1
59512,129,115,114,0
59512,27,71,114,0
59512,81,76,114,0
59512,90,83,117,1
59513,77,80,117,0
59513,145,112,117,0
59513,23,67,117,0
59513,96,81,117,1
59513,64,72,117,0
59513,57,64,117,0
59513,165,114,117,0
59513,59,86,118,1
59513,151,118,118,0
59513,41,79,118,0
59513,124,101,118,0
59513,107,104,123,1
59513,22,63,123,0
59513,86,74,123,0
59513,34,54,123,0
59513,22,38,119,1
59514,114,76,119,0
59514,2,38,119,0
59514,43,40,119,0
59514,103,71,119,1
59514,30,50,119,0
59514,145,97,119,0
59514,4,48,119,0
59514,101,74,119,1
59514,30,52,119,0
59514,67,59,119,0
59514,125,92,119,0
59514,38,65,117,1
59514,84,74,117,0
59514,76,75,117,0
59514,81,78,117,0
59514,76,77,119,1
59515,19,38,119,0
59515,65,51,119,0
59515,14,25,119,0
59515,38,31,114,1
59515,109,70,114,0
59515,17,35,114,0
59515,39,37,114,0
59515,104,70,114,1
59515,55,62,114,0
59515,85,73,114,0
59515,10,36,114,0
59515,44,40,111,1
59515,25,32,111,0
59515,5,16,111,0
59515,112,64,111,0
59515,19,32,107,1
59516,49,40,107,0
59516,42,41,107,0
59516,60,50,107,0
59516,92,71,108,1
59516,21,46,108,0
59516,42,44,108,0
59516,77,60,108,0
59516,63,61,101,1
59516,141,101,101,0
59516,6,50,101,0
59516,87,68,101,0
59516,91,79,102,1
59516,94,86,102,0
59516,90,88,102,0
59516,26,57,102,0
59516,85,71,101,1
59517,59,65,101,0
59517,60,62,101,0
59517,77,69,101,0
59517,20,44,97,1
59517,52,48,97,0
59517,19,24,97,0
59517,43,33,97,0
59517,61,47,94,1
59517,21,34,94,0
59517,75,54,94,0
59517,0,27,94,0
59517,39,33,87,1
59517,125,79,87,0
59517,21,50,87,0
59517,198,124,87,0
59517,19,62,92,1
59518,19,31,92,0
59518,124,77,92,0
59518,55,66,92,0
59518,83,74,92,1
59518,60,67,92,0
59518,20,43,92,0
59518,110,76,92,0
59518,64,70,89,1
59518,30,50,89,0
59518,67,58,89,0
59518,4,29,89,0
59518,133,81,90,1
59518,9,40,90,0
59518,84,62,90,0
59518,67,64,90,0
59518,47,55,87,1
59519,129,92,87,0
59519,2,46,87,0
59519,109,77,87,0
59519,39,58,92,1
59519,82,70,92,0
59519,90,80,92,0
59519,21,50,92,0
59519,114,82,93,1
59519,65,73,93,0
59519,101,87,93,0
59519,109,98,93,0
59519,2,49,94,1
59519,47,48,94,0
59519,60,54,94,0
59519,36,45,94,0
59519,141,93,98,1
59520,4,46,98,0
59520,133,89,98,0
59520,17,44,98,0
59520,34,39,96,1
59520,42,40,96,0
59520,26,33,96,0
59520,23,28,96,0
59520,81,54,96,1
59520,9,27,96,0
59520,98,62,96,0
59520,24,43,96,0
59520,46,44,92,1
59520,66,55,92,0
59520,115,85,92,0
59520,9,42,92,0
59520,54,48,89,1
59521,65,56,89,0
59521,107,81,89,0
59521,80,80,89,0
59521,63,71,92,1
59521,20,45,92,0
59521,50,47,92,0
59521,36,41,92,0
59521,76,58,91,1
59521,58,58,91,0
59521,12,29,91,0
59521,89,59,91,0
59521,102,80,94,1
59521,85,82,94,0
59521,53,67,94,0
59521,13,33,94,0
59521,56,44,90,1
59522,31,37,90,0
59522,3,18,90,0
59522,114,66,90,0
59522,10,33,86,1
59522,76,54,86,0
59522,10,27,86,0
59522,1,13,86,0
59522,85,49,86,1
59522,48,48,86,0
59522,77,62,86,0
59522,85,73,86,0
59522,39,56,84,1
59522,117,86,84,0
59522,24,55,84,0
59522,114,84,84,0
59522,65,74,88,1
59523,70,72,88,0
59523,17,36,88,0
59523,51,43,88,0
59523,68,55,84,1
59523,72,63,84,0
59523,73,68,84,0
59523,19,34,84,0
59523,64,49,80,1
59523,127,88,80,0
59523,41,64,80,0
59523,20,42,80,0
59523,71,56,81,1
59523,28,42,81,0
59523,46,44,81,0
59523,92,68,81,0
59523,21,44,77,1
59524,123,83,77,0
59524,1,41,77,0
59524,10,20,77,0
59524,99,59,78,1
59524,28,43,78,0
59524,54,48,78,0
59524,0,24,78,0
59524,80,52,78,1
59524,44,48,78,0
59524,12,24,78,0
59524,68,46,78,0
59524,46,46,77,1
59524,99,72,77,0
59524,34,53,77,0
59524,19,26,77,0
59524,73,49,80,1
59525,12,24,80,0
59525,93,58,80,0
59525,60,59,80,0
59525,60,59,77,1
59525,81,70,77,0
59525,6,35,77,0
59525,65,50,77,0
59525,49,49,80,1
59525,34,41,80,0
59525,64,52,80,0
59525,62,57,80,0
59525,68,62,78,1
59525,50,56,78,0
59525,13,28,78,0
59525,28,28,78,0
59525,40,34,76,1
59526,52,43,76,0
59526,88,65,76,0
59526,35,50,76,0
59526,67,58,79,1
59526,3,29,79,0
59526,67,48,79,0
59526,55,51,79,0
59526,5,25,77,1
59526,63,44,77,0
59526,34,39,77,0
59526,112,75,77,0
59526,52,63,79,1
59526,31,47,79,0
59526,96,71,79,0
59526,30,50,79,0
59526,54,52,75,1
59527,6,26,75,0
59527,32,29,75,0
59527,113,71,75,0
59527,18,35,74,1
59527,50,42,74,0
59527,29,35,74,0
59527,20,27,74,0
59527,115,71,77,1
59527,27,49,77,0
59527,57,53,77,0
59527,126,89,77,0
59527,11,44,74,1
59527,106,75,74,0
59527,0,37,74,0
59527,2,18,74,0
59527,81,49,76,1
59528,7,24,76,0
59528,58,41,76,0
59528,44,42,76,0
59528,59,50,74,1
59528,64,57,74,0
59528,12,28,74,0
59528,73,50,74,0
59528,10,25,74,1
59528,52,38,74,0
59528,70,54,74,0
59528,0,27,74,0
59528,127,77,77,1
59528,23,50,77,0
59528,5,25,77,0
59528,119,72,77,0
59528,0,36,74,1
59529,90,63,74,0
59529,16,31,74,0
59529,43,37,74,0
59529,60,48,75,1
59529,23,35,75,0
59529,139,87,75,0
59529,47,67,75,0
59529,62,64,75,1
59529,85,74,75,0
59529,9,37,75,0
59529,31,34,75,0
59529,56,45,75,1
59529,48,46,75,0
59529,28,37,75,0
59529,28,32,75,0
59529,78,55,76,1
59530,4,27,76,0
59530,24,25,76,0
59530,49,37,76,0
59530,2,18,72,1
59530,109,63,72,0
59530,63,63,72,0
59530,96,79,72,0
59530,55,67,77,1
59530,48,57,77,0
59530,60,58,77,0
59530,50,54,77,0
59530,82,68,75,1
59530,53,60,75,0
59530,48,54,75,0
59530,108,81,75,0
59530,21,51,76,1
59531,32,41,76,0
59531,47,44,76,0
59531,59,51,76,0
59531,57,54,77,1
59531,34,44,77,0
59531,60,52,77,0
59531,76,64,77,0
59531,50,57,75,1
59531,17,28,75,0
59531,57,42,75,0
59531,22,32,75,0
59531,82,57,74,1
59531,8,28,74,0
59531,77,52,74,0
59531,43,47,74,0
59531,99,73,74,1
59532,37,55,74,0
59532,45,50,74,0
59532,71,60,74,0
59532,15,30,74,1
59532,25,27,74,0
59532,55,41,74,0
59532,1,20,74,0
59532,64,42,74,1
59532,53,47,74,0
59532,78,62,74,0
59532,12,31,74,0
59532,27,29,70,1
59532,51,40,70,0
59532,25,32,70,0
59532,10,16,70,0
59532,102,59,72,1
59533,23,41,72,0
59533,126,83,72,0
59533,4,41,72,0
59533,68,54,72,1
59533,40,47,72,0
59533,74,60,72,0
59533,61,60,72,0
59533,6,30,70,1
59533,30,30,70,0
59533,50,40,70,0
59533,62,51,70,0
59533,36,43,70,1
59533,29,36,70,0
59533,2,18,70,0
59533,97,57,70,0
59533,58,57,69,1
59534,60,58,69,0
59534,37,47,69,0
59534,70,58,69,0
59534,66,62,73,1
59534,75,68,73,0
59534,88,78,73,0
59534,52,65,73,0
59534,82,73,71,1
59534,21,47,71,0
59534,22,34,71,0
59534,118,76,71,0
59534,15,38,70,1
59534,13,19,70,0
59534,53,36,70,0
59534,60,48,70,0
59534,39,43,68,1
59535,54,48,68,0
59535,46,47,68,0
59535,65,56,68,0
59535,73,64,68,1
59535,41,52,68,0
59535,67,59,68,0
59535,61,60,68,0
59535,57,58,69,1
59535,18,29,69,0
59535,88,58,69,0
59535,13,29,69,0
59535,16,14,69,1
59535,39,26,69,0
59535,18,13,69,0
59535,115,64,69,0
59535,25,44,68,1
59536,13,22,68,0
59536,27,24,68,0
59536,35,29,68,0
59536,46,37,67,1
59536,43,40,67,0
59536,67,53,67,0
59536,2,26,67,0
59536,34,30,66,1
59536,62,46,66,0
59536,6,23,66,0
59536,7,11,66,0
59536,18,5,64,1
59536,40,22,64,0
59536,17,11,64,0
59536,71,41,64,0
59536,11,20,61,1
59537,18,10,61,0
59537,12,5,61,0
59537,68,36,61,0
59537,17,18,57,1
59537,32,25,57,0
59537,53,39,57,0
59537,24,31,57,0
59537,81,56,56,1
59537,25,40,56,0
59537,17,20,56,0
59537,39,29,56,0
59537,21,25,54,1
59537,35,30,54,0
59537,80,55,54,0
59537,66,60,54,0
59537,6,30,55,1
59538,2,15,55,0
59538,28,21,55,0
59538,16,10,55,0
59538,60,35,48,1
59538,58,46,48,0
59538,58,52,48,0
59538,110,81,48,0
59538,22,51,47,1
59538,8,25,47,0
59538,26,25,47,0
59538,5,12,47,0
59538,12,6,44,1
59538,83,44,44,0
59538,87,65,44,0
59538,0,32,44,0
59538,19,16,44,1
59539,31,23,44,0
59539,6,11,44,0
59539,63,37,44,0
59539,67,52,42,1
59539,31,41,42,0
59539,6,20,42,0
59539,54,37,42,0
59539,30,33,37,1
59539,53,43,37,0
59539,11,21,37,0
59539,8,10,37,0
59539,37,23,37,1
59539,29,26,37,0
59539,60,43,37,0
59539,12,21,37,0
59539,15,10,35,1
59540,51,30,35,0
59540,24,27,35,0
59540,37,32,35,0
59540,12,16,33,1
59540,7,8,33,0
59540,7,4,33,0
59540,10,2,33,0
59540,55,28,30,1
59540,86,57,30,0
59540,63,60,30,0
59540,6,30,30,0
59540,13,15,32,1
59540,3,7,32,0
59540,46,26,32,0
59540,3,13,32,0
59540,30,21,29,1
59541,30,25,29,0
59541,35,30,29,0
59541,17,15,29,0
59541,34,24,29,1
59541,7,12,29,0
59541,37,24,29,0
59541,4,12,29,0
59541,33,22,25,1
59541,38,30,25,0
59541,6,15,25,0
59541,8,7,25,0
59541,34,20,22,1
59541,1,10,22,0
59541,23,16,22,0
59541,40,28,22,0
59541,14,14,19,1
59542,39,26,19,0
59542,4,13,19,0
59542,16,6,19,0
59542,39,22,20,1
59542,26,24,20,0
59542,2,12,20,0
59542,8,6,20,0
59542,35,20,15,1
59542,58,39,15,0
59542,5,19,15,0
59542,36,27,15,0
59542,19,13,16,1
59542,27,20,16,0
59542,43,31,16,0
59542,10,15,16,0
59542,8,7,14,1
59543,31,19,14,0
59543,42,30,14,0
59543,52,41,14,0
59543,79,60,10,1
59543,50,55,10,0
59543,27,41,10,0
59543,88,64,10,0
59543,62,63,10,1
59543,25,44,10,0
59543,66,55,10,0
59543,30,42,10,0
59543,5,21,8,1
59543,0,10,8,0
59543,47,28,8,0
59543,9,14,8,0
59543,95,54,10,1
59544,61,57,10,0
59544,1,28,10,0
59544,10,14,10,0
59544,12,7,9,1
59544,9,3,9,0
59544,24,13,9,0
59544,5,6,9,0
59544,33,19,11,1
59544,13,9,11,0
59544,18,4,11,0
59544,24,14,11,0
59544,5,7,10,1
59544,21,14,10,0
59544,13,7,10,0
59544,21,14,10,0
59544,38,26,11,1
59545,57,41,11,0
59545,56,48,11,0
59545,19,24,11,0
59545,6,12,10,1
59545,43,27,10,0
59545,16,13,10,0
59545,25,19,10,0
59545,25,22,10,1
59545,85,53,10,0
59545,44,48,10,0
59545,53,50,10,0
59545,3,25,15,1
59545,25,25,15,0
59545,7,12,15,0
59545,15,6,15,0
59545,17,3,16,1
59546,18,1,16,0
59546,50,25,16,0
59546,8,12,16,0
59546,72,42,18,1
59546,4,21,18,0
59546,0,10,18,0
59546,13,5,18,0
59546,20,12,19,1
59546,12,6,19,0
59546,43,24,19,0
59546,23,23,19,0
59546,10,11,16,1
59546,16,5,16,0
59546,79,42,16,0
59546,20,31,16,0
59546,40,35,15,1
59547,67,51,15,0
59547,5,25,15,0
59547,4,12,15,0
59547,8,6,19,1
59547,28,17,19,0
59547,24,20,19,0
59547,10,10,19,0
59547,6,5,19,1
59547,37,21,19,0
59547,7,10,19,0
59547,40,25,19,0
59547,34,29,21,1
59547,33,31,21,0
59547,8,15,21,0
59547,7,7,21,0
59547,29,18,18,1
59548,53,35,18,0
59548,15,17,18,0
59548,23,20,18,0
59548,13,10,19,1
59548,5,5,19,0
59548,36,20,19,0
59548,9,10,19,0
59548,40,25,21,1
59548,13,12,21,0
59548,15,6,21,0
59548,79,42,21,0
59548,69,55,23,1
59548,23,39,23,0
59548,27,33,23,0
59548,33,33,23,0
59548,9,16,21,1
59549,12,8,21,0
59549,25,16,21,0
59549,53,34,21,0
59549,67,50,23,1
59549,6,25,23,0
59549,13,12,23,0
59549,39,25,23,0
59549,16,12,24,1
59549,25,18,24,0
59549,0,9,24,0
59549,26,17,24,0
59549,22,19,20,1
59549,3,9,20,0
59549,17,4,20,0
59549,29,16,20,0
59549,30,23,20,1
59550,10,11,20,0
59550,28,19,20,0
59550,45,32,20,0
59550,31,31,21,1
59550,0,15,21,0
59550,56,35,21,0
59550,0,17,21,0
59550,65,41,23,1
59550,4,20,23,0
59550,8,10,23,0
59550,10,5,23,0
59550,5,2,24,1
59550,18,1,24,0
59550,73,37,24,0
59550,45,41,24,0
59550,27,34,26,1
59551,5,17,26,0
59551,4,8,26,0
59551,20,14,26,0
59551,55,34,25,1
59551,67,50,25,0
59551,65,57,25,0
59551,48,52,25,0
59551,20,36,24,1
59551,6,18,24,0
59551,33,25,24,0
59551,28,26,24,0
59551,14,13,21,1
59551,23,18,21,0
59551,26,22,21,0
59551,4,11,21,0
59551,1,5,20,1
59552,32,18,20,0
59552,74,46,20,0
59552,2,23,20,0
59552,33,28,18,1
59552,15,14,18,0
59552,37,25,18,0
59552,36,30,18,0
59552,30,30,17,1
59552,10,15,17,0
59552,12,7,17,0
59552,9,3,17,0
59552,43,23,14,1
59552,66,44,14,0
59552,18,22,14,0
59552,30,26,14,0
59552,44,35,19,1
59553,48,41,19,0
59553,22,31,19,0
59553,69,50,19,0
59553,7,25,20,1
59553,13,12,20,0
59553,53,32,20,0
59553,26,29,20,0
59553,11,14,20,1
59553,7,7,20,0
59553,20,13,20,0
59553,20,16,20,0
59553,75,45,21,1
59553,72,58,21,0
59553,3,29,21,0
59553,12,14,21,0
59553,1,7,18,1
59554,41,24,18,0
59554,24,24,18,0
59554,13,12,18,0
59554,69,40,20,1
59554,32,36,20,0
59554,58,47,20,0
59554,6,23,20,0
59554,19,11,19,1
59554,29,20,19,0
59554,23,21,19,0
59554,18,10,19,0
59554,50,30,21,1
59554,19,15,21,0
59554,92,53,21,0
59554,16,26,21,0
59554,107,66,26,1
59555,33,49,26,0
59555,20,34,26,0
59555,5,17,26,0
59555,76,46,23,1
59555,62,54,23,0
59555,53,53,23,0
59555,27,40,23,0
59555,72,56,29,1
59555,9,28,29,0
59555,25,26,29,0
59555,77,51,29,0
59555,56,53,32,1
59555,31,42,32,0
59555,22,32,32,0
59555,44,38,32,0
59555,33,35,36,1
59556,47,41,36,0
59556,14,20,36,0
59556,7,10,36,0
59556,42,26,37,1
59556,103,64,37,0
59556,89,76,37,0
59556,5,38,37,0
59556,43,40,39,1
59556,33,36,39,0
59556,63,49,39,0
59556,79,64,39,0
59556,28,46,43,1
59556,33,39,43,0
59556,40,39,43,0
59556,26,32,43,0
59556,26,29,42,1
59557,45,37,42,0
59557,46,41,42,0
59557,63,52,42,0
59557,6,26,43,1
59557,39,32,43,0
59557,82,57,43,0
59557,33,45,43,0
59557,56,50,46,1
59557,36,43,46,0
59557,15,21,46,0
59557,25,23,46,0
59557,11,11,44,1
59557,67,39,44,0
59557,51,45,44,0
59557,38,41,44,0
59557,78,59,51,1
59558,1,29,51,0
59558,73,51,51,0
59558,31,41,51,0
59558,18,20,50,1
59558,85,52,50,0
59558,18,26,50,0
59558,60,43,50,0
59558,34,38,53,1
59558,12,19,53,0
59558,70,44,53,0
59558,27,35,53,0
59558,12,17,53,1
59558,23,20,53,0
59558,34,27,53,0
59558,59,43,53,0
59558,63,53,50,1
59559,44,48,50,0
59559,2,24,50,0
59559,42,33,50,0
59559,62,47,55,1
59559,4,23,55,0
59559,48,35,55,0
59559,57,46,55,0
59559,79,62,53,1
59559,10,31,53,0
59559,43,37,53,0
59559,27,32,53,0
59559,20,26,52,1
59559,81,53,52,0
59559,43,48,52,0
59559,17,24,52,0
59559,60,42,54,1
59560,8,21,54,0
59560,1,10,54,0
59560,28,19,54,0
59560,4,9,52,1
59560,74,41,52,0
59560,19,20,52,0
59560,21,20,52,0
59560,34,27,52,1
59560,9,13,52,0
59560,91,52,52,0
59560,4,26,52,0
59560,9,13,50,1
59560,52,32,50,0
59560,48,40,50,0
59560,5,20,50,0
59560,19,10,50,1
59561,89,49,50,0
59561,13,24,50,0
59561,17,12,50,0
59561,86,49,52,1
59561,24,36,52,0
59561,60,48,52,0
59561,22,35,52,0
59561,30,32,51,1
59561,48,40,51,0
59561,26,33,51,0
59561,27,30,51,0
59561,26,28,52,1
59561,42,35,52,0
59561,66,50,52,0
59561,22,36,52,0
59561,69,52,50,1
59562,47,49,50,0
59562,55,52,50,0
59562,50,51,50,0
59562,1,25,50,1
59562,63,44,50,0
59562,49,46,50,0
59562,11,23,50,0
59562,80,51,49,1
59562,3,25,49,0
59562,69,47,49,0
59562,1,23,49,0
59562,43,33,49,1
59562,44,38,49,0
59562,47,42,49,0
59562,79,60,49,0
59562,2,30,50,1
59563,21,25,50,0
59563,43,34,50,0
59563,60,47,50,0
59563,53,50,49,1
59563,7,25,49,0
59563,10,12,49,0
59563,59,35,49,0
59563,48,41,47,1
59563,47,44,47,0
59563,47,45,47,0
59563,25,35,47,0
59563,108,71,52,1
59563,5,35,52,0
59563,61,48,52,0
59563,49,48,52,0
59563,35,41,50,1
59564,62,51,50,0
59564,29,40,50,0
59564,27,33,50,0
59564,15,16,52,1
59564,11,8,52,0
59564,46,27,52,0
59564,40,33,52,0
59564,26,29,51,1
59564,2,14,51,0
59564,53,33,51,0
59564,22,27,51,0
59564,0,13,50,1
59564,31,22,50,0
59564,19,11,50,0
59564,36,23,50,0
59564,69,46,52,1
59565,67,56,52,0
59565,56,56,52,0
59565,55,55,52,0
59565,31,43,50,1
59565,97,70,50,0
59565,33,51,50,0
59565,5,25,50,0
59565,21,23,49,1
59565,30,26,49,0
59565,75,50,49,0
59565,14,25,49,0
59565,61,43,51,1
59565,4,21,51,0
59565,49,35,51,0
59565,5,17,51,0
59565,46,31,49,1
59566,30,30,49,0
59566,50,40,49,0
59566,18,20,49,0
59566,110,65,50,1
59566,101,83,50,0
59566,121,102,50,0
59566,8,51,50,0
59566,7,25,51,1
59566,69,47,51,0
59566,13,23,51,0
59566,70,46,51,0
59566,24,35,53,1
59566,20,27,53,0
59566,54,40,53,0
59566,7,20,53,0
59566,24,22,51,1
59567,84,53,51,0
59567,9,26,51,0
59567,127,76,51,0
59567,11,38,53,1
59567,58,48,53,0
59567,3,24,53,0
59567,31,27,53,0
59567,0,13,53,1
59567,43,28,53,0
59567,49,38,53,0
59567,28,33,53,0
59567,62,47,48,1
59567,96,71,48,0
59567,56,63,48,0
59567,68,65,48,0
59567,26,45,50,1
59568,2,22,50,0
59568,11,11,50,0
59568,12,5,50,0
59568,36,20,48,1
59568,26,23,48,0
59568,12,11,48,0
59568,26,18,48,0
59568,31,24,46,1
59568,1,12,46,0
59568,63,37,46,0
59568,35,36,46,0
59568,4,18,47,1
59568,12,9,47,0
59568,30,19,47,0
59568,37,28,47,0
59568,78,53,44,1
59569,7,26,44,0
59569,10,13,44,0
59569,35,24,44,0
59569,11,12,41,1
59569,50,31,41,0
59569,50,40,41,0
59569,31,35,41,0
59569,37,36,40,1
59569,14,18,40,0
59569,64,41,40,0
59569,46,43,40,0
59569,23,33,37,1
59569,20,26,37,0
59569,8,13,37,0
59569,23,18,37,0
59569,62,40,37,1
59570,4,20,37,0
59570,24,22,37,0
59570,22,22,37,0
59570,0,11,33,1
59570,3,5,33,0
59570,19,2,33,0
59570,12,1,33,0
59570,5,0,29,1
59570,10,0,29,0
59570,30,15,29,0
59570,54,34,29,0
59570,17,17,25,1
59570,31,24,25,0
59570,19,12,25,0
59570,99,55,25,0
59570,35,45,28,1
59571,26,35,28,0
59571,34,34,28,0
59571,12,17,28,0
59571,46,31,25,1
59571,32,31,25,0
59571,26,28,25,0
59571,25,26,25,0
59571,80,53,26,1
59571,48,50,26,0
59571,60,55,26,0
59571,2,27,26,0
59571,31,29,23,1
59571,2,14,23,0
59571,22,18,23,0
59571,24,21,23,0
59571,26,23,20,1
59572,31,27,20,0
59572,2,13,20,0
59572,80,46,20,0
59572,6,23,20,1
59572,8,11,20,0
59572,12,5,20,0
59572,6,2,20,0
59572,81,41,22,1
59572,49,45,22,0
59572,2,22,22,0
59572,29,25,22,0
59572,14,12,19,1
59572,92,52,19,0
59572,26,39,19,0
59572,78,58,19,0
59572,18,29,24,1
59573,38,33,24,0
59573,103,68,24,0
59573,39,53,24,0
59573,29,41,27,1
59573,45,43,27,0
59573,26,34,27,0
59573,45,39,27,0
59573,26,32,29,1
59573,35,33,29,0
59573,2,16,29,0
59573,13,8,29,0
59573,66,37,32,1
59573,72,54,32,0
59573,33,43,32,0
59573,35,39,32,0
59573,10,19,33,1
59574,86,52,33,0
59574,36,44,33,0
59574,18,22,33,0
59574,7,11,34,1
59574,16,5,34,0
59574,41,23,34,0
59574,33,28,34,0
59574,40,34,37,1
59574,35,34,37,0
59574,49,41,37,0
59574,5,20,37,0
59574,23,21,38,1
59574,5,10,38,0
59574,8,5,38,0
59574,43,24,38,0
59574,34,29,36,1
59575,20,24,36,0
59575,54,39,36,0
59575,9,19,36,0
59575,16,9,34,1
59575,96,52,34,0
59575,36,44,34,0
59575,24,34,34,0
59575,1,17,35,1
59575,52,34,35,0
59575,14,17,35,0
59575,8,8,35,0
59575,9,4,35,1
59575,29,16,35,0
59575,58,37,35,0
59575,39,38,35,0
59575,30,34,37,1
59576,1,17,37,0
59576,31,24,37,0
59576,84,54,37,0
59576,2,27,37,1
59576,25,26,37,0
59576,3,13,37,0
59576,8,6,37,0
59576,26,16,35,1
59576,3,8,35,0
59576,1,4,35,0
59576,29,16,35,0
59576,20,18,36,1
59576,27,22,36,0
59576,37,29,36,0
59576,29,29,36,0
59576,35,32,33,1
59577,17,16,33,0
59577,0,8,33,0
59577,28,18,33,0
59577,17,9,30,1
59577,44,26,30,0
59577,25,25,30,0
59577,7,12,30,0
59577,88,50,32,1
59577,14,25,32,0
59577,43,34,32,0
59577,30,32,32,0
59577,48,40,29,1
59577,4,20,29,0
59577,33,26,29,0
59577,50,38,29,0
59577,12,19,30,1
59578,22,20,30,0
59578,19,10,30,0
59578,9,5,30,0
59578,59,32,30,1
59578,23,27,30,0
59578,12,13,30,0
59578,54,33,30,0
59578,17,16,31,1
59578,23,19,31,0
59578,6,9,31,0
59578,30,19,31,0
59578,50,34,32,1
59578,23,28,32,0
59578,63,45,32,0
59578,20,32,32,0
59578,44,38,33,1
59579,23,30,33,0
59579,81,55,33,0
59579,5,27,33,0
59579,6,13,33,1
59579,25,19,33,0
59579,65,42,33,0
59579,38,40,33,0
59579,22,31,33,1
59579,29,30,33,0
59579,30,30,33,0
59579,72,51,33,0
59579,43,47,35,1
59579,39,43,35,0
59579,15,21,35,0
59579,42,31,35,0
59579,16,15,34,1
59580,34,24,34,0
59580,36,30,34,0
59580,5,15,34,0
59580,59,37,34,1
59580,2,18,34,0
59580,43,30,34,0
59580,1,15,34,0
59580,37,26,33,1
59580,23,24,33,0
59580,16,12,33,0
59580,23,17,33,0
59580,50,33,34,1
59580,8,16,34,0
59580,68,42,34,0
59580,66,54,34,0
59580,6,27,35,1
59581,3,13,35,0
59581,25,19,35,0
59581,66,42,35,0
59581,40,41,37,1
59581,28,34,37,0
59581,10,17,37,0
59581,14,8,37,0
59581,43,25,35,1
59581,17,12,35,0
59581,19,6,35,0
59581,26,16,35,0
59581,33,24,37,1
59581,131,77,37,0
59581,6,38,37,0
59581,2,19,37,0
59581,42,30,40,1
59582,38,34,40,0
59582,18,17,40,0
59582,74,45,40,0
59582,86,65,40,1
59582,46,55,40,0
59582,14,27,40,0
59582,25,26,40,0
59582,42,34,41,1
59582,12,17,41,0
59582,78,47,41,0
59582,54,50,41,0
59582,4,25,40,1
59582,70,47,40,0
59582,14,23,40,0
59582,105,64,40,0
59582,39,51,42,1
59583,61,56,42,0
59583,17,28,42,0
59583,8,14,42,0
59583,28,21,44,1
59583,26,23,44,0
59583,97,60,44,0
59583,0,30,44,0
59583,41,35,44,1
59583,21,28,44,0
59583,4,14,44,0
59583,80,47,44,0
59583,21,34,42,1
59583,5,17,42,0
59583,35,26,42,0
59583,32,29,42,0
59583,12,14,40,1
59584,46,30,40,0
59584,58,44,40,0
59584,25,34,40,0
59584,17,17,39,1
59584,2,8,39,0
59584,110,59,39,0
59584,42,50,39,0
59584,53,51,44,1
59584,16,25,44,0
59584,18,12,44,0
59584,79,45,44,0
59584,22,33,45,1
59584,12,16,45,0
59584,3,8,45,0
59584,9,4,45,0
59584,38,21,43,1
59585,11,10,43,0
59585,78,44,43,0
59585,39,41,43,0
59585,11,20,42,1
59585,41,30,42,0
59585,32,31,42,0
59585,8,15,42,0
59585,13,7,42,1
59585,54,30,42,0
59585,31,30,42,0
59585,14,15,42,0
59585,42,28,44,1
59585,37,32,44,0
59585,86,59,44,0
59585,15,29,44,0
59585,3,14,41,1
59586,39,26,41,0
59586,34,30,41,0
59586,80,55,41,0
59586,10,27,39,1
59586,25,26,39,0
59586,41,33,39,0
59586,69,51,39,0
59586,51,51,40,1
59586,23,37,40,0
59586,16,18,40,0
59586,62,40,40,0
59586,23,31,39,1
59586,49,40,39,0
59586,22,31,39,0
59586,15,15,39,0
59586,35,25,35,1
59587,34,29,35,0
59587,4,14,35,0
59587,43,28,35,0
59587,30,29,32,1
59587,74,51,32,0
59587,27,39,32,0
59587,16,19,32,0
59587,6,9,31,1
59587,12,4,31,0
59587,72,38,31,0
59587,79,58,31,0
59587,30,44,31,1
59587,10,22,31,0
59587,14,11,31,0
59587,91,51,31,0
59587,36,43,32,1
59588,76,59,32,0
59588,38,48,32,0
59588,38,43,32,0
59588,69,56,34,1
59588,11,28,34,0
59588,28,28,34,0
59588,70,49,34,0
59588,62,55,33,1
59588,66,60,33,0
59588,48,54,33,0
59588,76,65,33,0
59588,25,45,35,1
59588,19,22,35,0
59588,89,55,35,0
59588,13,27,35,0
59588,54,40,39,1
59589,63,51,39,0
59589,7,25,39,0
59589,75,50,39,0
59589,53,51,40,1
59589,88,69,40,0
59589,54,61,40,0
59589,33,47,40,0
59589,76,61,43,1
59589,92,76,43,0
59589,48,62,43,0
59589,36,49,43,0
59589,28,38,43,1
59589,23,30,43,0
59589,12,15,43,0
59589,9,7,43,0
59589,87,47,43,1
59590,11,23,43,0
59590,63,43,43,0
59590,21,32,43,0
59590,57,44,45,1
59590,35,39,45,0
59590,9,19,45,0
59590,9,9,45,0
59590,12,4,41,1
59590,47,25,41,0
59590,34,29,41,0
59590,43,36,41,0
59590,20,28,42,1
59590,43,35,42,0
59590,39,37,42,0
59590,20,28,42,0
59590,36,32,43,1
59591,20,26,43,0
59591,1,13,43,0
59591,49,31,43,0
59591,16,15,45,1
59591,4,7,45,0
59591,43,25,45,0
59591,33,29,45,0
59591,50,39,45,1
59591,31,35,45,0
59591,5,17,45,0
59591,89,53,45,0
59591,1,26,47,1
59591,58,42,47,0
59591,74,58,47,0
59591,25,41,47,0
59591,81,61,49,1
59592,5,30,49,0
59592,70,50,49,0
59592,28,39,49,0
59592,34,36,50,1
59592,20,28,50,0
59592,1,14,50,0
59592,18,7,50,0
59592,34,20,48,1
59592,20,20,48,0
59592,60,40,48,0
59592,3,20,48,0
59592,45,32,46,1
59592,81,56,46,0
59592,43,49,46,0
59592,9,24,46,0
59592,9,12,43,1
59593,37,24,43,0
59593,62,43,43,0
59593,28,35,43,0
59593,48,41,44,1
59593,0,20,44,0
59593,69,44,44,0
59593,63,53,44,0
59593,61,57,44,1
59593,47,52,44,0
59593,61,56,44,0
59593,30,43,44,0
59593,20,31,44,1
59593,13,15,44,0
59593,37,26,44,0
59593,36,31,44,0
59593,52,41,44,1
59594,47,44,44,0
59594,15,22,44,0
59594,34,28,44,0
59594,27,27,43,1
59594,10,13,43,0
59594,55,34,43,0
59594,7,17,43,0
59594,5,8,45,1
59594,7,4,45,0
59594,15,2,45,0
59594,103,52,45,0
59594,74,63,46,1
59594,43,53,46,0
59594,10,26,46,0
59594,11,13,46,0
59594,14,6,46,1
59595,7,3,46,0
59595,54,28,46,0
59595,0,14,46,0
59595,34,24,47,1
59595,75,49,47,0
59595,57,53,47,0
59595,41,47,47,0
59595,14,23,48,1
59595,9,11,48,0
59595,53,32,48,0
59595,32,32,48,0
59595,18,16,47,1
59595,23,19,47,0
59595,27,23,47,0
59595,11,11,47,0
59595,30,20,43,1
RAW_SUMMARY id=1 requested=5600 captured=5600 unused_capacity=400 max_pcm_abs=0 max_amp=1847 raw_mean=0.4 raw_abs_mean=3051.9 raw_min=-12822 raw_max=14806 baseline=20.3
OK RAW
